user_input,emotion_label,bot_response
"Honestly, I feel fantastic today.",joy,I’m glad you’re having such a positive moment. Let yourself enjoy it without overthinking it.
I guess i’m disgusted by what happened.,disgust,Your reaction sounds strong and understandable given what you encountered. Creating some distance may help There’s no need to rush your response.
"Honestly, I feel fantastic more than usual.",joy,I’m glad you’re having such a positive moment. Let yourself enjoy it without overthinking it.
"For some reason, that is just gross this morning.",disgust,I hear how strongly you dislike it. Sometimes the best response is simply to remove yourself from the unpleasant situation.
"Right now, i’m not sure what I’m feeling lately.",neutral,That’s okay. You don’t need to label everything immediately; we can explore it together.
"For some reason, i’m so angry right now for some reason.",anger,It sounds like something really pushed your limits. You can acknowledge the anger without letting it choose your next move.
"Right now, my mind won’t stop worrying for some reason.",fear,"When worries keep looping, it can help to pause and notice what is actually happening in the present moment."
"Lately, i’m not sure what I’m feeling today.",neutral,That’s okay. You don’t need to label everything immediately; we can explore it together You can take it one moment at a time.
"Honestly, i have a bad feeling at the moment.",fear,That uneasy feeling can be unsettling. Take a slow breath and give yourself a moment to separate the feeling from the facts you know.
"Right now, i’m excited about what’s next today.",joy,That excitement can be a great source of energy. Let it carry you forward one step at a time.
"Honestly, i’m scared about tomorrow after everything that happened.",fear,"Uncertainty can make tomorrow feel much bigger than it is. For now, focus on what you can handle today."
"Right now, i want to yell for some reason.",anger,That urge can be intense. Giving yourself a pause can create room to express what’s wrong without escalating things.
"Honestly, I feel fantastic this morning.",joy,I’m glad you’re having such a positive moment. Let yourself enjoy it without overthinking it.
"Honestly, everything feels uncertain tonight.",fear,Uncertainty can make even ordinary decisions feel harder. Focus on the next clear choice rather than solving everything at once.
I guess i’m annoyed beyond words after everything that happened.,anger,That sounds like a lot of irritation building up. A short break may help you sort out what specifically crossed the line There’s no need to rush your response.
I’m proud of myself at the moment.,joy,You have every reason to pause and recognize what you accomplished.
I just want to cry lately.,sadness,Sometimes tears are simply a way of letting emotion out. You can give yourself a quiet moment.
"Lately, i’m fed up with this at the moment.",anger,It sounds like you’ve reached your limit. You deserve a moment to step back and breathe before deciding what to do next You can take it one moment at a time.
So frustrated this morning.,anger,I can understand why that would feel frustrating. A little space before responding may help you regain control.
Absolutely unpleasant at the moment.,disgust,Sounds like a seriously unpleasant experience. Give yourself a little space from it There’s no need to rush your response.
I feel really anxious about this honestly.,fear,"It sounds like this situation has your mind on high alert. Try narrowing your attention to the next small, manageable step."
"For some reason, i have a question tonight.",neutral,"Sure, go ahead. I’ll do my best to help you work through it."
"For some reason, i’m deeply uncomfortable with this.",disgust,"Your discomfort matters. You can pause, create some distance, and decide what boundary feels right."
"Honestly, today just hurts for some reason.",sadness,"I hear how painful today feels. For now, being gentle with yourself is enough."
I’m furious lately.,anger,It sounds like something really pushed your limits. You can acknowledge the anger without letting it choose your next move.
Feeling great tonight.,joy,That happiness sounds lovely. Give yourself permission to enjoy this moment.
Can we talk honestly.,neutral,That’s okay. You don’t need to label everything immediately; we can explore it together.
"For some reason, wait, that actually happened more than usual.",surprise,That sounds like quite a surprise. Give yourself a moment to take it in.
"Honestly, seriously? I’m stunned for some reason.",surprise,You sound genuinely surprised. Take a breath and give yourself time to process the new information.
I’m annoyed beyond words honestly.,anger,That sounds like a lot of irritation building up. A short break may help you sort out what specifically crossed the line.
"Right now, i’m just checking in more than usual.",neutral,I’m here with you. What would you like to talk about?
What a surprise today.,surprise,Unexpected moments can take a second to process. What part surprised you most?
I guess today feels special after everything that happened.,joy,There’s something refreshing about a day that feels special. Enjoy it at your own pace There’s no need to rush your response.
"Honestly, that was completely unexpected for some reason.",surprise,Sounds like the situation changed quickly. Take some time to process what happened.
Can we talk after everything that happened.,neutral,That’s okay. You don’t need to label everything immediately; we can explore it together.
I guess i just want to cry more than usual.,sadness,Sometimes tears are simply a way of letting emotion out. You can give yourself a quiet moment There’s no need to rush your response.
"Honestly, i’m excited about what’s next today.",joy,That excitement can be a great source of energy. Let it carry you forward one step at a time.
"Honestly, i’m proud of myself.",joy,You have every reason to pause and recognize what you accomplished.
"Honestly, today feels special at the moment.",joy,There’s something refreshing about a day that feels special. Enjoy it at your own pace.
Today just hurts this morning.,sadness,"I hear how painful today feels. For now, being gentle with yourself is enough."
"Honestly, i’m disgusted by what happened after everything that happened.",disgust,Your reaction sounds strong and understandable given what you encountered. Creating some distance may help.
I just want to cry today.,sadness,Sometimes tears are simply a way of letting emotion out. You can give yourself a quiet moment.
"Lately, i’m disgusted by what happened at the moment.",disgust,Your reaction sounds strong and understandable given what you encountered. Creating some distance may help You can take it one moment at a time.
"Right now, i can’t believe it at the moment.",surprise,That sounds like a big surprise. Let yourself absorb the moment before deciding what it means.
Feeling great today.,joy,There’s something refreshing about a day that feels special. Enjoy it at your own pace You can take it one moment at a time.
"For some reason, i have a question today.",neutral,"Sure, go ahead. I’ll do my best to help you work through it."
"For some reason, i did not see that coming more than usual.",surprise,Unexpected moments can take a second to process. What part surprised you most?
I had such a good day after everything that happened.,joy,I’m happy your day treated you well. Those ordinary good days are worth noticing.
I’m annoyed beyond words for some reason.,anger,That sounds like a lot of irritation building up. A short break may help you sort out what specifically crossed the line.
"Right now, i’m shocked by the news after everything that happened.",surprise,It makes sense to need a moment after surprising news. You don’t have to react immediately.
"Right now, i want to yell more than usual.",anger,That urge can be intense. Giving yourself a pause can create room to express what’s wrong without escalating things.
Got some amazing news after everything that happened.,joy,Wonderful news can brighten everything. What part of it feels best to you?
"Lately, i’m fed up with this this morning.",anger,It sounds like you’ve reached your limit. You deserve a moment to step back and breathe before deciding what to do next You can take it one moment at a time.
"Lately, i did not see that coming this morning.",surprise,Unexpected moments can take a second to process. What part surprised you most? You can take it one moment at a time.
Just checking in.,neutral,I’m here with you. What would you like to talk about?
"Ugh, that was nasty after everything that happened.",disgust,Sounds like a seriously unpleasant experience. Give yourself a little space from it.
Absolutely unpleasant honestly.,disgust,Your reaction sounds strong and understandable given what you encountered. Creating some distance may help.
"Right now, i’m just checking in lately.",neutral,I’m here with you. What would you like to talk about?
I’m fed up with this tonight.,anger,It sounds like you’ve reached your limit. You deserve a moment to step back and breathe before deciding what to do next.
"Lately, i did not see that coming lately.",surprise,Unexpected moments can take a second to process. What part surprised you most? You can take it one moment at a time.
This made my whole day more than usual.,joy,It sounds like that moment really lifted you. Hold onto what made it meaningful.
"For some reason, wait, that actually happened?",surprise,That sounds like quite a surprise. Give yourself a moment to take it in.
"Right now, i had such a good day honestly.",joy,I’m happy your day treated you well. Those ordinary good days are worth noticing.
"Right now, today feels special at the moment.",joy,There’s something refreshing about a day that feels special. Enjoy it at your own pace.
"Lately, that was absolutely revolting tonight.",disgust,That sounds deeply unpleasant. You don’t have to stay around something that makes you feel that uncomfortable You can take it one moment at a time.
"Honestly, i feel really anxious about this lately.",fear,"It sounds like this situation has your mind on high alert. Try narrowing your attention to the next small, manageable step."
My mind won’t stop worrying more than usual.,fear,"When worries keep looping, it can help to pause and notice what is actually happening in the present moment."
I miss how things used to be honestly.,sadness,"Missing the past can hurt, especially when it carries meaningful memories. It’s okay to acknowledge that feeling."
"Honestly, i did not see that coming this morning.",surprise,Unexpected moments can take a second to process. What part surprised you most?
"Whoa, seriously more than usual.",surprise,That definitely sounds unexpected. Sometimes a little pause helps the surprise settle.
"Honestly, i’m disgusted by what happened more than usual.",disgust,Your reaction sounds strong and understandable given what you encountered. Creating some distance may help.
"Right now, got some amazing news this morning.",joy,Wonderful news can brighten everything. What part of it feels best to you?
I guess i can’t stand the smell.,disgust,"Strong unpleasant smells can be overwhelming. If you can, move somewhere with fresher air and give yourself a reset There’s no need to rush your response."
"Honestly, i’m trying to understand myself better after everything that happened.",neutral,That sounds like a worthwhile goal. We can look at what you’ve been noticing without rushing to conclusions.
I feel lonely even around people honestly.,sadness,Feeling alone while surrounded by others can be especially painful. It may help to name what kind of connection you’re missing.
"Right now, i’m disappointed and sad honestly.",sadness,That combination can weigh heavily. It’s okay to recognize both the disappointment and the sadness.
"Lately, i can’t stand the smell tonight.",disgust,"Strong unpleasant smells can be overwhelming. If you can, move somewhere with fresher air and give yourself a reset You can take it one moment at a time."
"For some reason, that was completely unexpected.",surprise,Sounds like the situation changed quickly. Take some time to process what happened.
"Honestly, i keep thinking about what I lost this morning.",sadness,It makes sense that a loss can keep returning to your thoughts. You can acknowledge the sadness without judging yourself for it.
Feeling low.,sadness,It sounds like things feel unusually flat right now. Taking the day slowly may be kinder than demanding too much from yourself You can take it one moment at a time.
"Honestly, that really grosses me out for some reason.",disgust,It sounds like that crossed a strong comfort boundary for you. It’s okay to step away from what feels unpleasant.
I guess i’m disgusted by what happened honestly.,disgust,Your reaction sounds strong and understandable given what you encountered. Creating some distance may help There’s no need to rush your response.
"Honestly, seriously? I’m stunned.",surprise,You sound genuinely surprised. Take a breath and give yourself time to process the new information.
"For some reason, that is just gross at the moment.",disgust,I hear how strongly you dislike it. Sometimes the best response is simply to remove yourself from the unpleasant situation.
"Honestly, i’m afraid to find out for some reason.",fear,Waiting for an answer can be frightening. You can take the moment one piece at a time instead of carrying the whole uncertainty at once.
Today just hurts more than usual.,sadness,"I hear how painful today feels. For now, being gentle with yourself is enough."
"Lately, i feel really anxious about this.",fear,"It sounds like this situation has your mind on high alert. Try narrowing your attention to the next small, manageable step You can take it one moment at a time."
"For some reason, i keep thinking about what I lost this morning.",sadness,It makes sense that a loss can keep returning to your thoughts. You can acknowledge the sadness without judging yourself for it.
"For some reason, today was pretty normal more than usual.",neutral,"Sometimes a normal day is simply a normal day. What stood out, if anything?"
"Lately, that really grosses me out this morning.",disgust,It sounds like that crossed a strong comfort boundary for you. It’s okay to step away from what feels unpleasant You can take it one moment at a time.
Today feels special lately.,joy,There’s something refreshing about a day that feels special. Enjoy it at your own pace.
I guess my mind won’t stop worrying today.,fear,"When worries keep looping, it can help to pause and notice what is actually happening in the present moment There’s no need to rush your response."
I guess i’m afraid to find out for some reason.,fear,Waiting for an answer can be frightening. You can take the moment one piece at a time instead of carrying the whole uncertainty at once There’s no need to rush your response.
"Right now, that really grosses me out after everything that happened.",disgust,It sounds like that crossed a strong comfort boundary for you. It’s okay to step away from what feels unpleasant.
"Right now, i’m annoyed beyond words after everything that happened.",anger,That sounds like a lot of irritation building up. A short break may help you sort out what specifically crossed the line.
"For some reason, i never imagined this would happen for some reason.",surprise,That kind of unexpected turn can leave you searching for words. Give yourself space to take it in.
I guess i’m not sure what I’m feeling today.,neutral,That’s okay. You don’t need to label everything immediately; we can explore it together There’s no need to rush your response.
"For some reason, i’m scared about tomorrow honestly.",fear,"Uncertainty can make tomorrow feel much bigger than it is. For now, focus on what you can handle today."
Things are finally going my way honestly.,joy,It’s great to hear that things are clicking into place. Take a moment to appreciate the progress.
"Right now, i keep thinking about what I lost.",sadness,It makes sense that a loss can keep returning to your thoughts. You can acknowledge the sadness without judging yourself for it.
"For some reason, i feel sickened by this.",disgust,That reaction shows how strongly the situation affected you. Stepping back can help you regain some comfort.
I’m scared after everything that happened.,fear,"Uncertainty can make tomorrow feel much bigger than it is. For now, focus on what you can handle today."
"For some reason, i can’t believe it this morning.",surprise,That sounds like a big surprise. Let yourself absorb the moment before deciding what it means.
I guess that really grosses me out honestly.,disgust,It sounds like that crossed a strong comfort boundary for you. It’s okay to step away from what feels unpleasant There’s no need to rush your response.
"For some reason, this came out of nowhere for some reason.",surprise,Sudden changes can be startling. A little pause can help you figure out how you feel about it.
I guess i’m afraid to find out tonight.,fear,Waiting for an answer can be frightening. You can take the moment one piece at a time instead of carrying the whole uncertainty at once There’s no need to rush your response.
"Lately, i feel really anxious about this honestly.",fear,"It sounds like this situation has your mind on high alert. Try narrowing your attention to the next small, manageable step You can take it one moment at a time."
"Ugh, disgusting honestly.",disgust,"Strong unpleasant smells can be overwhelming. If you can, move somewhere with fresher air and give yourself a reset."
"Lately, i’m fed up with this honestly.",anger,It sounds like you’ve reached your limit. You deserve a moment to step back and breathe before deciding what to do next You can take it one moment at a time.
Seriously? I’m stunned.,surprise,You sound genuinely surprised. Take a breath and give yourself time to process the new information.
"Right now, i had such a good day tonight.",joy,I’m happy your day treated you well. Those ordinary good days are worth noticing.
"For some reason, i can’t believe they did that after everything that happened.",anger,It sounds like their action really crossed a boundary for you. Taking a breath before reacting could give you more options.
What a surprise this morning.,surprise,Unexpected moments can take a second to process. What part surprised you most?
"Honestly, i keep thinking about what I lost.",sadness,It makes sense that a loss can keep returning to your thoughts. You can acknowledge the sadness without judging yourself for it.
I feel lonely even around people this morning.,sadness,Feeling alone while surrounded by others can be especially painful. It may help to name what kind of connection you’re missing.
"For some reason, that really grosses me out today.",disgust,It sounds like that crossed a strong comfort boundary for you. It’s okay to step away from what feels unpleasant.
"Lately, i’m deeply uncomfortable with this honestly.",disgust,"Your discomfort matters. You can pause, create some distance, and decide what boundary feels right You can take it one moment at a time."
"Honestly, i want to yell for some reason.",anger,That urge can be intense. Giving yourself a pause can create room to express what’s wrong without escalating things.
"For some reason, i’m deeply uncomfortable with this lately.",disgust,"Your discomfort matters. You can pause, create some distance, and decide what boundary feels right."
"Lately, i’m afraid to find out today.",fear,Waiting for an answer can be frightening. You can take the moment one piece at a time instead of carrying the whole uncertainty at once You can take it one moment at a time.
"Lately, i’m disgusted by what happened for some reason.",disgust,Your reaction sounds strong and understandable given what you encountered. Creating some distance may help You can take it one moment at a time.
"Honestly, i’m not sure what I’m feeling this morning.",neutral,That’s okay. You don’t need to label everything immediately; we can explore it together.
I just want to cry after everything that happened.,sadness,Sometimes tears are simply a way of letting emotion out. You can give yourself a quiet moment.
I’m panicking a little lately.,fear,"That sounds intense. Try grounding yourself in what you can see, hear, and feel right now, one detail at a time."
"Right now, i’m deeply uncomfortable with this more than usual.",disgust,"Your discomfort matters. You can pause, create some distance, and decide what boundary feels right."
I can't stop smiling.,joy,That smile says a lot. I hope you get to soak up this good feeling.
Nothing feels exciting anymore honestly.,sadness,It sounds like things feel unusually flat right now. Taking the day slowly may be kinder than demanding too much from yourself.
Feeling low more than usual.,sadness,I’m sorry today feels heavy. You don’t have to force yourself to feel better immediately.
"For some reason, i’m panicking a little after everything that happened.",fear,"That sounds intense. Try grounding yourself in what you can see, hear, and feel right now, one detail at a time."
I hate seeing things like that for some reason.,disgust,It makes sense that something so unpleasant would bother you. You can choose some distance from it when possible.
"Lately, i’m afraid I’ll mess this up.",fear,Fear of making mistakes can put a lot of pressure on you. Remember that one imperfect moment does not define the whole experience You can take it one moment at a time.
Feeling great honestly.,joy,There’s something refreshing about a day that feels special. Enjoy it at your own pace You can take it one moment at a time.
"Honestly, I feel fantastic more than usual.",joy,I’m glad you’re having such a positive moment. Let yourself enjoy it without overthinking it.
"Lately, i hate seeing things like that this morning.",disgust,It makes sense that something so unpleasant would bother you. You can choose some distance from it when possible You can take it one moment at a time.
"Lately, today just hurts for some reason.",sadness,"I hear how painful today feels. For now, being gentle with yourself is enough You can take it one moment at a time."
"Honestly, i’m having a rough time.",sadness,I’m sorry you’re going through a rough patch. You don’t have to solve everything at once.
"Lately, i have a question today.",neutral,"Sure, go ahead. I’ll do my best to help you work through it You can take it one moment at a time."
"Right now, i keep thinking about what I lost today.",sadness,It makes sense that a loss can keep returning to your thoughts. You can acknowledge the sadness without judging yourself for it
"Lately, that really grosses me out honestly.",disgust,It sounds like that crossed a strong comfort boundary for you. It’s okay to step away from what feels unpleasant You can take it one moment at a time.
"Lately, i’m shocked by the news honestly.",surprise,It makes sense to need a moment after surprising news. You don’t have to react immediately You can take it one moment at a time.
Nothing much lately.,neutral,Taking time to think can be useful. What’s been occupying your thoughts? There’s no need to rush your response.
"Lately, i’m not sure what I’m feeling for some reason.",neutral,That’s okay. You don’t need to label everything immediately; we can explore it together You can take it one moment at a time.
"Right now, i’m afraid to find out for some reason.",fear,Waiting for an answer can be frightening. You can take the moment one piece at a time instead of carrying the whole uncertainty at once.
Just checking in at the moment.,neutral,I’m here with you. What would you like to talk about?
I feel really anxious about this at the moment.,fear,"It sounds like this situation has your mind on high alert. Try narrowing your attention to the next small, manageable step."
"For some reason, i’m annoyed beyond words tonight.",anger,That sounds like a lot of irritation building up. A short break may help you sort out what specifically crossed the line.
I have a question today.,neutral,"Sure, go ahead. I’ll do my best to help you work through it."
"Right now, that really grosses me out this morning.",disgust,It sounds like that crossed a strong comfort boundary for you. It’s okay to step away from what feels unpleasant.
Nothing feels exciting anymore more than usual.,sadness,It sounds like things feel unusually flat right now. Taking the day slowly may be kinder than demanding too much from yourself.
"For some reason, i’m panicking a little more than usual.",fear,"That sounds intense. Try grounding yourself in what you can see, hear, and feel right now, one detail at a time."
Nothing much is happening today lately.,neutral,Sounds like a fairly ordinary day. Is there anything on your mind?
"Right now, nothing feels exciting anymore lately.",sadness,It sounds like things feel unusually flat right now. Taking the day slowly may be kinder than demanding too much from yourself.
"Lately, i’m proud of myself for some reason.",joy,You have every reason to pause and recognize what you accomplished You can take it one moment at a time.
"Honestly, ugh, that was nasty more than usual.",disgust,Sounds like a seriously unpleasant experience. Give yourself a little space from it.
I’m genuinely thrilled more than usual.,joy,Wonderful news can brighten everything. What part of it feels best to you?
"Honestly, i’m disappointed and sad more than usual.",sadness,That combination can weigh heavily. It’s okay to recognize both the disappointment and the sadness.
I want to yell honestly.,anger,That urge can be intense. Giving yourself a pause can create room to express what’s wrong without escalating things.
I guess what if everything goes wrong today.,fear,That kind of what-if thinking can feel overwhelming. Gently return to what you know right now rather than every possible outcome There’s no need to rush your response.
"Right now, i miss how things used to be.",sadness,"Missing the past can hurt, especially when it carries meaningful memories. It’s okay to acknowledge that feeling."
"For some reason, wait, that actually happened at the moment.",surprise,That sounds like quite a surprise. Give yourself a moment to take it in.
"For some reason, i want to yell today.",anger,That urge can be intense. Giving yourself a pause can create room to express what’s wrong without escalating things
Nothing much for some reason.,neutral,Sounds like a fairly ordinary day. Is there anything on your mind?
"For some reason, i want to yell.",anger,That urge can be intense. Giving yourself a pause can create room to express what’s wrong without escalating things
I’m nervous about meeting them lately.,fear,It’s understandable to feel nervous before an important interaction. You can prepare for what you can control and let the rest unfold.
I’m not sure what I’m feeling honestly.,neutral,That’s okay. You don’t need to label everything immediately; we can explore it together
"Honestly, i can’t believe it!",surprise,That sounds like a big surprise. Let yourself absorb the moment before deciding what it means.
"For some reason, i’m nervous about meeting them at the moment.",fear,It’s understandable to feel nervous before an important interaction. You can prepare for what you can control and let the rest unfold.
"Right now, well, that’s new more than usual.",surprise,Something clearly caught you off guard. It’s okay to simply observe your reaction for a moment.
Did not expect that.,surprise,That definitely sounds unexpected. Sometimes a little pause helps the surprise settle.
"Honestly, i did not see that coming honestly.",surprise,Unexpected moments can take a second to process. What part surprised you most?
"Right now, i’m excited about what’s next this morning.",joy,That excitement can be a great source of energy. Let it carry you forward one step at a time.
"Honestly, i’m scared about tomorrow more than usual.",fear,"Uncertainty can make tomorrow feel much bigger than it is. For now, focus on what you can handle today."
I’m proud of myself.,joy,You have every reason to pause and recognize what you accomplished.
I guess i feel lonely even around people today.,sadness,Feeling alone while surrounded by others can be especially painful. It may help to name what kind of connection you’re missing There’s no need to rush your response.
I guess that really grosses me out at the moment.,disgust,It sounds like that crossed a strong comfort boundary for you. It’s okay to step away from what feels unpleasant There’s no need to rush your response.
"Honestly, i can’t stand the smell tonight.",disgust,"Strong unpleasant smells can be overwhelming. If you can, move somewhere with fresher air and give yourself a reset."
I can’t stand the smell for some reason.,disgust,"Strong unpleasant smells can be overwhelming. If you can, move somewhere with fresher air and give yourself a reset."
"Honestly, today was pretty normal for some reason.",neutral,"Sometimes a normal day is simply a normal day. What stood out, if anything?"
I guess why does this keep happening honestly.,anger,Repeated problems can wear down your patience. It’s understandable to feel angry when the same issue keeps returning There’s no need to rush your response.
"Lately, things are finally going my way lately.",joy,It’s great to hear that things are clicking into place. Take a moment to appreciate the progress You can take it one moment at a time.
I had such a good day honestly.,joy,I’m happy your day treated you well. Those ordinary good days are worth noticing.
I can't stop smiling today.,joy,That smile says a lot. I hope you get to soak up this good feeling.
"Right now, what if everything goes wrong at the moment.",fear,That kind of what-if thinking can feel overwhelming. Gently return to what you know right now rather than every possible outcome.
I guess i feel really anxious about this lately.,fear,"It sounds like this situation has your mind on high alert. Try narrowing your attention to the next small, manageable step There’s no need to rush your response."
I guess i have a bad feeling honestly.,fear,That uneasy feeling can be unsettling. Take a slow breath and give yourself a moment to separate the feeling from the facts you know There’s no need to rush your response.
"Honestly, got some amazing news more than usual.",joy,Wonderful news can brighten everything. What part of it feels best to you?
"Lately, i’m afraid to find out tonight.",fear,Waiting for an answer can be frightening. You can take the moment one piece at a time instead of carrying the whole uncertainty at once You can take it one moment at a time.
"For some reason, i’m afraid I’ll mess this up lately.",fear,Fear of making mistakes can put a lot of pressure on you. Remember that one imperfect moment does not define the whole experience.
"I guess wait, that actually happened tonight.",surprise,That sounds like quite a surprise. Give yourself a moment to take it in There’s no need to rush your response.
"Right now, i’m having a rough time today.",sadness,I’m sorry you’re going through a rough patch. You don’t have to solve everything at once.
"Right now, i’m proud of myself at the moment.",joy,You have every reason to pause and recognize what you accomplished.
"Right now, my mind won’t stop worrying today.",fear,"When worries keep looping, it can help to pause and notice what is actually happening in the present moment."
"Honestly, i’m not sure what I’m feeling tonight.",neutral,That’s okay. You don’t need to label everything immediately; we can explore it together
I don’t really know what to say today.,neutral,"That’s completely fine. You can start with whatever feels easiest, even if it’s just one sentence."
"Right now, i hate seeing things like that this morning.",disgust,It makes sense that something so unpleasant would bother you. You can choose some distance from it when possible.
I’m scared tonight.,fear,"When worries keep looping, it can help to pause and notice what is actually happening in the present moment You can take it one moment at a time."
"Lately, i’m so angry right now for some reason.",anger,It sounds like something really pushed your limits. You can acknowledge the anger without letting it choose your next move You can take it one moment at a time.
"For some reason, seriously? I’m stunned today.",surprise,You sound genuinely surprised. Take a breath and give yourself time to process the new information.
I’m afraid to find out for some reason.,fear,Waiting for an answer can be frightening. You can take the moment one piece at a time instead of carrying the whole uncertainty at once.
"For some reason, ugh, that was nasty tonight.",disgust,Sounds like a seriously unpleasant experience. Give yourself a little space from it.
"For some reason, this came out of nowhere this morning.",surprise,Sudden changes can be startling. A little pause can help you figure out how you feel about it.
"Honestly, i’m scared about tomorrow at the moment.",fear,"Uncertainty can make tomorrow feel much bigger than it is. For now, focus on what you can handle today"
I’m fed up with this after everything that happened.,anger,It sounds like you’ve reached your limit. You deserve a moment to step back and breathe before deciding what to do next.
"Lately, i don’t really know what to say.",neutral,"That’s completely fine. You can start with whatever feels easiest, even if it’s just one sentence You can take it one moment at a time."
"Honestly, this made my whole day honestly.",joy,It sounds like that moment really lifted you. Hold onto what made it meaningful.
"Lately, i’m disappointed and sad today.",sadness,That combination can weigh heavily. It’s okay to recognize both the disappointment and the sadness You can take it one moment at a time.
"Honestly, that was completely unexpected lately.",surprise,Sounds like the situation changed quickly. Take some time to process what happened.
"Right now, i don’t really know what to say at the moment.",neutral,"That’s completely fine. You can start with whatever feels easiest, even if it’s just one sentence."
Absolutely unpleasant tonight.,disgust,Sounds like a seriously unpleasant experience. Give yourself a little space from it There’s no need to rush your response.
"Right now, i just want to cry this morning.",sadness,Sometimes tears are simply a way of letting emotion out. You can give yourself a quiet moment.
"Honestly, i can’t believe they did that for some reason.",anger,It sounds like their action really crossed a boundary for you. Taking a breath before reacting could give you more options.
"Lately, i’m trying to understand myself better tonight.",neutral,That sounds like a worthwhile goal. We can look at what you’ve been noticing without rushing to conclusions You can take it one moment at a time.
"Lately, i’m afraid to find out at the moment.",fear,Waiting for an answer can be frightening. You can take the moment one piece at a time instead of carrying the whole uncertainty at once You can take it one moment at a time.
I guess i’m shocked by the news tonight.,surprise,It makes sense to need a moment after surprising news. You don’t have to react immediately There’s no need to rush your response.
I guess things are finally going my way tonight.,joy,It’s great to hear that things are clicking into place. Take a moment to appreciate the progress There’s no need to rush your response.
"Honestly, just thinking things over today.",neutral,Taking time to think can be useful. What’s been occupying your thoughts?
"Right now, nothing feels exciting anymore after everything that happened.",sadness,It sounds like things feel unusually flat right now. Taking the day slowly may be kinder than demanding too much from yourself.
This is seriously frustrating more than usual.,anger,I can understand why that would feel frustrating. A little space before responding may help you regain control.
"Right now, i miss how things used to be honestly.",sadness,"Missing the past can hurt, especially when it carries meaningful memories. It’s okay to acknowledge that feeling."
"Honestly, i’m excited about what’s next this morning.",joy,That excitement can be a great source of energy. Let it carry you forward one step at a time.
"For some reason, things are finally going my way at the moment.",joy,It’s great to hear that things are clicking into place. Take a moment to appreciate the progress.
"Lately, this came out of nowhere this morning.",surprise,Sudden changes can be startling. A little pause can help you figure out how you feel about it You can take it one moment at a time.
I’m afraid to find out tonight.,fear,Waiting for an answer can be frightening. You can take the moment one piece at a time instead of carrying the whole uncertainty at once.
"Honestly, i’m afraid to find out today.",fear,Waiting for an answer can be frightening. You can take the moment one piece at a time instead of carrying the whole uncertainty at once
"Honestly, this made my whole day.",joy,It sounds like that moment really lifted you. Hold onto what made it meaningful.
"Right now, this made my whole day at the moment.",joy,It sounds like that moment really lifted you. Hold onto what made it meaningful.
"Lately, this came out of nowhere at the moment.",surprise,Sudden changes can be startling. A little pause can help you figure out how you feel about it You can take it one moment at a time.
"For some reason, i feel really down today honestly.",sadness,I’m sorry today feels heavy. You don’t have to force yourself to feel better immediately.
"For some reason, that is just gross for some reason.",disgust,I hear how strongly you dislike it. Sometimes the best response is simply to remove yourself from the unpleasant situation.
"Honestly, today feels special lately.",joy,There’s something refreshing about a day that feels special. Enjoy it at your own pace.
That behavior is so disturbing at the moment.,disgust,It sounds like what you saw really unsettled you. You’re allowed to recognize that it crossed your personal boundaries.
"Lately, i’m not sure what I’m feeling this morning.",neutral,That’s okay. You don’t need to label everything immediately; we can explore it together You can take it one moment at a time.
"Honestly, this makes me furious after everything that happened.",anger,I hear how strong the anger is. You can validate that feeling while still choosing a response you’ll feel good about later.
"For some reason, this makes me furious more than usual.",anger,I hear how strong the anger is. You can validate that feeling while still choosing a response you’ll feel good about later.
This came out of nowhere for some reason.,surprise,Sudden changes can be startling. A little pause can help you figure out how you feel about it.
"Ugh, that was nasty today.",disgust,Sounds like a seriously unpleasant experience. Give yourself a little space from it.
I guess got some amazing news.,joy,Wonderful news can brighten everything. What part of it feels best to you? There’s no need to rush your response.
"Right now, i want to yell.",anger,That urge can be intense. Giving yourself a pause can create room to express what’s wrong without escalating things
I can’t believe it after everything that happened.,surprise,That sounds like a big surprise. Let yourself absorb the moment before deciding what it means.
"Honestly, i’m deeply uncomfortable with this.",disgust,"Your discomfort matters. You can pause, create some distance, and decide what boundary feels right."
"Lately, this made my whole day today.",joy,It sounds like that moment really lifted you. Hold onto what made it meaningful You can take it one moment at a time.
"Right now, i’m afraid to find out.",fear,Waiting for an answer can be frightening. You can take the moment one piece at a time instead of carrying the whole uncertainty at once
"Lately, i’m fed up with this today.",anger,It sounds like you’ve reached your limit. You deserve a moment to step back and breathe before deciding what to do next You can take it one moment at a time.
"Honestly, i’m annoyed beyond words today.",anger,That sounds like a lot of irritation building up. A short break may help you sort out what specifically crossed the line
"Lately, i never imagined this would happen lately.",surprise,That kind of unexpected turn can leave you searching for words. Give yourself space to take it in You can take it one moment at a time.
I never imagined this would happen after everything that happened.,surprise,That kind of unexpected turn can leave you searching for words. Give yourself space to take it in.
What if everything goes wrong tonight.,fear,That kind of what-if thinking can feel overwhelming. Gently return to what you know right now rather than every possible outcome.
What a surprise today.,surprise,That sounds like a big surprise. Let yourself absorb the moment before deciding what it means There’s no need to rush your response.
I guess nothing much is happening today for some reason.,neutral,Sounds like a fairly ordinary day. Is there anything on your mind? There’s no need to rush your response.
"For some reason, i can’t believe they did that tonight.",anger,It sounds like their action really crossed a boundary for you. Taking a breath before reacting could give you more options.
I guess my mind won’t stop worrying more than usual.,fear,"When worries keep looping, it can help to pause and notice what is actually happening in the present moment There’s no need to rush your response."
"Honestly, my mind won’t stop worrying tonight.",fear,"When worries keep looping, it can help to pause and notice what is actually happening in the present moment."
I’m really hurting tonight.,sadness,That emptiness can be difficult to sit with. Be gentle with yourself while you move through it.
I feel lonely even around people lately.,sadness,Feeling alone while surrounded by others can be especially painful. It may help to name what kind of connection you’re missing.
I guess i want to yell more than usual.,anger,That urge can be intense. Giving yourself a pause can create room to express what’s wrong without escalating things There’s no need to rush your response.
I’m proud of myself for some reason.,joy,You have every reason to pause and recognize what you accomplished
I guess i’m afraid to find out more than usual.,fear,Waiting for an answer can be frightening. You can take the moment one piece at a time instead of carrying the whole uncertainty at once There’s no need to rush your response.
"Lately, i have a question honestly.",neutral,"Sure, go ahead. I’ll do my best to help you work through it You can take it one moment at a time."
Today was pretty normal today.,neutral,"Sometimes a normal day is simply a normal day. What stood out, if anything?"
"I guess whoa, seriously at the moment.",surprise,That definitely sounds unexpected. Sometimes a little pause helps the surprise settle There’s no need to rush your response.
This annoys me today.,anger,Repeated problems can wear down your patience. It’s understandable to feel angry when the same issue keeps returning.
"Honestly, i’m deeply uncomfortable with this more than usual.",disgust,"Your discomfort matters. You can pause, create some distance, and decide what boundary feels right"
"For some reason, i’m having a rough time tonight.",sadness,I’m sorry you’re going through a rough patch. You don’t have to solve everything at once.
"For some reason, well, that’s new honestly.",surprise,Something clearly caught you off guard. It’s okay to simply observe your reaction for a moment.
Feeling great after everything that happened.,joy,That happiness sounds lovely. Give yourself permission to enjoy this moment.
"Right now, whoa, seriously honestly.",surprise,That definitely sounds unexpected. Sometimes a little pause helps the surprise settle.
"For some reason, i don’t really know what to say this morning.",neutral,"That’s completely fine. You can start with whatever feels easiest, even if it’s just one sentence."
"Right now, i’m scared about tomorrow for some reason.",fear,"Uncertainty can make tomorrow feel much bigger than it is. For now, focus on what you can handle today"
"For some reason, i’m annoyed beyond words today.",anger,That sounds like a lot of irritation building up. A short break may help you sort out what specifically crossed the line
"Right now, i’m excited about what’s next at the moment.",joy,That excitement can be a great source of energy. Let it carry you forward one step at a time
"Honestly, wait, that actually happened for some reason.",surprise,That sounds like quite a surprise. Give yourself a moment to take it in.
"For some reason, everything feels a little empty today.",sadness,That emptiness can be difficult to sit with. Be gentle with yourself while you move through it.
"For some reason, everything feels uncertain today.",fear,Uncertainty can make even ordinary decisions feel harder. Focus on the next clear choice rather than solving everything at once.
"For some reason, that really grosses me out tonight.",disgust,It sounds like that crossed a strong comfort boundary for you. It’s okay to step away from what feels unpleasant
"Honestly, i feel really down today lately.",sadness,I’m sorry today feels heavy. You don’t have to force yourself to feel better immediately.
I’m afraid to find out honestly.,fear,Waiting for an answer can be frightening. You can take the moment one piece at a time instead of carrying the whole uncertainty at once
I feel lonely even around people after everything that happened.,sadness,Feeling alone while surrounded by others can be especially painful. It may help to name what kind of connection you’re missing.
"Well, that’s new more than usual.",surprise,Something clearly caught you off guard. It’s okay to simply observe your reaction for a moment.
I wanted to talk for a bit today.,neutral,Of course. We can take the conversation wherever you’d like.
"Right now, i’m not sure what I’m feeling honestly.",neutral,That’s okay. You don’t need to label everything immediately; we can explore it together
"Honestly, i did not see that coming for some reason.",surprise,Unexpected moments can take a second to process. What part surprised you most?
Really worried tonight.,fear,It’s understandable to feel nervous before an important interaction. You can prepare for what you can control and let the rest unfold There’s no need to rush your response.
I guess i wanted to talk for a bit more than usual.,neutral,Of course. We can take the conversation wherever you’d like There’s no need to rush your response.
"Lately, i can’t believe it!",surprise,That sounds like a big surprise. Let yourself absorb the moment before deciding what it means You can take it one moment at a time.
"Lately, i’m feeling really happy today lately.",joy,That happiness sounds lovely. Give yourself permission to enjoy this moment You can take it one moment at a time.
Really worried at the moment.,fear,It’s understandable to feel nervous before an important interaction. You can prepare for what you can control and let the rest unfold There’s no need to rush your response.
"For some reason, i’m tired of being treated this way this morning.",anger,Being treated unfairly can build a lot of anger. It may help to separate what happened from what you want to happen next.
"For some reason, i wanted to talk for a bit more than usual.",neutral,Of course. We can take the conversation wherever you’d like.
That’s gross this morning.,disgust,It sounds like what you saw really unsettled you. You’re allowed to recognize that it crossed your personal boundaries You can take it one moment at a time.
"Honestly, got some amazing news today.",joy,Wonderful news can brighten everything. What part of it feels best to you?
"For some reason, i did not see that coming this morning.",surprise,Unexpected moments can take a second to process. What part surprised you most?
"Right now, that was absolutely revolting lately.",disgust,That sounds deeply unpleasant. You don’t have to stay around something that makes you feel that uncomfortable.
"Right now, everything feels uncertain at the moment.",fear,Uncertainty can make even ordinary decisions feel harder. Focus on the next clear choice rather than solving everything at once.
I can't stop smiling tonight.,joy,That smile says a lot. I hope you get to soak up this good feeling.
I’m caught off guard after everything that happened.,surprise,It makes sense to need a moment after surprising news. You don’t have to react immediately.
"I guess well, that’s new this morning.",surprise,Something clearly caught you off guard. It’s okay to simply observe your reaction for a moment There’s no need to rush your response.
Why does this keep happening?,anger,Repeated problems can wear down your patience. It’s understandable to feel angry when the same issue keeps returning.
That’s gross more than usual.,disgust,It sounds like what you saw really unsettled you. You’re allowed to recognize that it crossed your personal boundaries You can take it one moment at a time.
"For some reason, that behavior is so disturbing tonight.",disgust,It sounds like what you saw really unsettled you. You’re allowed to recognize that it crossed your personal boundaries.
I guess this is seriously frustrating at the moment.,anger,I can understand why that would feel frustrating. A little space before responding may help you regain control There’s no need to rush your response.
"Honestly, i never imagined this would happen lately.",surprise,That kind of unexpected turn can leave you searching for words. Give yourself space to take it in.
"Right now, whoa, seriously today.",surprise,That definitely sounds unexpected. Sometimes a little pause helps the surprise settle.
"Lately, i’m nervous about meeting them for some reason.",fear,It’s understandable to feel nervous before an important interaction. You can prepare for what you can control and let the rest unfold You can take it one moment at a time.
I guess that behavior is so disturbing at the moment.,disgust,It sounds like what you saw really unsettled you. You’re allowed to recognize that it crossed your personal boundaries There’s no need to rush your response.
I guess everything feels a little empty more than usual.,sadness,That emptiness can be difficult to sit with. Be gentle with yourself while you move through it There’s no need to rush your response.
"For some reason, i’m excited about what’s next honestly.",joy,That excitement can be a great source of energy. Let it carry you forward one step at a time
"Honestly, i’m disgusted by what happened lately.",disgust,Your reaction sounds strong and understandable given what you encountered. Creating some distance may help.
"For some reason, today was pretty normal tonight.",neutral,"Sometimes a normal day is simply a normal day. What stood out, if anything?"
"Lately, i’m annoyed beyond words honestly.",anger,That sounds like a lot of irritation building up. A short break may help you sort out what specifically crossed the line You can take it one moment at a time.
"For some reason, they completely ignored me this morning.",anger,"Being ignored can feel deeply disrespectful. Your frustration makes sense, and you can decide how you want to address it calmly."
I wanted to talk for a bit for some reason.,neutral,Of course. We can take the conversation wherever you’d like.
I’m excited about what’s next.,joy,That excitement can be a great source of energy. Let it carry you forward one step at a time
"Honestly, today was pretty normal more than usual.",neutral,"Sometimes a normal day is simply a normal day. What stood out, if anything?"
"Right now, i’m scared about tomorrow this morning.",fear,"Uncertainty can make tomorrow feel much bigger than it is. For now, focus on what you can handle today"
I can't stop smiling this morning.,joy,That smile says a lot. I hope you get to soak up this good feeling.
I guess why does this keep happening lately.,anger,Repeated problems can wear down your patience. It’s understandable to feel angry when the same issue keeps returning There’s no need to rush your response.
"For some reason, i’m feeling really happy today this morning.",joy,That happiness sounds lovely. Give yourself permission to enjoy this moment.
"For some reason, ugh, that was nasty.",disgust,Sounds like a seriously unpleasant experience. Give yourself a little space from it
I have a question this morning.,neutral,"Sure, go ahead. I’ll do my best to help you work through it."
I guess that was completely unexpected today.,surprise,Sounds like the situation changed quickly. Take some time to process what happened There’s no need to rush your response.
"For some reason, i’m excited about what’s next this morning.",joy,That excitement can be a great source of energy. Let it carry you forward one step at a time
Today feels special.,joy,There’s something refreshing about a day that feels special. Enjoy it at your own pace
I’m furious for some reason.,anger,It sounds like something really pushed your limits. You can acknowledge the anger without letting it choose your next move.
Just checking in tonight.,neutral,I’m here with you. What would you like to talk about?
"Honestly, i’m proud of myself at the moment.",joy,You have every reason to pause and recognize what you accomplished
"Honestly, today just hurts at the moment.",sadness,"I hear how painful today feels. For now, being gentle with yourself is enough."
"Honestly, i feel sickened by this.",disgust,That reaction shows how strongly the situation affected you. Stepping back can help you regain some comfort.
I’m panicking a little today.,fear,"That sounds intense. Try grounding yourself in what you can see, hear, and feel right now, one detail at a time."
I’m genuinely thrilled after everything that happened.,joy,Wonderful news can brighten everything. What part of it feels best to you?
I’m afraid I’ll mess this up after everything that happened.,fear,Fear of making mistakes can put a lot of pressure on you. Remember that one imperfect moment does not define the whole experience.
"For some reason, everything feels uncertain more than usual.",fear,Uncertainty can make even ordinary decisions feel harder. Focus on the next clear choice rather than solving everything at once.
Did not expect that for some reason.,surprise,That definitely sounds unexpected. Sometimes a little pause helps the surprise settle
"Honestly, my mind won’t stop worrying more than usual.",fear,"When worries keep looping, it can help to pause and notice what is actually happening in the present moment"
"Honestly, this makes me furious more than usual.",anger,I hear how strong the anger is. You can validate that feeling while still choosing a response you’ll feel good about later.
"Right now, i’m proud of myself more than usual.",joy,You have every reason to pause and recognize what you accomplished
I guess i’m scared about tomorrow honestly.,fear,"Uncertainty can make tomorrow feel much bigger than it is. For now, focus on what you can handle today There’s no need to rush your response."
"Honestly, i’m panicking a little today.",fear,"That sounds intense. Try grounding yourself in what you can see, hear, and feel right now, one detail at a time"
"Honestly, this made my whole day lately.",joy,It sounds like that moment really lifted you. Hold onto what made it meaningful
"Honestly, i can’t believe it for some reason.",surprise,That sounds like a big surprise. Let yourself absorb the moment before deciding what it means
This is seriously frustrating lately.,anger,I can understand why that would feel frustrating. A little space before responding may help you regain control.
"Lately, i’m fed up with this.",anger,It sounds like you’ve reached your limit. You deserve a moment to step back and breathe before deciding what to do next You can take it one moment at a time
I’m scared honestly.,fear,"When worries keep looping, it can help to pause and notice what is actually happening in the present moment You can take it one moment at a time."
I feel really anxious about this after everything that happened.,fear,"It sounds like this situation has your mind on high alert. Try narrowing your attention to the next small, manageable step."
"Lately, i had such a good day today.",joy,I’m happy your day treated you well. Those ordinary good days are worth noticing You can take it one moment at a time.
That was completely unexpected tonight.,surprise,Sounds like the situation changed quickly. Take some time to process what happened.
I guess i feel really down today at the moment.,sadness,I’m sorry today feels heavy. You don’t have to force yourself to feel better immediately There’s no need to rush your response.
That’s gross tonight.,disgust,It sounds like what you saw really unsettled you. You’re allowed to recognize that it crossed your personal boundaries You can take it one moment at a time.
"Honestly, nothing much is happening today more than usual.",neutral,Sounds like a fairly ordinary day. Is there anything on your mind?
I’m stunned after everything that happened.,surprise,Sounds like the situation changed quickly. Take some time to process what happened You can take it one moment at a time.
I feel sickened by this more than usual.,disgust,That reaction shows how strongly the situation affected you. Stepping back can help you regain some comfort.
So happy right now for some reason.,joy,You have every reason to pause and recognize what you accomplished There’s no need to rush your response.
I guess this is seriously frustrating this morning.,anger,I can understand why that would feel frustrating. A little space before responding may help you regain control There’s no need to rush your response.
I’m furious.,anger,That urge can be intense. Giving yourself a pause can create room to express what’s wrong without escalating things You can take it one moment at a time.
I guess that really grosses me out today.,disgust,It sounds like that crossed a strong comfort boundary for you. It’s okay to step away from what feels unpleasant There’s no need to rush your response.
"Honestly, i feel lonely even around people today.",sadness,Feeling alone while surrounded by others can be especially painful. It may help to name what kind of connection you’re missing
So frustrated more than usual.,anger,"Being ignored can feel deeply disrespectful. Your frustration makes sense, and you can decide how you want to address it calmly There’s no need to rush your response."
"For some reason, this made my whole day.",joy,It sounds like that moment really lifted you. Hold onto what made it meaningful
"Lately, that really grosses me out.",disgust,It sounds like that crossed a strong comfort boundary for you. It’s okay to step away from what feels unpleasant You can take it one moment at a time.
"Honestly, i feel really anxious about this honestly.",fear,"It sounds like this situation has your mind on high alert. Try narrowing your attention to the next small, manageable step"
I’m not sure what I’m feeling and I’m trying to process it.,neutral,That’s okay. You don’t need to label everything immediately; we can explore it together
"Honestly, i’m just checking in honestly.",neutral,I’m here with you. What would you like to talk about?
"Honestly, i have a question today.",neutral,"Sure, go ahead. I’ll do my best to help you work through it"
Got some amazing news at the moment.,joy,Wonderful news can brighten everything. What part of it feels best to you?
"Honestly, i’m annoyed beyond words at the moment.",anger,That sounds like a lot of irritation building up. A short break may help you sort out what specifically crossed the line
"For some reason, i’m tired of being treated this way.",anger,Being treated unfairly can build a lot of anger. It may help to separate what happened from what you want to happen next.
I don’t really know what to say lately.,neutral,"That’s completely fine. You can start with whatever feels easiest, even if it’s just one sentence."
"Lately, i’m excited about what’s next after everything that happened.",joy,That excitement can be a great source of energy. Let it carry you forward one step at a time You can take it one moment at a time.
"For some reason, i can’t believe they did that.",anger,It sounds like their action really crossed a boundary for you. Taking a breath before reacting could give you more options.
This feels frightening.,fear,That kind of what-if thinking can feel overwhelming. Gently return to what you know right now rather than every possible outcome.
"Lately, i keep thinking about what I lost more than usual.",sadness,It makes sense that a loss can keep returning to your thoughts. You can acknowledge the sadness without judging yourself for it You can take it one moment at a time.
"Lately, why does this keep happening tonight.",anger,Repeated problems can wear down your patience. It’s understandable to feel angry when the same issue keeps returning You can take it one moment at a time.
"Lately, that is just gross for some reason.",disgust,I hear how strongly you dislike it. Sometimes the best response is simply to remove yourself from the unpleasant situation You can take it one moment at a time.
"Right now, ugh, that was nasty for some reason.",disgust,Sounds like a seriously unpleasant experience. Give yourself a little space from it
"Right now, can we talk about my day today.",neutral,Absolutely. Tell me whatever part of your day you want to share.
"Lately, i hate seeing things like that.",disgust,It makes sense that something so unpleasant would bother you. You can choose some distance from it when possible You can take it one moment at a time.
I guess i’m disgusted by what happened after everything that happened.,disgust,Your reaction sounds strong and understandable given what you encountered. Creating some distance may help There’s no need to rush your response.
"Honestly, i’m feeling really happy today honestly.",joy,That happiness sounds lovely. Give yourself permission to enjoy this moment.
I guess i’m scared about tomorrow for some reason.,fear,"Uncertainty can make tomorrow feel much bigger than it is. For now, focus on what you can handle today There’s no need to rush your response."
"Honestly, i keep thinking about what I lost at the moment.",sadness,It makes sense that a loss can keep returning to your thoughts. You can acknowledge the sadness without judging yourself for it
"Right now, everything feels uncertain after everything that happened.",fear,Uncertainty can make even ordinary decisions feel harder. Focus on the next clear choice rather than solving everything at once
"For some reason, i can't stop smiling after everything that happened.",joy,That smile says a lot. I hope you get to soak up this good feeling
"Right now, i can't stop smiling this morning.",joy,That smile says a lot. I hope you get to soak up this good feeling
"For some reason, ugh, that was nasty after everything that happened.",disgust,Sounds like a seriously unpleasant experience. Give yourself a little space from it
I don’t really know what to say.,neutral,"That’s completely fine. You can start with whatever feels easiest, even if it’s just one sentence"
"Honestly, today was pretty normal lately.",neutral,"Sometimes a normal day is simply a normal day. What stood out, if anything?"
"Lately, i’m trying to understand myself better.",neutral,That sounds like a worthwhile goal. We can look at what you’ve been noticing without rushing to conclusions You can take it one moment at a time.
"For some reason, i had such a good day at the moment.",joy,I’m happy your day treated you well. Those ordinary good days are worth noticing
"Lately, this is seriously frustrating today.",anger,I can understand why that would feel frustrating. A little space before responding may help you regain control You can take it one moment at a time.
"Honestly, i’m proud of myself after everything that happened.",joy,You have every reason to pause and recognize what you accomplished
"Honestly, today just hurts today.",sadness,"I hear how painful today feels. For now, being gentle with yourself is enough"
"For some reason, things are finally going my way today.",joy,It’s great to hear that things are clicking into place. Take a moment to appreciate the progress.
"Right now, that was absolutely revolting more than usual.",disgust,That sounds deeply unpleasant. You don’t have to stay around something that makes you feel that uncomfortable.
"Lately, ugh, that was nasty at the moment.",disgust,Sounds like a seriously unpleasant experience. Give yourself a little space from it You can take it one moment at a time.
"Lately, wait, that actually happened?",surprise,That sounds like quite a surprise. Give yourself a moment to take it in You can take it one moment at a time.
"Right now, i’m annoyed beyond words more than usual.",anger,That sounds like a lot of irritation building up. A short break may help you sort out what specifically crossed the line
I guess i’m annoyed beyond words more than usual.,anger,That sounds like a lot of irritation building up. A short break may help you sort out what specifically crossed the line There’s no need to rush your response.
I guess everything feels a little empty tonight.,sadness,That emptiness can be difficult to sit with. Be gentle with yourself while you move through it There’s no need to rush your response.
"Honestly, i’m proud of myself honestly.",joy,You have every reason to pause and recognize what you accomplished
"For some reason, i feel really down today after everything that happened.",sadness,I’m sorry today feels heavy. You don’t have to force yourself to feel better immediately.
"Lately, i have a bad feeling today.",fear,That uneasy feeling can be unsettling. Take a slow breath and give yourself a moment to separate the feeling from the facts you know You can take it one moment at a time.
I guess i’m so angry right now lately.,anger,It sounds like something really pushed your limits. You can acknowledge the anger without letting it choose your next move There’s no need to rush your response.
"For some reason, honestly, I feel fantastic more than usual.",joy,I’m glad you’re having such a positive moment. Let yourself enjoy it without overthinking it
"Right now, i’m so angry right now tonight.",anger,It sounds like something really pushed your limits. You can acknowledge the anger without letting it choose your next move.
"Honestly, i never imagined this would happen for some reason.",surprise,That kind of unexpected turn can leave you searching for words. Give yourself space to take it in.
I guess nothing feels exciting anymore today.,sadness,It sounds like things feel unusually flat right now. Taking the day slowly may be kinder than demanding too much from yourself There’s no need to rush your response.
"For some reason, this is seriously frustrating.",anger,I can understand why that would feel frustrating. A little space before responding may help you regain control.
"Right now, everything feels uncertain more than usual.",fear,Uncertainty can make even ordinary decisions feel harder. Focus on the next clear choice rather than solving everything at once
I want to yell today.,anger,That urge can be intense. Giving yourself a pause can create room to express what’s wrong without escalating things
Absolutely unpleasant today.,disgust,Sounds like a seriously unpleasant experience. Give yourself a little space from it There’s no need to rush your response.
"Right now, that was completely unexpected.",surprise,Sounds like the situation changed quickly. Take some time to process what happened
I’m stunned today.,surprise,That sounds like quite a surprise. Give yourself a moment to take it in
"For some reason, i’m afraid I’ll mess this up more than usual.",fear,Fear of making mistakes can put a lot of pressure on you. Remember that one imperfect moment does not define the whole experience.
My mind won’t stop worrying at the moment.,fear,"When worries keep looping, it can help to pause and notice what is actually happening in the present moment"
"Lately, why does this keep happening more than usual.",anger,Repeated problems can wear down your patience. It’s understandable to feel angry when the same issue keeps returning You can take it one moment at a time.
I just want to cry at the moment.,sadness,Sometimes tears are simply a way of letting emotion out. You can give yourself a quiet moment
"Honestly, can we talk about my day tonight.",neutral,Absolutely. Tell me whatever part of your day you want to share.
I guess this is seriously frustrating.,anger,I can understand why that would feel frustrating. A little space before responding may help you regain control There’s no need to rush your response.
"Lately, i’m afraid I’ll mess this up more than usual.",fear,Fear of making mistakes can put a lot of pressure on you. Remember that one imperfect moment does not define the whole experience You can take it one moment at a time.
I guess that really grosses me out.,disgust,It sounds like that crossed a strong comfort boundary for you. It’s okay to step away from what feels unpleasant There’s no need to rush your response.
"For some reason, i want to yell lately.",anger,That urge can be intense. Giving yourself a pause can create room to express what’s wrong without escalating things
"Right now, they completely ignored me today.",anger,"Being ignored can feel deeply disrespectful. Your frustration makes sense, and you can decide how you want to address it calmly."
"Honestly, i’m panicking a little honestly.",fear,"That sounds intense. Try grounding yourself in what you can see, hear, and feel right now, one detail at a time"
"Honestly, i’m just checking in for some reason.",neutral,I’m here with you. What would you like to talk about?
"Honestly, things are finally going my way after everything that happened.",joy,It’s great to hear that things are clicking into place. Take a moment to appreciate the progress.
I have a question for some reason.,neutral,"Sure, go ahead. I’ll do my best to help you work through it"
"Right now, today was pretty normal honestly.",neutral,"Sometimes a normal day is simply a normal day. What stood out, if anything?"
I guess why does this keep happening tonight.,anger,Repeated problems can wear down your patience. It’s understandable to feel angry when the same issue keeps returning There’s no need to rush your response.
"Lately, i’m just checking in after everything that happened.",neutral,I’m here with you. What would you like to talk about? You can take it one moment at a time.
"For some reason, i’m excited about what’s next tonight.",joy,That excitement can be a great source of energy. Let it carry you forward one step at a time
"Lately, i don’t really know what to say today.",neutral,"That’s completely fine. You can start with whatever feels easiest, even if it’s just one sentence You can take it one moment at a time."
Just checking in today.,neutral,Absolutely. Tell me whatever part of your day you want to share You can take it one moment at a time.
"Honestly, i’m shocked by the news tonight.",surprise,It makes sense to need a moment after surprising news. You don’t have to react immediately.
Just thinking things over honestly.,neutral,Taking time to think can be useful. What’s been occupying your thoughts?
I guess i’m shocked by the news honestly.,surprise,It makes sense to need a moment after surprising news. You don’t have to react immediately There’s no need to rush your response.
This makes me furious lately.,anger,I hear how strong the anger is. You can validate that feeling while still choosing a response you’ll feel good about later.
I guess that was completely unexpected at the moment.,surprise,Sounds like the situation changed quickly. Take some time to process what happened There’s no need to rush your response.
"Right now, this makes me furious after everything that happened.",anger,I hear how strong the anger is. You can validate that feeling while still choosing a response you’ll feel good about later
That’s gross tonight.,disgust,It sounds like that crossed a strong comfort boundary for you. It’s okay to step away from what feels unpleasant
"For some reason, whoa, seriously for some reason.",surprise,That definitely sounds unexpected. Sometimes a little pause helps the surprise settle
"Honestly, why does this keep happening after everything that happened.",anger,Repeated problems can wear down your patience. It’s understandable to feel angry when the same issue keeps returning.
"Right now, i feel sickened by this lately.",disgust,That reaction shows how strongly the situation affected you. Stepping back can help you regain some comfort.
"Right now, i’m proud of myself today.",joy,You have every reason to pause and recognize what you accomplished
"Honestly, i feel lonely even around people.",sadness,Feeling alone while surrounded by others can be especially painful. It may help to name what kind of connection you’re missing
"For some reason, everything feels uncertain honestly.",fear,Uncertainty can make even ordinary decisions feel harder. Focus on the next clear choice rather than solving everything at once
"Honestly, I feel fantastic tonight.",joy,I’m glad you’re having such a positive moment. Let yourself enjoy it without overthinking it
"For some reason, i feel really anxious about this at the moment.",fear,"It sounds like this situation has your mind on high alert. Try narrowing your attention to the next small, manageable step"
I’m excited about what’s next for some reason.,joy,That excitement can be a great source of energy. Let it carry you forward one step at a time
"Lately, what if everything goes wrong this morning.",fear,That kind of what-if thinking can feel overwhelming. Gently return to what you know right now rather than every possible outcome You can take it one moment at a time.
This came out of nowhere honestly.,surprise,Sudden changes can be startling. A little pause can help you figure out how you feel about it.
"Honestly, i’m shocked by the news after everything that happened.",surprise,It makes sense to need a moment after surprising news. You don’t have to react immediately.
"Honestly, wait, that actually happened at the moment.",surprise,That sounds like quite a surprise. Give yourself a moment to take it in
I guess today feels special tonight.,joy,There’s something refreshing about a day that feels special. Enjoy it at your own pace There’s no need to rush your response.
I guess today feels special honestly.,joy,There’s something refreshing about a day that feels special. Enjoy it at your own pace There’s no need to rush your response.
"Right now, i’m trying to understand myself better this morning.",neutral,That sounds like a worthwhile goal. We can look at what you’ve been noticing without rushing to conclusions.
That is just gross tonight.,disgust,I hear how strongly you dislike it. Sometimes the best response is simply to remove yourself from the unpleasant situation.
"Lately, i never imagined this would happen honestly.",surprise,That kind of unexpected turn can leave you searching for words. Give yourself space to take it in You can take it one moment at a time.
I guess i feel really down today after everything that happened.,sadness,I’m sorry today feels heavy. You don’t have to force yourself to feel better immediately There’s no need to rush your response.
"For some reason, i’m annoyed beyond words at the moment.",anger,That sounds like a lot of irritation building up. A short break may help you sort out what specifically crossed the line
"Honestly, i feel sickened by this after everything that happened.",disgust,That reaction shows how strongly the situation affected you. Stepping back can help you regain some comfort
I guess i just want to cry today.,sadness,Sometimes tears are simply a way of letting emotion out. You can give yourself a quiet moment There’s no need to rush your response.
"Lately, this made my whole day more than usual.",joy,It sounds like that moment really lifted you. Hold onto what made it meaningful You can take it one moment at a time.
"Right now, i’m scared about tomorrow honestly.",fear,"Uncertainty can make tomorrow feel much bigger than it is. For now, focus on what you can handle today"
"For some reason, i’m trying to understand myself better today.",neutral,That sounds like a worthwhile goal. We can look at what you’ve been noticing without rushing to conclusions.
"Right now, i’m scared about tomorrow more than usual.",fear,"Uncertainty can make tomorrow feel much bigger than it is. For now, focus on what you can handle today"
"For some reason, this is seriously frustrating this morning.",anger,I can understand why that would feel frustrating. A little space before responding may help you regain control
So happy right now.,joy,You have every reason to pause and recognize what you accomplished There’s no need to rush your response.
"Lately, i feel really down today honestly.",sadness,I’m sorry today feels heavy. You don’t have to force yourself to feel better immediately You can take it one moment at a time.
"Lately, i feel lonely even around people after everything that happened.",sadness,Feeling alone while surrounded by others can be especially painful. It may help to name what kind of connection you’re missing You can take it one moment at a time.
What a surprise after everything that happened.,surprise,Unexpected moments can take a second to process. What part surprised you most?
"For some reason, nothing much is happening today honestly.",neutral,Sounds like a fairly ordinary day. Is there anything on your mind?
"Lately, i’m trying to understand myself better at the moment.",neutral,That sounds like a worthwhile goal. We can look at what you’ve been noticing without rushing to conclusions You can take it one moment at a time.
I guess nothing much is happening today.,neutral,Sounds like a fairly ordinary day. Is there anything on your mind? There’s no need to rush your response.
"Right now, this made my whole day today.",joy,It sounds like that moment really lifted you. Hold onto what made it meaningful
I guess i’m so angry right now today.,anger,It sounds like something really pushed your limits. You can acknowledge the anger without letting it choose your next move There’s no need to rush your response.
"Lately, i feel sickened by this today.",disgust,That reaction shows how strongly the situation affected you. Stepping back can help you regain some comfort You can take it one moment at a time.
"Honestly, i’m just checking in tonight.",neutral,I’m here with you. What would you like to talk about?
I feel sickened by this lately.,disgust,That reaction shows how strongly the situation affected you. Stepping back can help you regain some comfort
"For some reason, i’m fed up with this lately.",anger,It sounds like you’ve reached your limit. You deserve a moment to step back and breathe before deciding what to do next.
"Honestly, my mind won’t stop worrying honestly.",fear,"When worries keep looping, it can help to pause and notice what is actually happening in the present moment"
"For some reason, i’m scared about tomorrow this morning.",fear,"Uncertainty can make tomorrow feel much bigger than it is. For now, focus on what you can handle today"
So happy right now more than usual.,joy,You have every reason to pause and recognize what you accomplished There’s no need to rush your response.
"Lately, that is just gross.",disgust,I hear how strongly you dislike it. Sometimes the best response is simply to remove yourself from the unpleasant situation You can take it one moment at a time.
"For some reason, i’m having a rough time honestly.",sadness,I’m sorry you’re going through a rough patch. You don’t have to solve everything at once.
I’m thinking honestly.,neutral,Of course. We can take the conversation wherever you’d like.
"Right now, i wanted to talk for a bit tonight.",neutral,Of course. We can take the conversation wherever you’d like
I keep thinking about what I lost this morning.,sadness,It makes sense that a loss can keep returning to your thoughts. You can acknowledge the sadness without judging yourself for it
"For some reason, i have a question after everything that happened.",neutral,"Sure, go ahead. I’ll do my best to help you work through it"
"For some reason, i want to yell after everything that happened.",anger,That urge can be intense. Giving yourself a pause can create room to express what’s wrong without escalating things
"Honestly, i can’t stand the smell more than usual.",disgust,"Strong unpleasant smells can be overwhelming. If you can, move somewhere with fresher air and give yourself a reset."
This annoys me honestly.,anger,Repeated problems can wear down your patience. It’s understandable to feel angry when the same issue keeps returning.
"Lately, i’m just checking in.",neutral,I’m here with you. What would you like to talk about? You can take it one moment at a time.
"Honestly, I feel fantastic.",joy,I’m glad you’re having such a positive moment. Let yourself enjoy it without overthinking it
"Right now, i’m deeply uncomfortable with this today.",disgust,"Your discomfort matters. You can pause, create some distance, and decide what boundary feels right"
Just feeling sad this morning.,sadness,"Missing the past can hurt, especially when it carries meaningful memories. It’s okay to acknowledge that feeling."
I guess i’m just checking in today.,neutral,I’m here with you. What would you like to talk about? There’s no need to rush your response.
"Honestly, this is seriously frustrating this morning.",anger,I can understand why that would feel frustrating. A little space before responding may help you regain control
"Right now, i keep thinking about what I lost this morning.",sadness,It makes sense that a loss can keep returning to your thoughts. You can acknowledge the sadness without judging yourself for it
"Right now, i have a question tonight.",neutral,"Sure, go ahead. I’ll do my best to help you work through it"
"For some reason, my mind won’t stop worrying for some reason.",fear,"When worries keep looping, it can help to pause and notice what is actually happening in the present moment"
"For some reason, that was completely unexpected for some reason.",surprise,Sounds like the situation changed quickly. Take some time to process what happened
Nothing much at the moment.,neutral,Sounds like a fairly ordinary day. Is there anything on your mind?
"For some reason, i wanted to talk for a bit.",neutral,Of course. We can take the conversation wherever you’d like
"For some reason, that behavior is so disturbing today.",disgust,It sounds like what you saw really unsettled you. You’re allowed to recognize that it crossed your personal boundaries.
"Right now, i’m afraid to find out lately.",fear,Waiting for an answer can be frightening. You can take the moment one piece at a time instead of carrying the whole uncertainty at once
"Lately, everything feels a little empty.",sadness,That emptiness can be difficult to sit with. Be gentle with yourself while you move through it You can take it one moment at a time.
"For some reason, i miss how things used to be more than usual.",sadness,"Missing the past can hurt, especially when it carries meaningful memories. It’s okay to acknowledge that feeling"
"For some reason, i’m scared about tomorrow.",fear,"Uncertainty can make tomorrow feel much bigger than it is. For now, focus on what you can handle today"
"For some reason, that was absolutely revolting at the moment.",disgust,That sounds deeply unpleasant. You don’t have to stay around something that makes you feel that uncomfortable.
This made my whole day for some reason.,joy,It sounds like that moment really lifted you. Hold onto what made it meaningful
"Lately, i feel really down today more than usual.",sadness,I’m sorry today feels heavy. You don’t have to force yourself to feel better immediately You can take it one moment at a time.
Nothing much is happening today today.,neutral,Sounds like a fairly ordinary day. Is there anything on your mind?
"Honestly, i’m afraid I’ll mess this up for some reason.",fear,Fear of making mistakes can put a lot of pressure on you. Remember that one imperfect moment does not define the whole experience.
"Right now, seriously? I’m stunned and I’m trying to process it.",surprise,You sound genuinely surprised. Take a breath and give yourself time to process the new information
"Lately, this made my whole day tonight.",joy,It sounds like that moment really lifted you. Hold onto what made it meaningful You can take it one moment at a time.
"For some reason, i’m panicking a little at the moment.",fear,"That sounds intense. Try grounding yourself in what you can see, hear, and feel right now, one detail at a time"
"Lately, i’m afraid I’ll mess this up tonight.",fear,Fear of making mistakes can put a lot of pressure on you. Remember that one imperfect moment does not define the whole experience You can take it one moment at a time.
"For some reason, i have a bad feeling at the moment.",fear,That uneasy feeling can be unsettling. Take a slow breath and give yourself a moment to separate the feeling from the facts you know.
I guess i feel sickened by this for some reason.,disgust,That reaction shows how strongly the situation affected you. Stepping back can help you regain some comfort There’s no need to rush your response.
"Right now, i’m panicking a little after everything that happened.",fear,"That sounds intense. Try grounding yourself in what you can see, hear, and feel right now, one detail at a time"
Can we talk about my day honestly.,neutral,Absolutely. Tell me whatever part of your day you want to share.
I’m thinking lately.,neutral,Of course. We can take the conversation wherever you’d like
"Right now, i had such a good day lately.",joy,I’m happy your day treated you well. Those ordinary good days are worth noticing
"Honestly, i’m trying to understand myself better today.",neutral,That sounds like a worthwhile goal. We can look at what you’ve been noticing without rushing to conclusions.
"Right now, i’m fed up with this honestly.",anger,It sounds like you’ve reached your limit. You deserve a moment to step back and breathe before deciding what to do next.
"Honestly, i can’t stand the smell.",disgust,"Strong unpleasant smells can be overwhelming. If you can, move somewhere with fresher air and give yourself a reset"
"Lately, i can’t believe they did that honestly.",anger,It sounds like their action really crossed a boundary for you. Taking a breath before reacting could give you more options You can take it one moment at a time.
"Honestly, i’m disappointed and sad tonight.",sadness,That combination can weigh heavily. It’s okay to recognize both the disappointment and the sadness.
I can’t stand the smell this morning.,disgust,"Strong unpleasant smells can be overwhelming. If you can, move somewhere with fresher air and give yourself a reset"
"Lately, i have a question after everything that happened.",neutral,"Sure, go ahead. I’ll do my best to help you work through it You can take it one moment at a time."
"For some reason, can we talk about my day honestly.",neutral,Absolutely. Tell me whatever part of your day you want to share.
"Lately, this makes me furious.",anger,I hear how strong the anger is. You can validate that feeling while still choosing a response you’ll feel good about later You can take it one moment at a time.
I guess i’m disgusted by what happened lately.,disgust,Your reaction sounds strong and understandable given what you encountered. Creating some distance may help There’s no need to rush your response.
"I guess whoa, seriously?",surprise,That definitely sounds unexpected. Sometimes a little pause helps the surprise settle There’s no need to rush your response.
"Honestly, i’m deeply uncomfortable with this at the moment.",disgust,"Your discomfort matters. You can pause, create some distance, and decide what boundary feels right"
"Honestly, i have a bad feeling more than usual.",fear,That uneasy feeling can be unsettling. Take a slow breath and give yourself a moment to separate the feeling from the facts you know.
"Right now, that really grosses me out honestly.",disgust,It sounds like that crossed a strong comfort boundary for you. It’s okay to step away from what feels unpleasant
So frustrated.,anger,"Being ignored can feel deeply disrespectful. Your frustration makes sense, and you can decide how you want to address it calmly There’s no need to rush your response."
"For some reason, i’m disappointed and sad for some reason.",sadness,That combination can weigh heavily. It’s okay to recognize both the disappointment and the sadness.
Can we talk about my day after everything that happened.,neutral,Absolutely. Tell me whatever part of your day you want to share
"Right now, i’m disappointed and sad tonight.",sadness,That combination can weigh heavily. It’s okay to recognize both the disappointment and the sadness
Things are finally going my way more than usual.,joy,It’s great to hear that things are clicking into place. Take a moment to appreciate the progress
"For some reason, i’m having a rough time at the moment.",sadness,I’m sorry you’re going through a rough patch. You don’t have to solve everything at once
"Lately, i hate seeing things like that at the moment.",disgust,It makes sense that something so unpleasant would bother you. You can choose some distance from it when possible You can take it one moment at a time.
"Lately, i’m scared about tomorrow honestly.",fear,"Uncertainty can make tomorrow feel much bigger than it is. For now, focus on what you can handle today You can take it one moment at a time."
"Right now, this came out of nowhere this morning.",surprise,Sudden changes can be startling. A little pause can help you figure out how you feel about it
I guess i can’t stand the smell more than usual.,disgust,"Strong unpleasant smells can be overwhelming. If you can, move somewhere with fresher air and give yourself a reset There’s no need to rush your response."
"Honestly, i’m not sure what I’m feeling and I’m trying to process it.",neutral,That’s okay. You don’t need to label everything immediately; we can explore it together
"Right now, i never imagined this would happen.",surprise,That kind of unexpected turn can leave you searching for words. Give yourself space to take it in
I’m disappointed and sad honestly.,sadness,That combination can weigh heavily. It’s okay to recognize both the disappointment and the sadness
"Lately, i feel really down today.",sadness,I’m sorry today feels heavy. You don’t have to force yourself to feel better immediately You can take it one moment at a time.
"Honestly, i hate seeing things like that at the moment.",disgust,It makes sense that something so unpleasant would bother you. You can choose some distance from it when possible.
"For some reason, i had such a good day lately.",joy,I’m happy your day treated you well. Those ordinary good days are worth noticing
Just thinking things over.,neutral,Taking time to think can be useful. What’s been occupying your thoughts?
"Right now, my mind won’t stop worrying tonight.",fear,"When worries keep looping, it can help to pause and notice what is actually happening in the present moment"
"Right now, today just hurts after everything that happened.",sadness,"I hear how painful today feels. For now, being gentle with yourself is enough"
"Right now, i have a bad feeling at the moment.",fear,That uneasy feeling can be unsettling. Take a slow breath and give yourself a moment to separate the feeling from the facts you know.
"Lately, that really grosses me out more than usual.",disgust,It sounds like that crossed a strong comfort boundary for you. It’s okay to step away from what feels unpleasant You can take it one moment at a time.
"Lately, i’m disgusted by what happened today.",disgust,Your reaction sounds strong and understandable given what you encountered. Creating some distance may help You can take it one moment at a time.
"Lately, i have a question.",neutral,"Sure, go ahead. I’ll do my best to help you work through it You can take it one moment at a time."
"Lately, i’m disappointed and sad more than usual.",sadness,That combination can weigh heavily. It’s okay to recognize both the disappointment and the sadness You can take it one moment at a time.
"Honestly, why does this keep happening this morning.",anger,Repeated problems can wear down your patience. It’s understandable to feel angry when the same issue keeps returning
"Right now, they completely ignored me lately.",anger,"Being ignored can feel deeply disrespectful. Your frustration makes sense, and you can decide how you want to address it calmly."
"Lately, i’m nervous about meeting them lately.",fear,It’s understandable to feel nervous before an important interaction. You can prepare for what you can control and let the rest unfold You can take it one moment at a time.
"For some reason, i hate seeing things like that for some reason.",disgust,It makes sense that something so unpleasant would bother you. You can choose some distance from it when possible.
"Honestly, this is seriously frustrating lately.",anger,I can understand why that would feel frustrating. A little space before responding may help you regain control
"Right now, today feels special for some reason.",joy,There’s something refreshing about a day that feels special. Enjoy it at your own pace
"For some reason, they completely ignored me after everything that happened.",anger,"Being ignored can feel deeply disrespectful. Your frustration makes sense, and you can decide how you want to address it calmly."
I never imagined this would happen lately.,surprise,That kind of unexpected turn can leave you searching for words. Give yourself space to take it in
"For some reason, i can't stop smiling for some reason.",joy,That smile says a lot. I hope you get to soak up this good feeling
This makes me furious this morning.,anger,I hear how strong the anger is. You can validate that feeling while still choosing a response you’ll feel good about later
So happy right now lately.,joy,It’s great to hear that things are clicking into place. Take a moment to appreciate the progress
I’m repulsed this morning.,disgust,That sounds deeply unpleasant. You don’t have to stay around something that makes you feel that uncomfortable.
"Ugh, that was nasty tonight.",disgust,Sounds like a seriously unpleasant experience. Give yourself a little space from it
"For some reason, honestly, I feel fantastic today.",joy,I’m glad you’re having such a positive moment. Let yourself enjoy it without overthinking it
"Right now, what if everything goes wrong lately.",fear,That kind of what-if thinking can feel overwhelming. Gently return to what you know right now rather than every possible outcome.
"Right now, this came out of nowhere tonight.",surprise,Sudden changes can be startling. A little pause can help you figure out how you feel about it
"Right now, ugh, that was nasty lately.",disgust,Sounds like a seriously unpleasant experience. Give yourself a little space from it
"Right now, seriously? I’m stunned today.",surprise,You sound genuinely surprised. Take a breath and give yourself time to process the new information
I’m annoyed beyond words lately.,anger,That sounds like a lot of irritation building up. A short break may help you sort out what specifically crossed the line
"Honestly, why does this keep happening more than usual.",anger,Repeated problems can wear down your patience. It’s understandable to feel angry when the same issue keeps returning
I’m not sure what I’m feeling more than usual.,neutral,That’s okay. You don’t need to label everything immediately; we can explore it together
Feeling low for some reason.,sadness,It sounds like things feel unusually flat right now. Taking the day slowly may be kinder than demanding too much from yourself You can take it one moment at a time.
"Right now, i can’t believe it more than usual.",surprise,That sounds like a big surprise. Let yourself absorb the moment before deciding what it means
Today just hurts for some reason.,sadness,"I hear how painful today feels. For now, being gentle with yourself is enough"
"Lately, what if everything goes wrong honestly.",fear,That kind of what-if thinking can feel overwhelming. Gently return to what you know right now rather than every possible outcome You can take it one moment at a time.
Nothing much is happening today honestly.,neutral,Sounds like a fairly ordinary day. Is there anything on your mind?
"For some reason, this makes me furious honestly.",anger,I hear how strong the anger is. You can validate that feeling while still choosing a response you’ll feel good about later
"Honestly, this came out of nowhere tonight.",surprise,Sudden changes can be startling. A little pause can help you figure out how you feel about it
I guess nothing feels exciting anymore lately.,sadness,It sounds like things feel unusually flat right now. Taking the day slowly may be kinder than demanding too much from yourself There’s no need to rush your response.
"Right now, this came out of nowhere for some reason.",surprise,Sudden changes can be startling. A little pause can help you figure out how you feel about it
So happy right now tonight.,joy,You have every reason to pause and recognize what you accomplished There’s no need to rush your response.
Just checking in after everything that happened.,neutral,Absolutely. Tell me whatever part of your day you want to share You can take it one moment at a time.
"Honestly, i hate seeing things like that honestly.",disgust,It makes sense that something so unpleasant would bother you. You can choose some distance from it when possible
"Lately, i’m trying to understand myself better more than usual.",neutral,That sounds like a worthwhile goal. We can look at what you’ve been noticing without rushing to conclusions You can take it one moment at a time.
"Lately, i can’t stand the smell after everything that happened.",disgust,"Strong unpleasant smells can be overwhelming. If you can, move somewhere with fresher air and give yourself a reset You can take it one moment at a time."
"For some reason, i never imagined this would happen.",surprise,That kind of unexpected turn can leave you searching for words. Give yourself space to take it in
"Right now, i can't stop smiling honestly.",joy,That smile says a lot. I hope you get to soak up this good feeling
"For some reason, i did not see that coming tonight.",surprise,Unexpected moments can take a second to process. What part surprised you most?
"For some reason, can we talk about my day tonight.",neutral,Absolutely. Tell me whatever part of your day you want to share
"For some reason, that behavior is so disturbing.",disgust,It sounds like what you saw really unsettled you. You’re allowed to recognize that it crossed your personal boundaries.
"Lately, today was pretty normal honestly.",neutral,"Sometimes a normal day is simply a normal day. What stood out, if anything? You can take it one moment at a time."
I guess i did not see that coming this morning.,surprise,Unexpected moments can take a second to process. What part surprised you most? There’s no need to rush your response.
"For some reason, this is seriously frustrating for some reason.",anger,I can understand why that would feel frustrating. A little space before responding may help you regain control
"Right now, today was pretty normal tonight.",neutral,"Sometimes a normal day is simply a normal day. What stood out, if anything?"
"Lately, i feel really down today tonight.",sadness,I’m sorry today feels heavy. You don’t have to force yourself to feel better immediately You can take it one moment at a time.
"Lately, honestly, I feel fantastic after everything that happened.",joy,I’m glad you’re having such a positive moment. Let yourself enjoy it without overthinking it You can take it one moment at a time.
"For some reason, this came out of nowhere at the moment.",surprise,Sudden changes can be startling. A little pause can help you figure out how you feel about it
"I guess well, that’s new.",surprise,Something clearly caught you off guard. It’s okay to simply observe your reaction for a moment There’s no need to rush your response.
"Right now, wait, that actually happened at the moment.",surprise,That sounds like quite a surprise. Give yourself a moment to take it in
Today just hurts today.,sadness,"I hear how painful today feels. For now, being gentle with yourself is enough"
"Right now, i’m so angry right now.",anger,It sounds like something really pushed your limits. You can acknowledge the anger without letting it choose your next move
I guess i keep thinking about what I lost today.,sadness,It makes sense that a loss can keep returning to your thoughts. You can acknowledge the sadness without judging yourself for it There’s no need to rush your response.
"Lately, i’m not sure what I’m feeling lately.",neutral,That’s okay. You don’t need to label everything immediately; we can explore it together You can take it one moment at a time.
"Right now, i’m deeply uncomfortable with this honestly.",disgust,"Your discomfort matters. You can pause, create some distance, and decide what boundary feels right"
"Honestly, nothing much is happening today at the moment.",neutral,Sounds like a fairly ordinary day. Is there anything on your mind?
"Lately, i’m tired of being treated this way for some reason.",anger,Being treated unfairly can build a lot of anger. It may help to separate what happened from what you want to happen next You can take it one moment at a time.
What a surprise this morning.,surprise,That sounds like a big surprise. Let yourself absorb the moment before deciding what it means There’s no need to rush your response.
"Right now, why does this keep happening at the moment.",anger,Repeated problems can wear down your patience. It’s understandable to feel angry when the same issue keeps returning
I’m thinking today.,neutral,Of course. We can take the conversation wherever you’d like
"Lately, that is just gross after everything that happened.",disgust,I hear how strongly you dislike it. Sometimes the best response is simply to remove yourself from the unpleasant situation You can take it one moment at a time.
"Honestly, that was completely unexpected.",surprise,Sounds like the situation changed quickly. Take some time to process what happened
"For some reason, i have a bad feeling today.",fear,That uneasy feeling can be unsettling. Take a slow breath and give yourself a moment to separate the feeling from the facts you know
"Honestly, ugh, that was nasty.",disgust,Sounds like a seriously unpleasant experience. Give yourself a little space from it
"Honestly, wait, that actually happened tonight.",surprise,That sounds like quite a surprise. Give yourself a moment to take it in
"Right now, i’m proud of myself tonight.",joy,You have every reason to pause and recognize what you accomplished
I’m nervous about meeting them after everything that happened.,fear,It’s understandable to feel nervous before an important interaction. You can prepare for what you can control and let the rest unfold.
I’m stunned.,surprise,Sounds like the situation changed quickly. Take some time to process what happened You can take it one moment at a time.
"For some reason, well, that’s new lately.",surprise,Something clearly caught you off guard. It’s okay to simply observe your reaction for a moment.
"Right now, i just want to cry honestly.",sadness,Sometimes tears are simply a way of letting emotion out. You can give yourself a quiet moment
"Right now, they completely ignored me more than usual.",anger,"Being ignored can feel deeply disrespectful. Your frustration makes sense, and you can decide how you want to address it calmly"
"Lately, i don’t really know what to say for some reason.",neutral,"That’s completely fine. You can start with whatever feels easiest, even if it’s just one sentence You can take it one moment at a time."
"I guess whoa, seriously after everything that happened.",surprise,That definitely sounds unexpected. Sometimes a little pause helps the surprise settle There’s no need to rush your response.
"For some reason, i’m tired of being treated this way at the moment.",anger,Being treated unfairly can build a lot of anger. It may help to separate what happened from what you want to happen next.
"For some reason, whoa, seriously after everything that happened.",surprise,That definitely sounds unexpected. Sometimes a little pause helps the surprise settle
"Lately, i have a bad feeling after everything that happened.",fear,That uneasy feeling can be unsettling. Take a slow breath and give yourself a moment to separate the feeling from the facts you know You can take it one moment at a time.
"Right now, i’m not sure what I’m feeling for some reason.",neutral,That’s okay. You don’t need to label everything immediately; we can explore it together
"Honestly, i’m disgusted by what happened for some reason.",disgust,Your reaction sounds strong and understandable given what you encountered. Creating some distance may help
"Right now, today just hurts.",sadness,"I hear how painful today feels. For now, being gentle with yourself is enough"
"Right now, i’m scared about tomorrow today.",fear,"Uncertainty can make tomorrow feel much bigger than it is. For now, focus on what you can handle today"
"Right now, wait, that actually happened tonight.",surprise,That sounds like quite a surprise. Give yourself a moment to take it in
"Honestly, i’m deeply uncomfortable with this honestly.",disgust,"Your discomfort matters. You can pause, create some distance, and decide what boundary feels right"
"Honestly, they completely ignored me.",anger,"Being ignored can feel deeply disrespectful. Your frustration makes sense, and you can decide how you want to address it calmly"
I’m furious today.,anger,That urge can be intense. Giving yourself a pause can create room to express what’s wrong without escalating things You can take it one moment at a time.
This makes me furious after everything that happened.,anger,I hear how strong the anger is. You can validate that feeling while still choosing a response you’ll feel good about later
"Lately, i’m fed up with this more than usual.",anger,It sounds like you’ve reached your limit. You deserve a moment to step back and breathe before deciding what to do next You can take it one moment at a time
"Lately, i’m nervous about meeting them at the moment.",fear,It’s understandable to feel nervous before an important interaction. You can prepare for what you can control and let the rest unfold You can take it one moment at a time.
"I guess well, that’s new tonight.",surprise,Something clearly caught you off guard. It’s okay to simply observe your reaction for a moment There’s no need to rush your response.
"For some reason, can we talk about my day lately.",neutral,Absolutely. Tell me whatever part of your day you want to share
"Lately, honestly, I feel fantastic today.",joy,I’m glad you’re having such a positive moment. Let yourself enjoy it without overthinking it You can take it one moment at a time.
"For some reason, i feel really anxious about this after everything that happened.",fear,"It sounds like this situation has your mind on high alert. Try narrowing your attention to the next small, manageable step"
"Honestly, that behavior is so disturbing this morning.",disgust,It sounds like what you saw really unsettled you. You’re allowed to recognize that it crossed your personal boundaries
"For some reason, i’m trying to understand myself better after everything that happened.",neutral,That sounds like a worthwhile goal. We can look at what you’ve been noticing without rushing to conclusions
"Right now, i miss how things used to be today.",sadness,"Missing the past can hurt, especially when it carries meaningful memories. It’s okay to acknowledge that feeling"
"Right now, i feel sickened by this honestly.",disgust,That reaction shows how strongly the situation affected you. Stepping back can help you regain some comfort
I’m repulsed lately.,disgust,That sounds deeply unpleasant. You don’t have to stay around something that makes you feel that uncomfortable
I wanted to talk for a bit after everything that happened.,neutral,Of course. We can take the conversation wherever you’d like
"For some reason, what if everything goes wrong this morning.",fear,That kind of what-if thinking can feel overwhelming. Gently return to what you know right now rather than every possible outcome
I guess i have a bad feeling for some reason.,fear,That uneasy feeling can be unsettling. Take a slow breath and give yourself a moment to separate the feeling from the facts you know There’s no need to rush your response.
"For some reason, i’m so angry right now more than usual.",anger,It sounds like something really pushed your limits. You can acknowledge the anger without letting it choose your next move
They completely ignored me lately.,anger,"Being ignored can feel deeply disrespectful. Your frustration makes sense, and you can decide how you want to address it calmly"
I guess i feel really anxious about this at the moment.,fear,"It sounds like this situation has your mind on high alert. Try narrowing your attention to the next small, manageable step There’s no need to rush your response."
"Right now, i feel lonely even around people for some reason.",sadness,Feeling alone while surrounded by others can be especially painful. It may help to name what kind of connection you’re missing
"Honestly, i had such a good day more than usual.",joy,I’m happy your day treated you well. Those ordinary good days are worth noticing
I’m stunned this morning.,surprise,That sounds like quite a surprise. Give yourself a moment to take it in
"For some reason, i’m disgusted by what happened at the moment.",disgust,Your reaction sounds strong and understandable given what you encountered. Creating some distance may help
"Ugh, disgusting more than usual.",disgust,"Strong unpleasant smells can be overwhelming. If you can, move somewhere with fresher air and give yourself a reset"
"Right now, i feel really down today.",sadness,I’m sorry today feels heavy. You don’t have to force yourself to feel better immediately
"Honestly, i’m having a rough time after everything that happened.",sadness,I’m sorry you’re going through a rough patch. You don’t have to solve everything at once
"Right now, that behavior is so disturbing tonight.",disgust,It sounds like what you saw really unsettled you. You’re allowed to recognize that it crossed your personal boundaries
"Right now, i’m so angry right now today.",anger,It sounds like something really pushed your limits. You can acknowledge the anger without letting it choose your next move
"Lately, that is just gross lately.",disgust,I hear how strongly you dislike it. Sometimes the best response is simply to remove yourself from the unpleasant situation You can take it one moment at a time.
"Lately, i feel lonely even around people for some reason.",sadness,Feeling alone while surrounded by others can be especially painful. It may help to name what kind of connection you’re missing You can take it one moment at a time.
"Lately, i keep thinking about what I lost at the moment.",sadness,It makes sense that a loss can keep returning to your thoughts. You can acknowledge the sadness without judging yourself for it You can take it one moment at a time.
I guess i want to yell tonight.,anger,That urge can be intense. Giving yourself a pause can create room to express what’s wrong without escalating things There’s no need to rush your response.
I’m repulsed more than usual.,disgust,That sounds deeply unpleasant. You don’t have to stay around something that makes you feel that uncomfortable
"Honestly, i can’t believe they did that after everything that happened.",anger,It sounds like their action really crossed a boundary for you. Taking a breath before reacting could give you more options
"Well, that’s new today.",surprise,Something clearly caught you off guard. It’s okay to simply observe your reaction for a moment
"For some reason, can we talk about my day?",neutral,Absolutely. Tell me whatever part of your day you want to share
"Right now, i’m so angry right now lately.",anger,It sounds like something really pushed your limits. You can acknowledge the anger without letting it choose your next move
I guess i miss how things used to be for some reason.,sadness,"Missing the past can hurt, especially when it carries meaningful memories. It’s okay to acknowledge that feeling There’s no need to rush your response."
"Honestly, today feels special for some reason.",joy,There’s something refreshing about a day that feels special. Enjoy it at your own pace
"I guess whoa, seriously lately.",surprise,That definitely sounds unexpected. Sometimes a little pause helps the surprise settle There’s no need to rush your response.
"Right now, honestly, I feel fantastic for some reason.",joy,I’m glad you’re having such a positive moment. Let yourself enjoy it without overthinking it
"Honestly, i’m so angry right now tonight.",anger,It sounds like something really pushed your limits. You can acknowledge the anger without letting it choose your next move
"Lately, nothing much is happening today more than usual.",neutral,Sounds like a fairly ordinary day. Is there anything on your mind? You can take it one moment at a time.
That was absolutely revolting honestly.,disgust,That sounds deeply unpleasant. You don’t have to stay around something that makes you feel that uncomfortable
"Lately, i feel really anxious about this this morning.",fear,"It sounds like this situation has your mind on high alert. Try narrowing your attention to the next small, manageable step You can take it one moment at a time."
I guess everything feels a little empty after everything that happened.,sadness,That emptiness can be difficult to sit with. Be gentle with yourself while you move through it There’s no need to rush your response.
"For some reason, everything feels a little empty more than usual.",sadness,That emptiness can be difficult to sit with. Be gentle with yourself while you move through it.
Nothing much this morning.,neutral,Sounds like a fairly ordinary day. Is there anything on your mind?
"Honestly, i’m shocked by the news today.",surprise,It makes sense to need a moment after surprising news. You don’t have to react immediately
I hate seeing things like that honestly.,disgust,It makes sense that something so unpleasant would bother you. You can choose some distance from it when possible
"Right now, nothing feels exciting anymore more than usual.",sadness,It sounds like things feel unusually flat right now. Taking the day slowly may be kinder than demanding too much from yourself
"For some reason, today feels special at the moment.",joy,There’s something refreshing about a day that feels special. Enjoy it at your own pace
That was completely unexpected after everything that happened.,surprise,Sounds like the situation changed quickly. Take some time to process what happened
"Honestly, i want to yell.",anger,That urge can be intense. Giving yourself a pause can create room to express what’s wrong without escalating things
Nothing much more than usual.,neutral,Sounds like a fairly ordinary day. Is there anything on your mind?
I’m annoyed beyond words.,anger,That sounds like a lot of irritation building up. A short break may help you sort out what specifically crossed the line
"For some reason, nothing feels exciting anymore lately.",sadness,It sounds like things feel unusually flat right now. Taking the day slowly may be kinder than demanding too much from yourself
"Honestly, i’m annoyed beyond words tonight.",anger,That sounds like a lot of irritation building up. A short break may help you sort out what specifically crossed the line
"Honestly, i never imagined this would happen more than usual.",surprise,That kind of unexpected turn can leave you searching for words. Give yourself space to take it in
"Right now, i’m feeling really happy today for some reason.",joy,That happiness sounds lovely. Give yourself permission to enjoy this moment
"Honestly, just thinking things over more than usual.",neutral,Taking time to think can be useful. What’s been occupying your thoughts?
"Lately, i’m feeling really happy today at the moment.",joy,That happiness sounds lovely. Give yourself permission to enjoy this moment You can take it one moment at a time.
"Honestly, just thinking things over.",neutral,Taking time to think can be useful. What’s been occupying your thoughts?
Can we talk about my day tonight.,neutral,Absolutely. Tell me whatever part of your day you want to share
This is seriously frustrating tonight.,anger,I can understand why that would feel frustrating. A little space before responding may help you regain control
"Honestly, things are finally going my way this morning.",joy,It’s great to hear that things are clicking into place. Take a moment to appreciate the progress
"Right now, seriously? I’m stunned.",surprise,You sound genuinely surprised. Take a breath and give yourself time to process the new information
Nothing much after everything that happened.,neutral,Taking time to think can be useful. What’s been occupying your thoughts? There’s no need to rush your response.
"Honestly, i have a question at the moment.",neutral,"Sure, go ahead. I’ll do my best to help you work through it"
"Lately, this made my whole day this morning.",joy,It sounds like that moment really lifted you. Hold onto what made it meaningful You can take it one moment at a time.
"Honestly, got some amazing news at the moment.",joy,Wonderful news can brighten everything. What part of it feels best to you?
"For some reason, i’m proud of myself more than usual.",joy,You have every reason to pause and recognize what you accomplished
"Honestly, i hate seeing things like that for some reason.",disgust,It makes sense that something so unpleasant would bother you. You can choose some distance from it when possible
Feeling low honestly.,sadness,It sounds like things feel unusually flat right now. Taking the day slowly may be kinder than demanding too much from yourself You can take it one moment at a time.
"Right now, i can’t believe they did that at the moment.",anger,It sounds like their action really crossed a boundary for you. Taking a breath before reacting could give you more options
I’m deeply uncomfortable with this lately.,disgust,"Your discomfort matters. You can pause, create some distance, and decide what boundary feels right"
"Ugh, that was nasty this morning.",disgust,Sounds like a seriously unpleasant experience. Give yourself a little space from it
"Right now, today feels special.",joy,There’s something refreshing about a day that feels special. Enjoy it at your own pace
"Lately, i can’t believe it for some reason.",surprise,That sounds like a big surprise. Let yourself absorb the moment before deciding what it means You can take it one moment at a time.
I guess i just want to cry for some reason.,sadness,Sometimes tears are simply a way of letting emotion out. You can give yourself a quiet moment There’s no need to rush your response.
Absolutely unpleasant after everything that happened.,disgust,Your reaction sounds strong and understandable given what you encountered. Creating some distance may help
"For some reason, i have a question.",neutral,"Sure, go ahead. I’ll do my best to help you work through it"
I’m tired of being treated this way for some reason.,anger,Being treated unfairly can build a lot of anger. It may help to separate what happened from what you want to happen next.
Absolutely unpleasant lately.,disgust,Sounds like a seriously unpleasant experience. Give yourself a little space from it There’s no need to rush your response.
I guess things are finally going my way for some reason.,joy,It’s great to hear that things are clicking into place. Take a moment to appreciate the progress There’s no need to rush your response.
So frustrated lately.,anger,I can understand why that would feel frustrating. A little space before responding may help you regain control
I don’t really know what to say for some reason.,neutral,"That’s completely fine. You can start with whatever feels easiest, even if it’s just one sentence"
Today was pretty normal and I’m trying to process it.,neutral,"Sometimes a normal day is simply a normal day. What stood out, if anything?"
Just feeling sad at the moment.,sadness,"Missing the past can hurt, especially when it carries meaningful memories. It’s okay to acknowledge that feeling"
Why does this keep happening at the moment.,anger,Repeated problems can wear down your patience. It’s understandable to feel angry when the same issue keeps returning
"Honestly, i’m tired of being treated this way at the moment.",anger,Being treated unfairly can build a lot of anger. It may help to separate what happened from what you want to happen next
Nothing much for some reason.,neutral,Taking time to think can be useful. What’s been occupying your thoughts? There’s no need to rush your response.
I have a question tonight.,neutral,"Sure, go ahead. I’ll do my best to help you work through it"
"For some reason, they completely ignored me.",anger,"Being ignored can feel deeply disrespectful. Your frustration makes sense, and you can decide how you want to address it calmly"
"Right now, i just want to cry at the moment.",sadness,Sometimes tears are simply a way of letting emotion out. You can give yourself a quiet moment
I guess i did not see that coming lately.,surprise,Unexpected moments can take a second to process. What part surprised you most? There’s no need to rush your response.
"Honestly, i’m trying to understand myself better lately.",neutral,That sounds like a worthwhile goal. We can look at what you’ve been noticing without rushing to conclusions
I’m furious lately.,anger,That urge can be intense. Giving yourself a pause can create room to express what’s wrong without escalating things You can take it one moment at a time.
"Right now, today was pretty normal after everything that happened.",neutral,"Sometimes a normal day is simply a normal day. What stood out, if anything?"
"Right now, that behavior is so disturbing after everything that happened.",disgust,It sounds like what you saw really unsettled you. You’re allowed to recognize that it crossed your personal boundaries
"Honestly, i’m disgusted by what happened this morning.",disgust,Your reaction sounds strong and understandable given what you encountered. Creating some distance may help
I keep thinking about what I lost at the moment.,sadness,It makes sense that a loss can keep returning to your thoughts. You can acknowledge the sadness without judging yourself for it
I can’t stand the smell tonight.,disgust,"Strong unpleasant smells can be overwhelming. If you can, move somewhere with fresher air and give yourself a reset"
"For some reason, i’m proud of myself for some reason.",joy,You have every reason to pause and recognize what you accomplished
"Honestly, i’m nervous about meeting them tonight.",fear,It’s understandable to feel nervous before an important interaction. You can prepare for what you can control and let the rest unfold.
I’m deeply uncomfortable with this today.,disgust,"Your discomfort matters. You can pause, create some distance, and decide what boundary feels right"
I did not see that coming at the moment.,surprise,Unexpected moments can take a second to process. What part surprised you most?
"Honestly, i’m excited about what’s next tonight.",joy,That excitement can be a great source of energy. Let it carry you forward one step at a time
I’m disgusted by what happened honestly.,disgust,Your reaction sounds strong and understandable given what you encountered. Creating some distance may help
I guess i can’t stand the smell at the moment.,disgust,"Strong unpleasant smells can be overwhelming. If you can, move somewhere with fresher air and give yourself a reset There’s no need to rush your response."
Everything feels uncertain for some reason.,fear,Uncertainty can make even ordinary decisions feel harder. Focus on the next clear choice rather than solving everything at once
"Honestly, that is just gross at the moment.",disgust,I hear how strongly you dislike it. Sometimes the best response is simply to remove yourself from the unpleasant situation
I guess i feel lonely even around people lately.,sadness,Feeling alone while surrounded by others can be especially painful. It may help to name what kind of connection you’re missing There’s no need to rush your response.
"Right now, i have a question for some reason.",neutral,"Sure, go ahead. I’ll do my best to help you work through it"
"Lately, everything feels a little empty this morning.",sadness,That emptiness can be difficult to sit with. Be gentle with yourself while you move through it You can take it one moment at a time.
"Right now, i’m excited about what’s next honestly.",joy,That excitement can be a great source of energy. Let it carry you forward one step at a time
"For some reason, i hate seeing things like that today.",disgust,It makes sense that something so unpleasant would bother you. You can choose some distance from it when possible
"Lately, ugh, that was nasty tonight.",disgust,Sounds like a seriously unpleasant experience. Give yourself a little space from it You can take it one moment at a time.
I guess that was absolutely revolting after everything that happened.,disgust,That sounds deeply unpleasant. You don’t have to stay around something that makes you feel that uncomfortable There’s no need to rush your response.
What if everything goes wrong?,fear,That kind of what-if thinking can feel overwhelming. Gently return to what you know right now rather than every possible outcome
What a good day after everything that happened.,joy,That smile says a lot. I hope you get to soak up this good feeling
"For some reason, i’m nervous about meeting them for some reason.",fear,It’s understandable to feel nervous before an important interaction. You can prepare for what you can control and let the rest unfold
I guess i feel really anxious about this.,fear,"It sounds like this situation has your mind on high alert. Try narrowing your attention to the next small, manageable step There’s no need to rush your response."
Absolutely unpleasant honestly.,disgust,Sounds like a seriously unpleasant experience. Give yourself a little space from it There’s no need to rush your response
So frustrated lately.,anger,"Being ignored can feel deeply disrespectful. Your frustration makes sense, and you can decide how you want to address it calmly There’s no need to rush your response."
"For some reason, i wanted to talk for a bit tonight.",neutral,Of course. We can take the conversation wherever you’d like
"Lately, i can’t stand the smell.",disgust,"Strong unpleasant smells can be overwhelming. If you can, move somewhere with fresher air and give yourself a reset You can take it one moment at a time."
"Right now, this made my whole day lately.",joy,It sounds like that moment really lifted you. Hold onto what made it meaningful
"Lately, i don’t really know what to say at the moment.",neutral,"That’s completely fine. You can start with whatever feels easiest, even if it’s just one sentence You can take it one moment at a time."
I’m nervous about meeting them tonight.,fear,It’s understandable to feel nervous before an important interaction. You can prepare for what you can control and let the rest unfold
"Lately, i’m shocked by the news.",surprise,It makes sense to need a moment after surprising news. You don’t have to react immediately You can take it one moment at a time.
I’m disgusted by what happened for some reason.,disgust,Your reaction sounds strong and understandable given what you encountered. Creating some distance may help
"Honestly, i’m tired of being treated this way.",anger,Being treated unfairly can build a lot of anger. It may help to separate what happened from what you want to happen next
"For some reason, i have a question and I’m trying to process it.",neutral,"Sure, go ahead. I’ll do my best to help you work through it"
I’m really hurting this morning.,sadness,That emptiness can be difficult to sit with. Be gentle with yourself while you move through it.
"Honestly, everything feels a little empty.",sadness,That emptiness can be difficult to sit with. Be gentle with yourself while you move through it
"Honestly, that is just gross more than usual.",disgust,I hear how strongly you dislike it. Sometimes the best response is simply to remove yourself from the unpleasant situation
"Right now, i’m excited about what’s next lately.",joy,That excitement can be a great source of energy. Let it carry you forward one step at a time
I guess i feel really down today for some reason.,sadness,I’m sorry today feels heavy. You don’t have to force yourself to feel better immediately There’s no need to rush your response.
"Honestly, i can’t believe they did that this morning.",anger,It sounds like their action really crossed a boundary for you. Taking a breath before reacting could give you more options
"Right now, that was completely unexpected today.",surprise,Sounds like the situation changed quickly. Take some time to process what happened
I’m stunned.,surprise,That sounds like quite a surprise. Give yourself a moment to take it in
"I guess honestly, I feel fantastic for some reason.",joy,I’m glad you’re having such a positive moment. Let yourself enjoy it without overthinking it There’s no need to rush your response.
Today just hurts.,sadness,"I hear how painful today feels. For now, being gentle with yourself is enough"
"Right now, i’m having a rough time.",sadness,I’m sorry you’re going through a rough patch. You don’t have to solve everything at once
"Lately, i can't stop smiling today.",joy,That smile says a lot. I hope you get to soak up this good feeling You can take it one moment at a time.
I guess i’m disgusted by what happened for some reason.,disgust,Your reaction sounds strong and understandable given what you encountered. Creating some distance may help There’s no need to rush your response
"Honestly, i’m having a rough time today.",sadness,I’m sorry you’re going through a rough patch. You don’t have to solve everything at once
"Right now, my mind won’t stop worrying after everything that happened.",fear,"When worries keep looping, it can help to pause and notice what is actually happening in the present moment"
I can’t believe it lately.,surprise,That sounds like a big surprise. Let yourself absorb the moment before deciding what it means
"Honestly, nothing much is happening today lately.",neutral,Sounds like a fairly ordinary day. Is there anything on your mind?
"For some reason, i’m excited about what’s next for some reason.",joy,That excitement can be a great source of energy. Let it carry you forward one step at a time
"I guess honestly, I feel fantastic honestly.",joy,I’m glad you’re having such a positive moment. Let yourself enjoy it without overthinking it There’s no need to rush your response.
I guess i keep thinking about what I lost after everything that happened.,sadness,It makes sense that a loss can keep returning to your thoughts. You can acknowledge the sadness without judging yourself for it There’s no need to rush your response.
"Ugh, that was nasty and I’m trying to process it.",disgust,Sounds like a seriously unpleasant experience. Give yourself a little space from it
Today feels special for some reason.,joy,There’s something refreshing about a day that feels special. Enjoy it at your own pace
What a good day for some reason.,joy,That smile says a lot. I hope you get to soak up this good feeling
"Right now, that really grosses me out today.",disgust,It sounds like that crossed a strong comfort boundary for you. It’s okay to step away from what feels unpleasant
I guess i feel really down today this morning.,sadness,I’m sorry today feels heavy. You don’t have to force yourself to feel better immediately There’s no need to rush your response.
This annoys me tonight.,anger,Repeated problems can wear down your patience. It’s understandable to feel angry when the same issue keeps returning
I’m caught off guard today.,surprise,It makes sense to need a moment after surprising news. You don’t have to react immediately
"Honestly, i can’t believe they did that honestly.",anger,It sounds like their action really crossed a boundary for you. Taking a breath before reacting could give you more options
Nothing much is happening today and I’m trying to process it.,neutral,Sounds like a fairly ordinary day. Is there anything on your mind?
"Right now, today was pretty normal.",neutral,"Sometimes a normal day is simply a normal day. What stood out, if anything?"
"For some reason, i’m disappointed and sad this morning.",sadness,That combination can weigh heavily. It’s okay to recognize both the disappointment and the sadness
"For some reason, can we talk about my day at the moment.",neutral,Absolutely. Tell me whatever part of your day you want to share
"For some reason, i’m trying to understand myself better honestly.",neutral,That sounds like a worthwhile goal. We can look at what you’ve been noticing without rushing to conclusions
"Right now, i can’t believe they did that tonight.",anger,It sounds like their action really crossed a boundary for you. Taking a breath before reacting could give you more options
"Honestly, everything feels uncertain more than usual.",fear,Uncertainty can make even ordinary decisions feel harder. Focus on the next clear choice rather than solving everything at once
"Lately, i’m shocked by the news for some reason.",surprise,It makes sense to need a moment after surprising news. You don’t have to react immediately You can take it one moment at a time.
"Lately, i’m panicking a little more than usual.",fear,"That sounds intense. Try grounding yourself in what you can see, hear, and feel right now, one detail at a time You can take it one moment at a time."
"Lately, i’m scared about tomorrow at the moment.",fear,"Uncertainty can make tomorrow feel much bigger than it is. For now, focus on what you can handle today You can take it one moment at a time."
I guess this is seriously frustrating honestly.,anger,I can understand why that would feel frustrating. A little space before responding may help you regain control There’s no need to rush your response.
I guess i’m not sure what I’m feeling more than usual.,neutral,That’s okay. You don’t need to label everything immediately; we can explore it together There’s no need to rush your response.
"For some reason, well, that’s new at the moment.",surprise,Something clearly caught you off guard. It’s okay to simply observe your reaction for a moment
"Honestly, i have a question.",neutral,"Sure, go ahead. I’ll do my best to help you work through it"
Can we talk about my day?,neutral,Absolutely. Tell me whatever part of your day you want to share
I’m afraid to find out this morning.,fear,Waiting for an answer can be frightening. You can take the moment one piece at a time instead of carrying the whole uncertainty at once
I guess i’m just checking in.,neutral,I’m here with you. What would you like to talk about? There’s no need to rush your response.
"Honestly, i feel really anxious about this for some reason.",fear,"It sounds like this situation has your mind on high alert. Try narrowing your attention to the next small, manageable step"
I keep thinking about what I lost more than usual.,sadness,It makes sense that a loss can keep returning to your thoughts. You can acknowledge the sadness without judging yourself for it
"Right now, that really grosses me out tonight.",disgust,It sounds like that crossed a strong comfort boundary for you. It’s okay to step away from what feels unpleasant
"Honestly, I feel fantastic after everything that happened.",joy,I’m glad you’re having such a positive moment. Let yourself enjoy it without overthinking it
"Lately, i’m deeply uncomfortable with this.",disgust,"Your discomfort matters. You can pause, create some distance, and decide what boundary feels right You can take it one moment at a time."
I guess what if everything goes wrong this morning.,fear,That kind of what-if thinking can feel overwhelming. Gently return to what you know right now rather than every possible outcome There’s no need to rush your response.
"Honestly, seriously? I’m stunned after everything that happened.",surprise,You sound genuinely surprised. Take a breath and give yourself time to process the new information
I guess i feel sickened by this lately.,disgust,That reaction shows how strongly the situation affected you. Stepping back can help you regain some comfort There’s no need to rush your response.
"For some reason, i’m just checking in lately.",neutral,I’m here with you. What would you like to talk about?
"For some reason, i have a bad feeling more than usual.",fear,That uneasy feeling can be unsettling. Take a slow breath and give yourself a moment to separate the feeling from the facts you know
"Lately, nothing much is happening today this morning.",neutral,Sounds like a fairly ordinary day. Is there anything on your mind? You can take it one moment at a time.
"Right now, i’m fed up with this.",anger,It sounds like you’ve reached your limit. You deserve a moment to step back and breathe before deciding what to do next
"For some reason, i’m excited about what’s next lately.",joy,That excitement can be a great source of energy. Let it carry you forward one step at a time
I feel really anxious about this lately.,fear,"It sounds like this situation has your mind on high alert. Try narrowing your attention to the next small, manageable step"
"Right now, that is just gross more than usual.",disgust,I hear how strongly you dislike it. Sometimes the best response is simply to remove yourself from the unpleasant situation
"Lately, ugh, that was nasty for some reason.",disgust,Sounds like a seriously unpleasant experience. Give yourself a little space from it You can take it one moment at a time.
"Right now, i miss how things used to be tonight.",sadness,"Missing the past can hurt, especially when it carries meaningful memories. It’s okay to acknowledge that feeling"
"Lately, this is seriously frustrating tonight.",anger,I can understand why that would feel frustrating. A little space before responding may help you regain control You can take it one moment at a time.
"Honestly, i feel really anxious about this today.",fear,"It sounds like this situation has your mind on high alert. Try narrowing your attention to the next small, manageable step"
"Honestly, i have a bad feeling.",fear,That uneasy feeling can be unsettling. Take a slow breath and give yourself a moment to separate the feeling from the facts you know
"Right now, today just hurts more than usual.",sadness,"I hear how painful today feels. For now, being gentle with yourself is enough"
I’m scared this morning.,fear,"Uncertainty can make tomorrow feel much bigger than it is. For now, focus on what you can handle today"
I guess i’m just checking in at the moment.,neutral,I’m here with you. What would you like to talk about? There’s no need to rush your response.
"Well, that’s new for some reason.",surprise,Something clearly caught you off guard. It’s okay to simply observe your reaction for a moment
Today feels heavy lately.,sadness,Sometimes tears are simply a way of letting emotion out. You can give yourself a quiet moment
Feeling great this morning.,joy,There’s something refreshing about a day that feels special. Enjoy it at your own pace You can take it one moment at a time.
Just thinking things over after everything that happened.,neutral,Taking time to think can be useful. What’s been occupying your thoughts?
"Lately, wait, that actually happened at the moment.",surprise,That sounds like quite a surprise. Give yourself a moment to take it in You can take it one moment at a time.
"Lately, seriously? I’m stunned lately.",surprise,You sound genuinely surprised. Take a breath and give yourself time to process the new information You can take it one moment at a time.
"For some reason, wait, that actually happened this morning.",surprise,That sounds like quite a surprise. Give yourself a moment to take it in
I guess i’m disgusted by what happened today.,disgust,Your reaction sounds strong and understandable given what you encountered. Creating some distance may help There’s no need to rush your response
I’m nervous for some reason.,fear,Waiting for an answer can be frightening. You can take the moment one piece at a time instead of carrying the whole uncertainty at once
"Right now, i can’t believe they did that for some reason.",anger,It sounds like their action really crossed a boundary for you. Taking a breath before reacting could give you more options
Seriously? I’m stunned for some reason.,surprise,You sound genuinely surprised. Take a breath and give yourself time to process the new information
"For some reason, can we talk about my day this morning.",neutral,Absolutely. Tell me whatever part of your day you want to share
I wanted to talk for a bit at the moment.,neutral,Of course. We can take the conversation wherever you’d like
"Lately, i’m excited about what’s next.",joy,That excitement can be a great source of energy. Let it carry you forward one step at a time You can take it one moment at a time.
"Right now, i’m proud of myself.",joy,You have every reason to pause and recognize what you accomplished
"Right now, i’m deeply uncomfortable with this lately.",disgust,"Your discomfort matters. You can pause, create some distance, and decide what boundary feels right"
"Lately, got some amazing news after everything that happened.",joy,Wonderful news can brighten everything. What part of it feels best to you? You can take it one moment at a time.
"For some reason, i’m having a rough time today.",sadness,I’m sorry you’re going through a rough patch. You don’t have to solve everything at once
I wanted to talk for a bit this morning.,neutral,Of course. We can take the conversation wherever you’d like
"Honestly, i feel lonely even around people more than usual.",sadness,Feeling alone while surrounded by others can be especially painful. It may help to name what kind of connection you’re missing
"Honestly, i’m panicking a little this morning.",fear,"That sounds intense. Try grounding yourself in what you can see, hear, and feel right now, one detail at a time"
"Honestly, i’m scared about tomorrow this morning.",fear,"Uncertainty can make tomorrow feel much bigger than it is. For now, focus on what you can handle today"
"Honestly, i’m annoyed beyond words after everything that happened.",anger,That sounds like a lot of irritation building up. A short break may help you sort out what specifically crossed the line
What if everything goes wrong for some reason.,fear,That kind of what-if thinking can feel overwhelming. Gently return to what you know right now rather than every possible outcome
"Right now, i wanted to talk for a bit after everything that happened.",neutral,Of course. We can take the conversation wherever you’d like
"Lately, i’m having a rough time.",sadness,I’m sorry you’re going through a rough patch. You don’t have to solve everything at once You can take it one moment at a time.
"Honestly, i hate seeing things like that more than usual.",disgust,It makes sense that something so unpleasant would bother you. You can choose some distance from it when possible
"Lately, i’m tired of being treated this way after everything that happened.",anger,Being treated unfairly can build a lot of anger. It may help to separate what happened from what you want to happen next You can take it one moment at a time.
"Lately, what if everything goes wrong for some reason.",fear,That kind of what-if thinking can feel overwhelming. Gently return to what you know right now rather than every possible outcome You can take it one moment at a time.
"Honestly, i’m annoyed beyond words this morning.",anger,That sounds like a lot of irritation building up. A short break may help you sort out what specifically crossed the line
"For some reason, they completely ignored me more than usual.",anger,"Being ignored can feel deeply disrespectful. Your frustration makes sense, and you can decide how you want to address it calmly"
I guess i’m just checking in for some reason.,neutral,I’m here with you. What would you like to talk about? There’s no need to rush your response.
"For some reason, that behavior is so disturbing honestly.",disgust,It sounds like what you saw really unsettled you. You’re allowed to recognize that it crossed your personal boundaries
"For some reason, i’m feeling really happy today more than usual.",joy,That happiness sounds lovely. Give yourself permission to enjoy this moment
"Lately, i’m not sure what I’m feeling after everything that happened.",neutral,That’s okay. You don’t need to label everything immediately; we can explore it together You can take it one moment at a time
Got some amazing news.,joy,Wonderful news can brighten everything. What part of it feels best to you?
"Lately, they completely ignored me honestly.",anger,"Being ignored can feel deeply disrespectful. Your frustration makes sense, and you can decide how you want to address it calmly You can take it one moment at a time."
"Right now, i’m nervous about meeting them.",fear,It’s understandable to feel nervous before an important interaction. You can prepare for what you can control and let the rest unfold
I’m excited about what’s next tonight.,joy,That excitement can be a great source of energy. Let it carry you forward one step at a time
"Right now, i’m fed up with this for some reason.",anger,It sounds like you’ve reached your limit. You deserve a moment to step back and breathe before deciding what to do next
I feel really anxious about this this morning.,fear,"It sounds like this situation has your mind on high alert. Try narrowing your attention to the next small, manageable step"
"Lately, i just want to cry.",sadness,Sometimes tears are simply a way of letting emotion out. You can give yourself a quiet moment You can take it one moment at a time.
"For some reason, that was completely unexpected this morning.",surprise,Sounds like the situation changed quickly. Take some time to process what happened
"Lately, nothing much is happening today after everything that happened.",neutral,Sounds like a fairly ordinary day. Is there anything on your mind? You can take it one moment at a time.
"Lately, i’m proud of myself honestly.",joy,You have every reason to pause and recognize what you accomplished You can take it one moment at a time.
"Right now, i’m scared about tomorrow tonight.",fear,"Uncertainty can make tomorrow feel much bigger than it is. For now, focus on what you can handle today"
I’m shocked by the news for some reason.,surprise,It makes sense to need a moment after surprising news. You don’t have to react immediately
"Honestly, i never imagined this would happen this morning.",surprise,That kind of unexpected turn can leave you searching for words. Give yourself space to take it in
"For some reason, nothing much is happening today lately.",neutral,Sounds like a fairly ordinary day. Is there anything on your mind?
"Lately, i’m deeply uncomfortable with this lately.",disgust,"Your discomfort matters. You can pause, create some distance, and decide what boundary feels right You can take it one moment at a time."
"For some reason, things are finally going my way lately.",joy,It’s great to hear that things are clicking into place. Take a moment to appreciate the progress
"Honestly, i don’t really know what to say after everything that happened.",neutral,"That’s completely fine. You can start with whatever feels easiest, even if it’s just one sentence"
"Right now, i miss how things used to be at the moment.",sadness,"Missing the past can hurt, especially when it carries meaningful memories. It’s okay to acknowledge that feeling"
"Right now, today was pretty normal lately.",neutral,"Sometimes a normal day is simply a normal day. What stood out, if anything?"
"Lately, i hate seeing things like that today.",disgust,It makes sense that something so unpleasant would bother you. You can choose some distance from it when possible You can take it one moment at a time.
"Lately, i’m panicking a little tonight.",fear,"That sounds intense. Try grounding yourself in what you can see, hear, and feel right now, one detail at a time You can take it one moment at a time."
I never imagined this would happen.,surprise,That kind of unexpected turn can leave you searching for words. Give yourself space to take it in
Just checking in lately.,neutral,Absolutely. Tell me whatever part of your day you want to share You can take it one moment at a time.
This made my whole day today.,joy,It sounds like that moment really lifted you. Hold onto what made it meaningful
"Lately, i don’t really know what to say more than usual.",neutral,"That’s completely fine. You can start with whatever feels easiest, even if it’s just one sentence You can take it one moment at a time"
"For some reason, i’m just checking in today.",neutral,I’m here with you. What would you like to talk about?
Feeling low tonight.,sadness,I’m sorry today feels heavy. You don’t have to force yourself to feel better immediately
Feeling low this morning.,sadness,I’m sorry today feels heavy. You don’t have to force yourself to feel better immediately
"For some reason, i’m afraid I’ll mess this up after everything that happened.",fear,Fear of making mistakes can put a lot of pressure on you. Remember that one imperfect moment does not define the whole experience
"Lately, why does this keep happening at the moment.",anger,Repeated problems can wear down your patience. It’s understandable to feel angry when the same issue keeps returning You can take it one moment at a time.
I’m having a rough time at the moment.,sadness,I’m sorry you’re going through a rough patch. You don’t have to solve everything at once
"Lately, i’m tired of being treated this way.",anger,Being treated unfairly can build a lot of anger. It may help to separate what happened from what you want to happen next You can take it one moment at a time.
"Honestly, i’m afraid to find out after everything that happened.",fear,Waiting for an answer can be frightening. You can take the moment one piece at a time instead of carrying the whole uncertainty at once
"Lately, i’m so angry right now.",anger,It sounds like something really pushed your limits. You can acknowledge the anger without letting it choose your next move You can take it one moment at a time.
I’m really hurting at the moment.,sadness,I’m sorry you’re going through a rough patch. You don’t have to solve everything at once There’s no need to rush your response.
"Right now, this made my whole day more than usual.",joy,It sounds like that moment really lifted you. Hold onto what made it meaningful
"For some reason, i’m nervous about meeting them lately.",fear,It’s understandable to feel nervous before an important interaction. You can prepare for what you can control and let the rest unfold
"Honestly, i’m scared about tomorrow for some reason.",fear,"Uncertainty can make tomorrow feel much bigger than it is. For now, focus on what you can handle today"
"For some reason, just thinking things over today.",neutral,Taking time to think can be useful. What’s been occupying your thoughts?
"For some reason, i keep thinking about what I lost today.",sadness,It makes sense that a loss can keep returning to your thoughts. You can acknowledge the sadness without judging yourself for it
Why does this keep happening honestly.,anger,Repeated problems can wear down your patience. It’s understandable to feel angry when the same issue keeps returning
That’s gross.,disgust,It sounds like that crossed a strong comfort boundary for you. It’s okay to step away from what feels unpleasant
"Right now, i can't stop smiling more than usual.",joy,That smile says a lot. I hope you get to soak up this good feeling
I guess i feel lonely even around people this morning.,sadness,Feeling alone while surrounded by others can be especially painful. It may help to name what kind of connection you’re missing There’s no need to rush your response.
I guess i’m scared about tomorrow at the moment.,fear,"Uncertainty can make tomorrow feel much bigger than it is. For now, focus on what you can handle today There’s no need to rush your response."
"For some reason, i feel really anxious about this today.",fear,"It sounds like this situation has your mind on high alert. Try narrowing your attention to the next small, manageable step"
I guess i have a bad feeling after everything that happened.,fear,That uneasy feeling can be unsettling. Take a slow breath and give yourself a moment to separate the feeling from the facts you know There’s no need to rush your response.
"For some reason, that was completely unexpected honestly.",surprise,Sounds like the situation changed quickly. Take some time to process what happened
I’m disgusted by what happened tonight.,disgust,Your reaction sounds strong and understandable given what you encountered. Creating some distance may help
"Right now, wait, that actually happened this morning.",surprise,That sounds like quite a surprise. Give yourself a moment to take it in
"Lately, i feel lonely even around people lately.",sadness,Feeling alone while surrounded by others can be especially painful. It may help to name what kind of connection you’re missing You can take it one moment at a time.
"Lately, today was pretty normal lately.",neutral,"Sometimes a normal day is simply a normal day. What stood out, if anything? You can take it one moment at a time."
"Lately, whoa, seriously after everything that happened.",surprise,That definitely sounds unexpected. Sometimes a little pause helps the surprise settle You can take it one moment at a time.
"For some reason, i’m feeling really happy today tonight.",joy,That happiness sounds lovely. Give yourself permission to enjoy this moment
"For some reason, seriously? I’m stunned this morning.",surprise,You sound genuinely surprised. Take a breath and give yourself time to process the new information
"Right now, i’m nervous about meeting them at the moment.",fear,It’s understandable to feel nervous before an important interaction. You can prepare for what you can control and let the rest unfold
"For some reason, i’m afraid I’ll mess this up tonight.",fear,Fear of making mistakes can put a lot of pressure on you. Remember that one imperfect moment does not define the whole experience
"For some reason, i miss how things used to be at the moment.",sadness,"Missing the past can hurt, especially when it carries meaningful memories. It’s okay to acknowledge that feeling"
"Right now, i’m deeply uncomfortable with this at the moment.",disgust,"Your discomfort matters. You can pause, create some distance, and decide what boundary feels right"
"Right now, my mind won’t stop worrying more than usual.",fear,"When worries keep looping, it can help to pause and notice what is actually happening in the present moment"
I’m trying to understand myself better tonight.,neutral,That sounds like a worthwhile goal. We can look at what you’ve been noticing without rushing to conclusions
I’m furious more than usual.,anger,That urge can be intense. Giving yourself a pause can create room to express what’s wrong without escalating things You can take it one moment at a time.
"Right now, i’m panicking a little more than usual.",fear,"That sounds intense. Try grounding yourself in what you can see, hear, and feel right now, one detail at a time"
"I guess honestly, I feel fantastic lately.",joy,I’m glad you’re having such a positive moment. Let yourself enjoy it without overthinking it There’s no need to rush your response.
"For some reason, everything feels uncertain for some reason.",fear,Uncertainty can make even ordinary decisions feel harder. Focus on the next clear choice rather than solving everything at once
I guess nothing much is happening today honestly.,neutral,Sounds like a fairly ordinary day. Is there anything on your mind? There’s no need to rush your response.
"For some reason, i have a bad feeling honestly.",fear,That uneasy feeling can be unsettling. Take a slow breath and give yourself a moment to separate the feeling from the facts you know
"I guess wait, that actually happened this morning.",surprise,That sounds like quite a surprise. Give yourself a moment to take it in There’s no need to rush your response.
Feeling low for some reason.,sadness,I’m sorry today feels heavy. You don’t have to force yourself to feel better immediately
"For some reason, i’m just checking in at the moment.",neutral,I’m here with you. What would you like to talk about?
That was absolutely revolting tonight.,disgust,That sounds deeply unpleasant. You don’t have to stay around something that makes you feel that uncomfortable
"Lately, this is seriously frustrating more than usual.",anger,I can understand why that would feel frustrating. A little space before responding may help you regain control You can take it one moment at a time.
I have a bad feeling honestly.,fear,That uneasy feeling can be unsettling. Take a slow breath and give yourself a moment to separate the feeling from the facts you know
"For some reason, honestly, I feel fantastic lately.",joy,I’m glad you’re having such a positive moment. Let yourself enjoy it without overthinking it
Really worried more than usual.,fear,"It sounds like this situation has your mind on high alert. Try narrowing your attention to the next small, manageable step"
"Honestly, i’m proud of myself for some reason.",joy,You have every reason to pause and recognize what you accomplished
"Honestly, that behavior is so disturbing more than usual.",disgust,It sounds like what you saw really unsettled you. You’re allowed to recognize that it crossed your personal boundaries
"Lately, i’m afraid I’ll mess this up lately.",fear,Fear of making mistakes can put a lot of pressure on you. Remember that one imperfect moment does not define the whole experience You can take it one moment at a time.
"For some reason, i have a question for some reason.",neutral,"Sure, go ahead. I’ll do my best to help you work through it"
"For some reason, i don’t really know what to say honestly.",neutral,"That’s completely fine. You can start with whatever feels easiest, even if it’s just one sentence"
"Right now, that behavior is so disturbing this morning.",disgust,It sounds like what you saw really unsettled you. You’re allowed to recognize that it crossed your personal boundaries
"Right now, wait, that actually happened honestly.",surprise,That sounds like quite a surprise. Give yourself a moment to take it in
"Lately, i never imagined this would happen for some reason.",surprise,That kind of unexpected turn can leave you searching for words. Give yourself space to take it in You can take it one moment at a time.
I want to yell more than usual.,anger,That urge can be intense. Giving yourself a pause can create room to express what’s wrong without escalating things
I guess i wanted to talk for a bit after everything that happened.,neutral,Of course. We can take the conversation wherever you’d like There’s no need to rush your response.
"Right now, i feel really down today this morning.",sadness,I’m sorry today feels heavy. You don’t have to force yourself to feel better immediately
"Right now, honestly, I feel fantastic honestly.",joy,I’m glad you’re having such a positive moment. Let yourself enjoy it without overthinking it
"For some reason, i’m fed up with this honestly.",anger,It sounds like you’ve reached your limit. You deserve a moment to step back and breathe before deciding what to do next
Just checking in more than usual.,neutral,I’m here with you. What would you like to talk about?
"For some reason, i’m deeply uncomfortable with this today.",disgust,"Your discomfort matters. You can pause, create some distance, and decide what boundary feels right"
"For some reason, i did not see that coming at the moment.",surprise,Unexpected moments can take a second to process. What part surprised you most?
Just feeling sad honestly.,sadness,"Missing the past can hurt, especially when it carries meaningful memories. It’s okay to acknowledge that feeling"
"Honestly, i’m so angry right now at the moment.",anger,It sounds like something really pushed your limits. You can acknowledge the anger without letting it choose your next move
"For some reason, this made my whole day for some reason.",joy,It sounds like that moment really lifted you. Hold onto what made it meaningful
I’m furious for some reason.,anger,That urge can be intense. Giving yourself a pause can create room to express what’s wrong without escalating things You can take it one moment at a time
"Right now, nothing feels exciting anymore honestly.",sadness,It sounds like things feel unusually flat right now. Taking the day slowly may be kinder than demanding too much from yourself
"Honestly, i feel sickened by this this morning.",disgust,That reaction shows how strongly the situation affected you. Stepping back can help you regain some comfort
"For some reason, that is just gross tonight.",disgust,I hear how strongly you dislike it. Sometimes the best response is simply to remove yourself from the unpleasant situation
"Honestly, i’m just checking in at the moment.",neutral,I’m here with you. What would you like to talk about?
Really worried lately.,fear,"It sounds like this situation has your mind on high alert. Try narrowing your attention to the next small, manageable step"
"Lately, seriously? I’m stunned at the moment.",surprise,You sound genuinely surprised. Take a breath and give yourself time to process the new information You can take it one moment at a time.
I guess i feel lonely even around people at the moment.,sadness,Feeling alone while surrounded by others can be especially painful. It may help to name what kind of connection you’re missing There’s no need to rush your response.
"Right now, i feel sickened by this.",disgust,That reaction shows how strongly the situation affected you. Stepping back can help you regain some comfort
"Lately, i’m nervous about meeting them today.",fear,It’s understandable to feel nervous before an important interaction. You can prepare for what you can control and let the rest unfold You can take it one moment at a time.
I guess can we talk about my day?,neutral,Absolutely. Tell me whatever part of your day you want to share There’s no need to rush your response.
"Honestly, i’m afraid to find out more than usual.",fear,Waiting for an answer can be frightening. You can take the moment one piece at a time instead of carrying the whole uncertainty at once
I guess i’m fed up with this more than usual.,anger,It sounds like you’ve reached your limit. You deserve a moment to step back and breathe before deciding what to do next There’s no need to rush your response.
"Honestly, everything feels uncertain for some reason.",fear,Uncertainty can make even ordinary decisions feel harder. Focus on the next clear choice rather than solving everything at once
That’s gross.,disgust,It sounds like what you saw really unsettled you. You’re allowed to recognize that it crossed your personal boundaries You can take it one moment at a time.
"Lately, i did not see that coming for some reason.",surprise,Unexpected moments can take a second to process. What part surprised you most? You can take it one moment at a time.
"Right now, i just want to cry for some reason.",sadness,Sometimes tears are simply a way of letting emotion out. You can give yourself a quiet moment
Everything feels uncertain after everything that happened.,fear,Uncertainty can make even ordinary decisions feel harder. Focus on the next clear choice rather than solving everything at once
"Honestly, i’m nervous about meeting them lately.",fear,It’s understandable to feel nervous before an important interaction. You can prepare for what you can control and let the rest unfold
"Honestly, i’m panicking a little tonight.",fear,"That sounds intense. Try grounding yourself in what you can see, hear, and feel right now, one detail at a time"
Feeling low after everything that happened.,sadness,It sounds like things feel unusually flat right now. Taking the day slowly may be kinder than demanding too much from yourself You can take it one moment at a time.
I never imagined this would happen for some reason.,surprise,That kind of unexpected turn can leave you searching for words. Give yourself space to take it in
"Right now, i can’t stand the smell at the moment.",disgust,"Strong unpleasant smells can be overwhelming. If you can, move somewhere with fresher air and give yourself a reset"
"Honestly, this is seriously frustrating after everything that happened.",anger,I can understand why that would feel frustrating. A little space before responding may help you regain control
"Lately, i’m shocked by the news tonight.",surprise,It makes sense to need a moment after surprising news. You don’t have to react immediately You can take it one moment at a time.
I want to yell.,anger,That urge can be intense. Giving yourself a pause can create room to express what’s wrong without escalating things
I’m trying to understand myself better lately.,neutral,That sounds like a worthwhile goal. We can look at what you’ve been noticing without rushing to conclusions
"Right now, that behavior is so disturbing more than usual.",disgust,It sounds like what you saw really unsettled you. You’re allowed to recognize that it crossed your personal boundaries
Just thinking things over tonight.,neutral,Taking time to think can be useful. What’s been occupying your thoughts?
"For some reason, that was completely unexpected lately.",surprise,Sounds like the situation changed quickly. Take some time to process what happened
"Lately, i miss how things used to be after everything that happened.",sadness,"Missing the past can hurt, especially when it carries meaningful memories. It’s okay to acknowledge that feeling You can take it one moment at a time."
"Right now, this made my whole day for some reason.",joy,It sounds like that moment really lifted you. Hold onto what made it meaningful
"Right now, whoa, seriously more than usual.",surprise,That definitely sounds unexpected. Sometimes a little pause helps the surprise settle
I can’t stand the smell honestly.,disgust,"Strong unpleasant smells can be overwhelming. If you can, move somewhere with fresher air and give yourself a reset"
"Whoa, seriously honestly.",surprise,That definitely sounds unexpected. Sometimes a little pause helps the surprise settle
"Lately, that is just gross tonight.",disgust,I hear how strongly you dislike it. Sometimes the best response is simply to remove yourself from the unpleasant situation You can take it one moment at a time
"Lately, seriously? I’m stunned this morning.",surprise,You sound genuinely surprised. Take a breath and give yourself time to process the new information You can take it one moment at a time.
"Right now, i’m panicking a little tonight.",fear,"That sounds intense. Try grounding yourself in what you can see, hear, and feel right now, one detail at a time"
"Lately, i’m annoyed beyond words lately.",anger,That sounds like a lot of irritation building up. A short break may help you sort out what specifically crossed the line You can take it one moment at a time.
"Right now, what if everything goes wrong honestly.",fear,That kind of what-if thinking can feel overwhelming. Gently return to what you know right now rather than every possible outcome
"Lately, i’m proud of myself this morning.",joy,You have every reason to pause and recognize what you accomplished You can take it one moment at a time.
"Honestly, i had such a good day this morning.",joy,I’m happy your day treated you well. Those ordinary good days are worth noticing
"Honestly, i never imagined this would happen.",surprise,That kind of unexpected turn can leave you searching for words. Give yourself space to take it in
I’m scared lately.,fear,"When worries keep looping, it can help to pause and notice what is actually happening in the present moment You can take it one moment at a time."
"For some reason, i did not see that coming honestly.",surprise,Unexpected moments can take a second to process. What part surprised you most?
I guess everything feels a little empty today.,sadness,That emptiness can be difficult to sit with. Be gentle with yourself while you move through it There’s no need to rush your response.
"Honestly, i can’t believe it at the moment.",surprise,That sounds like a big surprise. Let yourself absorb the moment before deciding what it means
"Lately, honestly, I feel fantastic lately.",joy,I’m glad you’re having such a positive moment. Let yourself enjoy it without overthinking it You can take it one moment at a time.
"For some reason, everything feels a little empty.",sadness,That emptiness can be difficult to sit with. Be gentle with yourself while you move through it
"For some reason, honestly, I feel fantastic for some reason.",joy,I’m glad you’re having such a positive moment. Let yourself enjoy it without overthinking it
"Right now, i’m shocked by the news honestly.",surprise,It makes sense to need a moment after surprising news. You don’t have to react immediately
I feel sickened by this honestly.,disgust,That reaction shows how strongly the situation affected you. Stepping back can help you regain some comfort
"For some reason, i miss how things used to be today.",sadness,"Missing the past can hurt, especially when it carries meaningful memories. It’s okay to acknowledge that feeling"
"Right now, today feels special this morning.",joy,There’s something refreshing about a day that feels special. Enjoy it at your own pace
I guess that was completely unexpected this morning.,surprise,Sounds like the situation changed quickly. Take some time to process what happened There’s no need to rush your response.
"For some reason, this makes me furious after everything that happened.",anger,I hear how strong the anger is. You can validate that feeling while still choosing a response you’ll feel good about later
"Lately, i’m annoyed beyond words.",anger,That sounds like a lot of irritation building up. A short break may help you sort out what specifically crossed the line You can take it one moment at a time.
I’m caught off guard tonight.,surprise,It makes sense to need a moment after surprising news. You don’t have to react immediately
"For some reason, whoa, seriously tonight.",surprise,That definitely sounds unexpected. Sometimes a little pause helps the surprise settle
"Right now, that is just gross honestly.",disgust,I hear how strongly you dislike it. Sometimes the best response is simply to remove yourself from the unpleasant situation
"Honestly, can we talk about my day for some reason.",neutral,Absolutely. Tell me whatever part of your day you want to share
I guess i’m so angry right now this morning.,anger,It sounds like something really pushed your limits. You can acknowledge the anger without letting it choose your next move There’s no need to rush your response.
Nothing much is happening today after everything that happened.,neutral,Sounds like a fairly ordinary day. Is there anything on your mind?
"For some reason, i had such a good day this morning.",joy,I’m happy your day treated you well. Those ordinary good days are worth noticing
"Honestly, i can’t believe they did that at the moment.",anger,It sounds like their action really crossed a boundary for you. Taking a breath before reacting could give you more options
"Honestly, i want to yell more than usual.",anger,That urge can be intense. Giving yourself a pause can create room to express what’s wrong without escalating things
"Right now, honestly, I feel fantastic lately.",joy,I’m glad you’re having such a positive moment. Let yourself enjoy it without overthinking it
"For some reason, wait, that actually happened after everything that happened.",surprise,That sounds like quite a surprise. Give yourself a moment to take it in
I guess i’m shocked by the news this morning.,surprise,It makes sense to need a moment after surprising news. You don’t have to react immediately There’s no need to rush your response.
"Honestly, i just want to cry more than usual.",sadness,Sometimes tears are simply a way of letting emotion out. You can give yourself a quiet moment
"For some reason, nothing feels exciting anymore at the moment.",sadness,It sounds like things feel unusually flat right now. Taking the day slowly may be kinder than demanding too much from yourself
"Honestly, i did not see that coming at the moment.",surprise,Unexpected moments can take a second to process. What part surprised you most?
"Right now, wait, that actually happened today.",surprise,That sounds like quite a surprise. Give yourself a moment to take it in
"Lately, everything feels a little empty tonight.",sadness,That emptiness can be difficult to sit with. Be gentle with yourself while you move through it You can take it one moment at a time.
"Lately, i’m fed up with this for some reason.",anger,It sounds like you’ve reached your limit. You deserve a moment to step back and breathe before deciding what to do next You can take it one moment at a time
"For some reason, i’m panicking a little lately.",fear,"That sounds intense. Try grounding yourself in what you can see, hear, and feel right now, one detail at a time"
I guess nothing feels exciting anymore more than usual.,sadness,It sounds like things feel unusually flat right now. Taking the day slowly may be kinder than demanding too much from yourself There’s no need to rush your response.
"For some reason, i’m deeply uncomfortable with this tonight.",disgust,"Your discomfort matters. You can pause, create some distance, and decide what boundary feels right"
"For some reason, i’m scared about tomorrow today.",fear,"Uncertainty can make tomorrow feel much bigger than it is. For now, focus on what you can handle today"
"For some reason, today feels special today.",joy,There’s something refreshing about a day that feels special. Enjoy it at your own pace
"Lately, i can’t believe they did that this morning.",anger,It sounds like their action really crossed a boundary for you. Taking a breath before reacting could give you more options You can take it one moment at a time.
"Honestly, i’m not sure what I’m feeling.",neutral,That’s okay. You don’t need to label everything immediately; we can explore it together
Just feeling sad today.,sadness,"Missing the past can hurt, especially when it carries meaningful memories. It’s okay to acknowledge that feeling"
"For some reason, this made my whole day this morning.",joy,It sounds like that moment really lifted you. Hold onto what made it meaningful
"Right now, that was completely unexpected at the moment.",surprise,Sounds like the situation changed quickly. Take some time to process what happened
"Honestly, this came out of nowhere honestly.",surprise,Sudden changes can be startling. A little pause can help you figure out how you feel about it
"For some reason, nothing feels exciting anymore after everything that happened.",sadness,It sounds like things feel unusually flat right now. Taking the day slowly may be kinder than demanding too much from yourself
I guess nothing much is happening today lately.,neutral,Sounds like a fairly ordinary day. Is there anything on your mind? There’s no need to rush your response.
I guess got some amazing news lately.,joy,Wonderful news can brighten everything. What part of it feels best to you? There’s no need to rush your response.
I’m repulsed for some reason.,disgust,That sounds deeply unpleasant. You don’t have to stay around something that makes you feel that uncomfortable
"Lately, this makes me furious this morning.",anger,I hear how strong the anger is. You can validate that feeling while still choosing a response you’ll feel good about later You can take it one moment at a time.
"For some reason, nothing much is happening today this morning.",neutral,Sounds like a fairly ordinary day. Is there anything on your mind?
I had such a good day this morning.,joy,I’m happy your day treated you well. Those ordinary good days are worth noticing
"Lately, i’m afraid I’ll mess this up honestly.",fear,Fear of making mistakes can put a lot of pressure on you. Remember that one imperfect moment does not define the whole experience You can take it one moment at a time
"Lately, that was absolutely revolting lately.",disgust,That sounds deeply unpleasant. You don’t have to stay around something that makes you feel that uncomfortable You can take it one moment at a time.
Just checking in at the moment.,neutral,Absolutely. Tell me whatever part of your day you want to share You can take it one moment at a time.
I’m scared for some reason.,fear,"Uncertainty can make tomorrow feel much bigger than it is. For now, focus on what you can handle today"
That was completely unexpected honestly.,surprise,Sounds like the situation changed quickly. Take some time to process what happened
"For some reason, i’m disgusted by what happened for some reason.",disgust,Your reaction sounds strong and understandable given what you encountered. Creating some distance may help
I guess that really grosses me out for some reason.,disgust,It sounds like that crossed a strong comfort boundary for you. It’s okay to step away from what feels unpleasant There’s no need to rush your response
I guess my mind won’t stop worrying tonight.,fear,"When worries keep looping, it can help to pause and notice what is actually happening in the present moment There’s no need to rush your response."
I guess i want to yell.,anger,That urge can be intense. Giving yourself a pause can create room to express what’s wrong without escalating things There’s no need to rush your response.
"Lately, i don’t really know what to say tonight.",neutral,"That’s completely fine. You can start with whatever feels easiest, even if it’s just one sentence You can take it one moment at a time"
I did not see that coming this morning.,surprise,Unexpected moments can take a second to process. What part surprised you most?
"Lately, that was absolutely revolting at the moment.",disgust,That sounds deeply unpleasant. You don’t have to stay around something that makes you feel that uncomfortable You can take it one moment at a time.
I’m annoyed beyond words today.,anger,That sounds like a lot of irritation building up. A short break may help you sort out what specifically crossed the line
I’m proud of myself more than usual.,joy,You have every reason to pause and recognize what you accomplished
"Right now, i just want to cry lately.",sadness,Sometimes tears are simply a way of letting emotion out. You can give yourself a quiet moment
"Honestly, i’m feeling really happy today at the moment.",joy,That happiness sounds lovely. Give yourself permission to enjoy this moment
"Lately, i’m just checking in lately.",neutral,I’m here with you. What would you like to talk about? You can take it one moment at a time.
"For some reason, my mind won’t stop worrying tonight.",fear,"When worries keep looping, it can help to pause and notice what is actually happening in the present moment"
"Honestly, seriously? I’m stunned today.",surprise,You sound genuinely surprised. Take a breath and give yourself time to process the new information
That is just gross more than usual.,disgust,I hear how strongly you dislike it. Sometimes the best response is simply to remove yourself from the unpleasant situation
"Honestly, i hate seeing things like that this morning.",disgust,It makes sense that something so unpleasant would bother you. You can choose some distance from it when possible
"Right now, seriously? I’m stunned tonight.",surprise,You sound genuinely surprised. Take a breath and give yourself time to process the new information
I want to yell lately.,anger,That urge can be intense. Giving yourself a pause can create room to express what’s wrong without escalating things
"Honestly, that really grosses me out honestly.",disgust,It sounds like that crossed a strong comfort boundary for you. It’s okay to step away from what feels unpleasant
Just checking in for some reason.,neutral,Absolutely. Tell me whatever part of your day you want to share You can take it one moment at a time
"Lately, i feel lonely even around people.",sadness,Feeling alone while surrounded by others can be especially painful. It may help to name what kind of connection you’re missing You can take it one moment at a time.
"Lately, i have a question this morning.",neutral,"Sure, go ahead. I’ll do my best to help you work through it You can take it one moment at a time"
"For some reason, i’m panicking a little.",fear,"That sounds intense. Try grounding yourself in what you can see, hear, and feel right now, one detail at a time"
"For some reason, nothing much is happening today for some reason.",neutral,Sounds like a fairly ordinary day. Is there anything on your mind?
"For some reason, i don’t really know what to say at the moment.",neutral,"That’s completely fine. You can start with whatever feels easiest, even if it’s just one sentence"
Today feels heavy honestly.,sadness,Sometimes tears are simply a way of letting emotion out. You can give yourself a quiet moment
I have a bad feeling after everything that happened.,fear,That uneasy feeling can be unsettling. Take a slow breath and give yourself a moment to separate the feeling from the facts you know
I guess i’m scared about tomorrow lately.,fear,"Uncertainty can make tomorrow feel much bigger than it is. For now, focus on what you can handle today There’s no need to rush your response."
"Lately, what if everything goes wrong at the moment.",fear,That kind of what-if thinking can feel overwhelming. Gently return to what you know right now rather than every possible outcome You can take it one moment at a time.
"Right now, i feel sickened by this tonight.",disgust,That reaction shows how strongly the situation affected you. Stepping back can help you regain some comfort
I’m tired of being treated this way honestly.,anger,Being treated unfairly can build a lot of anger. It may help to separate what happened from what you want to happen next
"Lately, i’m trying to understand myself better honestly.",neutral,That sounds like a worthwhile goal. We can look at what you’ve been noticing without rushing to conclusions You can take it one moment at a time
"For some reason, my mind won’t stop worrying today.",fear,"When worries keep looping, it can help to pause and notice what is actually happening in the present moment"
So frustrated tonight.,anger,"Being ignored can feel deeply disrespectful. Your frustration makes sense, and you can decide how you want to address it calmly There’s no need to rush your response."
I want to yell after everything that happened.,anger,That urge can be intense. Giving yourself a pause can create room to express what’s wrong without escalating things
"Honestly, i want to yell at the moment.",anger,That urge can be intense. Giving yourself a pause can create room to express what’s wrong without escalating things
I’m repulsed tonight.,disgust,That sounds deeply unpleasant. You don’t have to stay around something that makes you feel that uncomfortable
"Lately, today just hurts tonight.",sadness,"I hear how painful today feels. For now, being gentle with yourself is enough You can take it one moment at a time."
"Honestly, i’m nervous about meeting them for some reason.",fear,It’s understandable to feel nervous before an important interaction. You can prepare for what you can control and let the rest unfold
"Honestly, this is seriously frustrating honestly.",anger,I can understand why that would feel frustrating. A little space before responding may help you regain control
"Right now, i’m just checking in and I’m trying to process it.",neutral,I’m here with you. What would you like to talk about?
So happy right now at the moment.,joy,It’s great to hear that things are clicking into place. Take a moment to appreciate the progress
This came out of nowhere tonight.,surprise,Sudden changes can be startling. A little pause can help you figure out how you feel about it
"Honestly, i’m having a rough time for some reason.",sadness,I’m sorry you’re going through a rough patch. You don’t have to solve everything at once
"Right now, why does this keep happening?",anger,Repeated problems can wear down your patience. It’s understandable to feel angry when the same issue keeps returning
Today just hurts lately.,sadness,"I hear how painful today feels. For now, being gentle with yourself is enough"
"Honestly, that really grosses me out at the moment.",disgust,It sounds like that crossed a strong comfort boundary for you. It’s okay to step away from what feels unpleasant
"Honestly, i’m shocked by the news more than usual.",surprise,It makes sense to need a moment after surprising news. You don’t have to react immediately
"Lately, they completely ignored me after everything that happened.",anger,"Being ignored can feel deeply disrespectful. Your frustration makes sense, and you can decide how you want to address it calmly You can take it one moment at a time."
"Lately, ugh, that was nasty.",disgust,Sounds like a seriously unpleasant experience. Give yourself a little space from it You can take it one moment at a time.
"Lately, i’m so angry right now at the moment.",anger,It sounds like something really pushed your limits. You can acknowledge the anger without letting it choose your next move You can take it one moment at a time.
"Lately, i have a bad feeling more than usual.",fear,That uneasy feeling can be unsettling. Take a slow breath and give yourself a moment to separate the feeling from the facts you know You can take it one moment at a time.
That’s gross at the moment.,disgust,It sounds like that crossed a strong comfort boundary for you. It’s okay to step away from what feels unpleasant
I guess that really grosses me out lately.,disgust,It sounds like that crossed a strong comfort boundary for you. It’s okay to step away from what feels unpleasant There’s no need to rush your response
"Lately, whoa, seriously more than usual.",surprise,That definitely sounds unexpected. Sometimes a little pause helps the surprise settle You can take it one moment at a time.
"Honestly, i’m feeling really happy today.",joy,That happiness sounds lovely. Give yourself permission to enjoy this moment
"Honestly, my mind won’t stop worrying at the moment.",fear,"When worries keep looping, it can help to pause and notice what is actually happening in the present moment"
"Lately, got some amazing news more than usual.",joy,Wonderful news can brighten everything. What part of it feels best to you? You can take it one moment at a time.
That’s gross lately.,disgust,It sounds like what you saw really unsettled you. You’re allowed to recognize that it crossed your personal boundaries You can take it one moment at a time
"For some reason, nothing feels exciting anymore.",sadness,It sounds like things feel unusually flat right now. Taking the day slowly may be kinder than demanding too much from yourself
"For some reason, i can’t believe they did that more than usual.",anger,It sounds like their action really crossed a boundary for you. Taking a breath before reacting could give you more options
"Lately, i feel really down today lately.",sadness,I’m sorry today feels heavy. You don’t have to force yourself to feel better immediately You can take it one moment at a time
"For some reason, i feel lonely even around people.",sadness,Feeling alone while surrounded by others can be especially painful. It may help to name what kind of connection you’re missing
"Honestly, i had such a good day for some reason.",joy,I’m happy your day treated you well. Those ordinary good days are worth noticing
"For some reason, i can’t believe they did that lately.",anger,It sounds like their action really crossed a boundary for you. Taking a breath before reacting could give you more options
"Honestly, i’m so angry right now honestly.",anger,It sounds like something really pushed your limits. You can acknowledge the anger without letting it choose your next move
"Honestly, i just want to cry tonight.",sadness,Sometimes tears are simply a way of letting emotion out. You can give yourself a quiet moment
"Honestly, nothing feels exciting anymore for some reason.",sadness,It sounds like things feel unusually flat right now. Taking the day slowly may be kinder than demanding too much from yourself
I have a bad feeling today.,fear,That uneasy feeling can be unsettling. Take a slow breath and give yourself a moment to separate the feeling from the facts you know
"For some reason, seriously? I’m stunned lately.",surprise,You sound genuinely surprised. Take a breath and give yourself time to process the new information
"Honestly, i’m just checking in and I’m trying to process it.",neutral,I’m here with you. What would you like to talk about?
"Honestly, i’m disgusted by what happened honestly.",disgust,Your reaction sounds strong and understandable given what you encountered. Creating some distance may help
I guess what if everything goes wrong honestly.,fear,That kind of what-if thinking can feel overwhelming. Gently return to what you know right now rather than every possible outcome There’s no need to rush your response.
"Right now, i’m proud of myself lately.",joy,You have every reason to pause and recognize what you accomplished
"Right now, everything feels uncertain tonight.",fear,Uncertainty can make even ordinary decisions feel harder. Focus on the next clear choice rather than solving everything at once
"For some reason, just thinking things over lately.",neutral,Taking time to think can be useful. What’s been occupying your thoughts?
"Honestly, everything feels a little empty at the moment.",sadness,That emptiness can be difficult to sit with. Be gentle with yourself while you move through it
"I guess honestly, I feel fantastic more than usual.",joy,I’m glad you’re having such a positive moment. Let yourself enjoy it without overthinking it There’s no need to rush your response.
"Right now, i have a bad feeling after everything that happened.",fear,That uneasy feeling can be unsettling. Take a slow breath and give yourself a moment to separate the feeling from the facts you know
"For some reason, i hate seeing things like that tonight.",disgust,It makes sense that something so unpleasant would bother you. You can choose some distance from it when possible
I’m fed up with this this morning.,anger,It sounds like you’ve reached your limit. You deserve a moment to step back and breathe before deciding what to do next
"Right now, that behavior is so disturbing.",disgust,It sounds like what you saw really unsettled you. You’re allowed to recognize that it crossed your personal boundaries
"For some reason, i’m scared about tomorrow more than usual.",fear,"Uncertainty can make tomorrow feel much bigger than it is. For now, focus on what you can handle today"
I keep thinking about what I lost for some reason.,sadness,It makes sense that a loss can keep returning to your thoughts. You can acknowledge the sadness without judging yourself for it
I’m proud of myself today.,joy,You have every reason to pause and recognize what you accomplished
I have a question.,neutral,"Sure, go ahead. I’ll do my best to help you work through it"
"Lately, i have a question lately.",neutral,"Sure, go ahead. I’ll do my best to help you work through it You can take it one moment at a time"
"Honestly, my mind won’t stop worrying lately.",fear,"When worries keep looping, it can help to pause and notice what is actually happening in the present moment"
"Honestly, nothing much is happening today tonight.",neutral,Sounds like a fairly ordinary day. Is there anything on your mind?
"I guess wait, that actually happened honestly.",surprise,That sounds like quite a surprise. Give yourself a moment to take it in There’s no need to rush your response.
Just checking in honestly.,neutral,Absolutely. Tell me whatever part of your day you want to share You can take it one moment at a time
Things are finally going my way after everything that happened.,joy,It’s great to hear that things are clicking into place. Take a moment to appreciate the progress
I hate seeing things like that this morning.,disgust,It makes sense that something so unpleasant would bother you. You can choose some distance from it when possible
"Right now, i want to yell this morning.",anger,That urge can be intense. Giving yourself a pause can create room to express what’s wrong without escalating things
Just checking in this morning.,neutral,I’m here with you. What would you like to talk about?
"Right now, they completely ignored me after everything that happened.",anger,"Being ignored can feel deeply disrespectful. Your frustration makes sense, and you can decide how you want to address it calmly"
"Right now, this makes me furious.",anger,I hear how strong the anger is. You can validate that feeling while still choosing a response you’ll feel good about later
"Right now, i’m annoyed beyond words lately.",anger,That sounds like a lot of irritation building up. A short break may help you sort out what specifically crossed the line
I miss how things used to be tonight.,sadness,"Missing the past can hurt, especially when it carries meaningful memories. It’s okay to acknowledge that feeling"
"Right now, i’m having a rough time after everything that happened.",sadness,I’m sorry you’re going through a rough patch. You don’t have to solve everything at once
"For some reason, i never imagined this would happen at the moment.",surprise,That kind of unexpected turn can leave you searching for words. Give yourself space to take it in
I guess that was absolutely revolting at the moment.,disgust,That sounds deeply unpleasant. You don’t have to stay around something that makes you feel that uncomfortable There’s no need to rush your response.
"Honestly, my mind won’t stop worrying for some reason.",fear,"When worries keep looping, it can help to pause and notice what is actually happening in the present moment"
I’m stunned tonight.,surprise,Sounds like the situation changed quickly. Take some time to process what happened You can take it one moment at a time.
"Lately, i’m having a rough time more than usual.",sadness,I’m sorry you’re going through a rough patch. You don’t have to solve everything at once You can take it one moment at a time.
Did not expect that this morning.,surprise,That definitely sounds unexpected. Sometimes a little pause helps the surprise settle
"Honestly, today just hurts this morning.",sadness,"I hear how painful today feels. For now, being gentle with yourself is enough"
"Honestly, i did not see that coming more than usual.",surprise,Unexpected moments can take a second to process. What part surprised you most?
"Honestly, seriously? I’m stunned tonight.",surprise,You sound genuinely surprised. Take a breath and give yourself time to process the new information
"I guess wait, that actually happened today.",surprise,That sounds like quite a surprise. Give yourself a moment to take it in There’s no need to rush your response.
"Lately, everything feels uncertain honestly.",fear,Uncertainty can make even ordinary decisions feel harder. Focus on the next clear choice rather than solving everything at once You can take it one moment at a time.
"For some reason, nothing feels exciting anymore more than usual.",sadness,It sounds like things feel unusually flat right now. Taking the day slowly may be kinder than demanding too much from yourself
"Right now, i hate seeing things like that more than usual.",disgust,It makes sense that something so unpleasant would bother you. You can choose some distance from it when possible
I did not see that coming lately.,surprise,Unexpected moments can take a second to process. What part surprised you most?
I guess today feels special this morning.,joy,There’s something refreshing about a day that feels special. Enjoy it at your own pace There’s no need to rush your response.
"Right now, i just want to cry.",sadness,Sometimes tears are simply a way of letting emotion out. You can give yourself a quiet moment
"Honestly, just thinking things over at the moment.",neutral,Taking time to think can be useful. What’s been occupying your thoughts?
"Right now, i feel lonely even around people after everything that happened.",sadness,Feeling alone while surrounded by others can be especially painful. It may help to name what kind of connection you’re missing
I guess i feel really down today lately.,sadness,I’m sorry today feels heavy. You don’t have to force yourself to feel better immediately There’s no need to rush your response
I guess i feel really down today honestly.,sadness,I’m sorry today feels heavy. You don’t have to force yourself to feel better immediately There’s no need to rush your response
"Well, that’s new after everything that happened.",surprise,Something clearly caught you off guard. It’s okay to simply observe your reaction for a moment
I guess this is seriously frustrating lately.,anger,I can understand why that would feel frustrating. A little space before responding may help you regain control There’s no need to rush your response
"For some reason, i keep thinking about what I lost honestly.",sadness,It makes sense that a loss can keep returning to your thoughts. You can acknowledge the sadness without judging yourself for it
I guess my mind won’t stop worrying lately.,fear,"When worries keep looping, it can help to pause and notice what is actually happening in the present moment There’s no need to rush your response."
I guess i want to yell this morning.,anger,That urge can be intense. Giving yourself a pause can create room to express what’s wrong without escalating things There’s no need to rush your response.
"Honestly, nothing feels exciting anymore this morning.",sadness,It sounds like things feel unusually flat right now. Taking the day slowly may be kinder than demanding too much from yourself
I guess i’m annoyed beyond words lately.,anger,That sounds like a lot of irritation building up. A short break may help you sort out what specifically crossed the line There’s no need to rush your response.
"Right now, this makes me furious honestly.",anger,I hear how strong the anger is. You can validate that feeling while still choosing a response you’ll feel good about later
"Right now, got some amazing news at the moment.",joy,Wonderful news can brighten everything. What part of it feels best to you?
"Right now, i feel lonely even around people honestly.",sadness,Feeling alone while surrounded by others can be especially painful. It may help to name what kind of connection you’re missing
"For some reason, everything feels a little empty at the moment.",sadness,That emptiness can be difficult to sit with. Be gentle with yourself while you move through it
"For some reason, i’m nervous about meeting them today.",fear,It’s understandable to feel nervous before an important interaction. You can prepare for what you can control and let the rest unfold
This made my whole day after everything that happened.,joy,It sounds like that moment really lifted you. Hold onto what made it meaningful
"For some reason, ugh, that was nasty this morning.",disgust,Sounds like a seriously unpleasant experience. Give yourself a little space from it
"Lately, everything feels a little empty for some reason.",sadness,That emptiness can be difficult to sit with. Be gentle with yourself while you move through it You can take it one moment at a time.
"Right now, everything feels uncertain today.",fear,Uncertainty can make even ordinary decisions feel harder. Focus on the next clear choice rather than solving everything at once
I guess i’m not sure what I’m feeling for some reason.,neutral,That’s okay. You don’t need to label everything immediately; we can explore it together There’s no need to rush your response.
I guess i’m shocked by the news lately.,surprise,It makes sense to need a moment after surprising news. You don’t have to react immediately There’s no need to rush your response.
"Right now, i’m just checking in at the moment.",neutral,I’m here with you. What would you like to talk about?
"For some reason, what if everything goes wrong?",fear,That kind of what-if thinking can feel overwhelming. Gently return to what you know right now rather than every possible outcome
"Right now, i just want to cry tonight.",sadness,Sometimes tears are simply a way of letting emotion out. You can give yourself a quiet moment
"Lately, i feel sickened by this lately.",disgust,That reaction shows how strongly the situation affected you. Stepping back can help you regain some comfort You can take it one moment at a time.
I guess i feel sickened by this this morning.,disgust,That reaction shows how strongly the situation affected you. Stepping back can help you regain some comfort There’s no need to rush your response.
"Honestly, i’m afraid to find out at the moment.",fear,Waiting for an answer can be frightening. You can take the moment one piece at a time instead of carrying the whole uncertainty at once
"Lately, that really grosses me out for some reason.",disgust,It sounds like that crossed a strong comfort boundary for you. It’s okay to step away from what feels unpleasant You can take it one moment at a time
I guess this is seriously frustrating more than usual.,anger,I can understand why that would feel frustrating. A little space before responding may help you regain control There’s no need to rush your response
"Honestly, my mind won’t stop worrying today.",fear,"When worries keep looping, it can help to pause and notice what is actually happening in the present moment"
"Right now, i’m disappointed and sad lately.",sadness,That combination can weigh heavily. It’s okay to recognize both the disappointment and the sadness
I keep thinking about what I lost lately.,sadness,It makes sense that a loss can keep returning to your thoughts. You can acknowledge the sadness without judging yourself for it
"Right now, i’m so angry right now more than usual.",anger,It sounds like something really pushed your limits. You can acknowledge the anger without letting it choose your next move
Things are finally going my way today.,joy,It’s great to hear that things are clicking into place. Take a moment to appreciate the progress
"Lately, i feel really down today this morning.",sadness,I’m sorry today feels heavy. You don’t have to force yourself to feel better immediately You can take it one moment at a time
"Right now, this made my whole day after everything that happened.",joy,It sounds like that moment really lifted you. Hold onto what made it meaningful
I guess can we talk about my day honestly.,neutral,Absolutely. Tell me whatever part of your day you want to share There’s no need to rush your response.
"Honestly, i just want to cry today.",sadness,Sometimes tears are simply a way of letting emotion out. You can give yourself a quiet moment
Nothing much this morning.,neutral,Taking time to think can be useful. What’s been occupying your thoughts? There’s no need to rush your response.
I guess i feel sickened by this after everything that happened.,disgust,That reaction shows how strongly the situation affected you. Stepping back can help you regain some comfort There’s no need to rush your response.
I’m nervous about meeting them at the moment.,fear,It’s understandable to feel nervous before an important interaction. You can prepare for what you can control and let the rest unfold
"Right now, that was completely unexpected this morning.",surprise,Sounds like the situation changed quickly. Take some time to process what happened
"Lately, i feel lonely even around people more than usual.",sadness,Feeling alone while surrounded by others can be especially painful. It may help to name what kind of connection you’re missing You can take it one moment at a time
"Right now, i’m so angry right now this morning.",anger,It sounds like something really pushed your limits. You can acknowledge the anger without letting it choose your next move
I guess this made my whole day honestly.,joy,It sounds like that moment really lifted you. Hold onto what made it meaningful There’s no need to rush your response.
"For some reason, today just hurts.",sadness,"I hear how painful today feels. For now, being gentle with yourself is enough"
"For some reason, i’m so angry right now lately.",anger,It sounds like something really pushed your limits. You can acknowledge the anger without letting it choose your next move
Today feels heavy tonight.,sadness,Sometimes tears are simply a way of letting emotion out. You can give yourself a quiet moment
"Honestly, that is just gross lately.",disgust,I hear how strongly you dislike it. Sometimes the best response is simply to remove yourself from the unpleasant situation
I guess today feels special lately.,joy,There’s something refreshing about a day that feels special. Enjoy it at your own pace There’s no need to rush your response
"Lately, i keep thinking about what I lost today.",sadness,It makes sense that a loss can keep returning to your thoughts. You can acknowledge the sadness without judging yourself for it You can take it one moment at a time.
"Right now, i’m tired of being treated this way today.",anger,Being treated unfairly can build a lot of anger. It may help to separate what happened from what you want to happen next
"Right now, whoa, seriously at the moment.",surprise,That definitely sounds unexpected. Sometimes a little pause helps the surprise settle
"Lately, why does this keep happening?",anger,Repeated problems can wear down your patience. It’s understandable to feel angry when the same issue keeps returning You can take it one moment at a time.
"Right now, i don’t really know what to say today.",neutral,"That’s completely fine. You can start with whatever feels easiest, even if it’s just one sentence"
I’m proud of myself this morning.,joy,You have every reason to pause and recognize what you accomplished
I’m disgusted by what happened.,disgust,Your reaction sounds strong and understandable given what you encountered. Creating some distance may help
"Right now, i’m shocked by the news.",surprise,It makes sense to need a moment after surprising news. You don’t have to react immediately
"Lately, i’m feeling really happy today this morning.",joy,That happiness sounds lovely. Give yourself permission to enjoy this moment You can take it one moment at a time.
I’m afraid I’ll mess this up this morning.,fear,Fear of making mistakes can put a lot of pressure on you. Remember that one imperfect moment does not define the whole experience
I’m shocked by the news lately.,surprise,It makes sense to need a moment after surprising news. You don’t have to react immediately
"Lately, i wanted to talk for a bit for some reason.",neutral,Of course. We can take the conversation wherever you’d like You can take it one moment at a time.
What a good day tonight.,joy,That smile says a lot. I hope you get to soak up this good feeling
"Lately, i feel really down today today.",sadness,I’m sorry today feels heavy. You don’t have to force yourself to feel better immediately You can take it one moment at a time
"For some reason, i feel really anxious about this this morning.",fear,"It sounds like this situation has your mind on high alert. Try narrowing your attention to the next small, manageable step"
"Right now, ugh, that was nasty this morning.",disgust,Sounds like a seriously unpleasant experience. Give yourself a little space from it
I’m stunned at the moment.,surprise,That sounds like quite a surprise. Give yourself a moment to take it in
So happy right now at the moment.,joy,You have every reason to pause and recognize what you accomplished There’s no need to rush your response
Just checking in this morning.,neutral,Absolutely. Tell me whatever part of your day you want to share You can take it one moment at a time
I’m disappointed and sad after everything that happened.,sadness,That combination can weigh heavily. It’s okay to recognize both the disappointment and the sadness
"For some reason, i’m trying to understand myself better this morning.",neutral,That sounds like a worthwhile goal. We can look at what you’ve been noticing without rushing to conclusions
"Lately, i’m feeling really happy today for some reason.",joy,That happiness sounds lovely. Give yourself permission to enjoy this moment You can take it one moment at a time.
"For some reason, i’m fed up with this today.",anger,It sounds like you’ve reached your limit. You deserve a moment to step back and breathe before deciding what to do next
"Whoa, seriously at the moment.",surprise,That definitely sounds unexpected. Sometimes a little pause helps the surprise settle
"Right now, they completely ignored me.",anger,"Being ignored can feel deeply disrespectful. Your frustration makes sense, and you can decide how you want to address it calmly"
"For some reason, that was absolutely revolting more than usual.",disgust,That sounds deeply unpleasant. You don’t have to stay around something that makes you feel that uncomfortable
"Right now, i feel sickened by this this morning.",disgust,That reaction shows how strongly the situation affected you. Stepping back can help you regain some comfort
I had such a good day more than usual.,joy,I’m happy your day treated you well. Those ordinary good days are worth noticing
Today was pretty normal this morning.,neutral,"Sometimes a normal day is simply a normal day. What stood out, if anything?"
Can we talk more than usual.,neutral,That’s okay. You don’t need to label everything immediately; we can explore it together
I feel really anxious about this today.,fear,"It sounds like this situation has your mind on high alert. Try narrowing your attention to the next small, manageable step"
This makes me furious at the moment.,anger,I hear how strong the anger is. You can validate that feeling while still choosing a response you’ll feel good about later
"Lately, i’m just checking in at the moment.",neutral,I’m here with you. What would you like to talk about? You can take it one moment at a time.
"Lately, i feel lonely even around people at the moment.",sadness,Feeling alone while surrounded by others can be especially painful. It may help to name what kind of connection you’re missing You can take it one moment at a time
"Honestly, well, that’s new lately.",surprise,Something clearly caught you off guard. It’s okay to simply observe your reaction for a moment
Today feels heavy at the moment.,sadness,Sometimes tears are simply a way of letting emotion out. You can give yourself a quiet moment
Things are finally going my way lately.,joy,It’s great to hear that things are clicking into place. Take a moment to appreciate the progress
Everything feels a little empty lately.,sadness,That emptiness can be difficult to sit with. Be gentle with yourself while you move through it
I’m fed up with this for some reason.,anger,It sounds like you’ve reached your limit. You deserve a moment to step back and breathe before deciding what to do next
I’m not sure what I’m feeling after everything that happened.,neutral,That’s okay. You don’t need to label everything immediately; we can explore it together
"Lately, that is just gross more than usual.",disgust,I hear how strongly you dislike it. Sometimes the best response is simply to remove yourself from the unpleasant situation You can take it one moment at a time
"Right now, i had such a good day after everything that happened.",joy,I’m happy your day treated you well. Those ordinary good days are worth noticing
"Right now, i feel lonely even around people.",sadness,Feeling alone while surrounded by others can be especially painful. It may help to name what kind of connection you’re missing
That behavior is so disturbing lately.,disgust,It sounds like what you saw really unsettled you. You’re allowed to recognize that it crossed your personal boundaries
"Lately, this is seriously frustrating honestly.",anger,I can understand why that would feel frustrating. A little space before responding may help you regain control You can take it one moment at a time.
"Right now, just thinking things over today.",neutral,Taking time to think can be useful. What’s been occupying your thoughts?
"Honestly, i have a bad feeling after everything that happened.",fear,That uneasy feeling can be unsettling. Take a slow breath and give yourself a moment to separate the feeling from the facts you know
Did not expect that honestly.,surprise,That definitely sounds unexpected. Sometimes a little pause helps the surprise settle
Really worried more than usual.,fear,It’s understandable to feel nervous before an important interaction. You can prepare for what you can control and let the rest unfold There’s no need to rush your response.
"Right now, i had such a good day at the moment.",joy,I’m happy your day treated you well. Those ordinary good days are worth noticing
"For some reason, i feel lonely even around people for some reason.",sadness,Feeling alone while surrounded by others can be especially painful. It may help to name what kind of connection you’re missing
"I guess whoa, seriously today.",surprise,That definitely sounds unexpected. Sometimes a little pause helps the surprise settle There’s no need to rush your response
Seriously? I’m stunned honestly.,surprise,You sound genuinely surprised. Take a breath and give yourself time to process the new information
I’m really mad today.,anger,It sounds like you’ve reached your limit. You deserve a moment to step back and breathe before deciding what to do next
"Lately, things are finally going my way at the moment.",joy,It’s great to hear that things are clicking into place. Take a moment to appreciate the progress You can take it one moment at a time.
"Honestly, that really grosses me out.",disgust,It sounds like that crossed a strong comfort boundary for you. It’s okay to step away from what feels unpleasant
So frustrated tonight.,anger,I can understand why that would feel frustrating. A little space before responding may help you regain control
I guess this made my whole day more than usual.,joy,It sounds like that moment really lifted you. Hold onto what made it meaningful There’s no need to rush your response.
"Honestly, i feel really down today after everything that happened.",sadness,I’m sorry today feels heavy. You don’t have to force yourself to feel better immediately
"Honestly, i can’t stand the smell for some reason.",disgust,"Strong unpleasant smells can be overwhelming. If you can, move somewhere with fresher air and give yourself a reset"
"For some reason, i have a question honestly.",neutral,"Sure, go ahead. I’ll do my best to help you work through it"
Feeling great today.,joy,That happiness sounds lovely. Give yourself permission to enjoy this moment
"For some reason, i wanted to talk for a bit this morning.",neutral,Of course. We can take the conversation wherever you’d like
"Lately, i miss how things used to be lately.",sadness,"Missing the past can hurt, especially when it carries meaningful memories. It’s okay to acknowledge that feeling You can take it one moment at a time."
"Honestly, I feel fantastic at the moment.",joy,I’m glad you’re having such a positive moment. Let yourself enjoy it without overthinking it
Just thinking things over and I’m trying to process it.,neutral,Taking time to think can be useful. What’s been occupying your thoughts?
"Lately, i’m excited about what’s next this morning.",joy,That excitement can be a great source of energy. Let it carry you forward one step at a time You can take it one moment at a time.
Feeling great lately.,joy,There’s something refreshing about a day that feels special. Enjoy it at your own pace You can take it one moment at a time.
"Lately, i’m afraid to find out for some reason.",fear,Waiting for an answer can be frightening. You can take the moment one piece at a time instead of carrying the whole uncertainty at once You can take it one moment at a time.
"Right now, i’m tired of being treated this way tonight.",anger,Being treated unfairly can build a lot of anger. It may help to separate what happened from what you want to happen next
"For some reason, today just hurts after everything that happened.",sadness,"I hear how painful today feels. For now, being gentle with yourself is enough"
"Honestly, i have a question honestly.",neutral,"Sure, go ahead. I’ll do my best to help you work through it"
Nothing much at the moment.,neutral,Taking time to think can be useful. What’s been occupying your thoughts? There’s no need to rush your response
I’m disappointed and sad today.,sadness,That combination can weigh heavily. It’s okay to recognize both the disappointment and the sadness
I guess i want to yell for some reason.,anger,That urge can be intense. Giving yourself a pause can create room to express what’s wrong without escalating things There’s no need to rush your response
"Right now, today feels special after everything that happened.",joy,There’s something refreshing about a day that feels special. Enjoy it at your own pace
"For some reason, i can’t believe they did that at the moment.",anger,It sounds like their action really crossed a boundary for you. Taking a breath before reacting could give you more options
"For some reason, today just hurts more than usual.",sadness,"I hear how painful today feels. For now, being gentle with yourself is enough"
Just thinking things over for some reason.,neutral,Taking time to think can be useful. What’s been occupying your thoughts?
I guess i’m shocked by the news after everything that happened.,surprise,It makes sense to need a moment after surprising news. You don’t have to react immediately There’s no need to rush your response
"I guess well, that’s new more than usual.",surprise,Something clearly caught you off guard. It’s okay to simply observe your reaction for a moment There’s no need to rush your response.
"For some reason, this came out of nowhere more than usual.",surprise,Sudden changes can be startling. A little pause can help you figure out how you feel about it
"For some reason, i’m fed up with this for some reason.",anger,It sounds like you’ve reached your limit. You deserve a moment to step back and breathe before deciding what to do next
"Right now, i’m tired of being treated this way at the moment.",anger,Being treated unfairly can build a lot of anger. It may help to separate what happened from what you want to happen next
I guess i miss how things used to be at the moment.,sadness,"Missing the past can hurt, especially when it carries meaningful memories. It’s okay to acknowledge that feeling There’s no need to rush your response."
"Lately, i’m so angry right now lately.",anger,It sounds like something really pushed your limits. You can acknowledge the anger without letting it choose your next move You can take it one moment at a time.
Today was pretty normal after everything that happened.,neutral,"Sometimes a normal day is simply a normal day. What stood out, if anything?"
"Lately, wait, that actually happened tonight.",surprise,That sounds like quite a surprise. Give yourself a moment to take it in You can take it one moment at a time.
"Honestly, my mind won’t stop worrying after everything that happened.",fear,"When worries keep looping, it can help to pause and notice what is actually happening in the present moment"
I’m furious this morning.,anger,It sounds like something really pushed your limits. You can acknowledge the anger without letting it choose your next move
"Honestly, just thinking things over for some reason.",neutral,Taking time to think can be useful. What’s been occupying your thoughts?
"Lately, i’m scared about tomorrow this morning.",fear,"Uncertainty can make tomorrow feel much bigger than it is. For now, focus on what you can handle today You can take it one moment at a time."
"Right now, i’m trying to understand myself better more than usual.",neutral,That sounds like a worthwhile goal. We can look at what you’ve been noticing without rushing to conclusions
I guess things are finally going my way at the moment.,joy,It’s great to hear that things are clicking into place. Take a moment to appreciate the progress There’s no need to rush your response.
"Right now, i’m tired of being treated this way this morning.",anger,Being treated unfairly can build a lot of anger. It may help to separate what happened from what you want to happen next
This feels frightening honestly.,fear,That kind of what-if thinking can feel overwhelming. Gently return to what you know right now rather than every possible outcome
I can’t stand the smell.,disgust,"Strong unpleasant smells can be overwhelming. If you can, move somewhere with fresher air and give yourself a reset"
"Honestly, i had such a good day after everything that happened.",joy,I’m happy your day treated you well. Those ordinary good days are worth noticing
"For some reason, nothing much is happening today more than usual.",neutral,Sounds like a fairly ordinary day. Is there anything on your mind?
"For some reason, this made my whole day today.",joy,It sounds like that moment really lifted you. Hold onto what made it meaningful
"For some reason, today just hurts for some reason.",sadness,"I hear how painful today feels. For now, being gentle with yourself is enough"
"Lately, i’m excited about what’s next for some reason.",joy,That excitement can be a great source of energy. Let it carry you forward one step at a time You can take it one moment at a time.
Today feels heavy today.,sadness,Sometimes tears are simply a way of letting emotion out. You can give yourself a quiet moment
"Honestly, nothing feels exciting anymore.",sadness,It sounds like things feel unusually flat right now. Taking the day slowly may be kinder than demanding too much from yourself
"Honestly, today feels special this morning.",joy,There’s something refreshing about a day that feels special. Enjoy it at your own pace
"Right now, i’m annoyed beyond words this morning.",anger,That sounds like a lot of irritation building up. A short break may help you sort out what specifically crossed the line
I guess everything feels a little empty this morning.,sadness,That emptiness can be difficult to sit with. Be gentle with yourself while you move through it There’s no need to rush your response
Really worried and I’m trying to process it.,fear,It’s understandable to feel nervous before an important interaction. You can prepare for what you can control and let the rest unfold There’s no need to rush your response.
"Honestly, i feel really down today more than usual.",sadness,I’m sorry today feels heavy. You don’t have to force yourself to feel better immediately
What a surprise more than usual.,surprise,That sounds like a big surprise. Let yourself absorb the moment before deciding what it means There’s no need to rush your response.
"Honestly, i’m having a rough time this morning.",sadness,I’m sorry you’re going through a rough patch. You don’t have to solve everything at once
"For some reason, i’m annoyed beyond words.",anger,That sounds like a lot of irritation building up. A short break may help you sort out what specifically crossed the line
"For some reason, i have a question more than usual.",neutral,"Sure, go ahead. I’ll do my best to help you work through it"
I miss how things used to be today.,sadness,"Missing the past can hurt, especially when it carries meaningful memories. It’s okay to acknowledge that feeling"
"Right now, i’m having a rough time lately.",sadness,I’m sorry you’re going through a rough patch. You don’t have to solve everything at once
Absolutely unpleasant for some reason.,disgust,Sounds like a seriously unpleasant experience. Give yourself a little space from it There’s no need to rush your response
"Honestly, i’m annoyed beyond words for some reason.",anger,That sounds like a lot of irritation building up. A short break may help you sort out what specifically crossed the line
Seriously? I’m stunned at the moment.,surprise,You sound genuinely surprised. Take a breath and give yourself time to process the new information
I miss how things used to be this morning.,sadness,"Missing the past can hurt, especially when it carries meaningful memories. It’s okay to acknowledge that feeling"
"Right now, i can't stop smiling today.",joy,That smile says a lot. I hope you get to soak up this good feeling
I guess i’m annoyed beyond words for some reason.,anger,That sounds like a lot of irritation building up. A short break may help you sort out what specifically crossed the line There’s no need to rush your response.
I guess why does this keep happening at the moment.,anger,Repeated problems can wear down your patience. It’s understandable to feel angry when the same issue keeps returning There’s no need to rush your response.
Nothing much tonight.,neutral,Sounds like a fairly ordinary day. Is there anything on your mind?
I’m really hurting lately.,sadness,That emptiness can be difficult to sit with. Be gentle with yourself while you move through it
"Honestly, nothing much is happening today today.",neutral,Sounds like a fairly ordinary day. Is there anything on your mind?
"Right now, just thinking things over.",neutral,Taking time to think can be useful. What’s been occupying your thoughts?
I guess i can’t stand the smell lately.,disgust,"Strong unpleasant smells can be overwhelming. If you can, move somewhere with fresher air and give yourself a reset There’s no need to rush your response."
I’m not sure what I’m feeling at the moment.,neutral,That’s okay. You don’t need to label everything immediately; we can explore it together
"Lately, i can’t believe they did that tonight.",anger,It sounds like their action really crossed a boundary for you. Taking a breath before reacting could give you more options You can take it one moment at a time.
"Honestly, i’m deeply uncomfortable with this today.",disgust,"Your discomfort matters. You can pause, create some distance, and decide what boundary feels right"
"Honestly, just thinking things over honestly.",neutral,Taking time to think can be useful. What’s been occupying your thoughts?
"Lately, seriously? I’m stunned more than usual.",surprise,You sound genuinely surprised. Take a breath and give yourself time to process the new information You can take it one moment at a time.
I hate seeing things like that more than usual.,disgust,It makes sense that something so unpleasant would bother you. You can choose some distance from it when possible
"Lately, i can’t believe they did that.",anger,It sounds like their action really crossed a boundary for you. Taking a breath before reacting could give you more options You can take it one moment at a time.
"Right now, i don’t really know what to say honestly.",neutral,"That’s completely fine. You can start with whatever feels easiest, even if it’s just one sentence"
I’m panicking a little at the moment.,fear,"That sounds intense. Try grounding yourself in what you can see, hear, and feel right now, one detail at a time"
"Honestly, today feels special more than usual.",joy,There’s something refreshing about a day that feels special. Enjoy it at your own pace
"Lately, i wanted to talk for a bit this morning.",neutral,Of course. We can take the conversation wherever you’d like You can take it one moment at a time.
"For some reason, today was pretty normal for some reason.",neutral,"Sometimes a normal day is simply a normal day. What stood out, if anything?"
"Honestly, I feel fantastic lately.",joy,I’m glad you’re having such a positive moment. Let yourself enjoy it without overthinking it
"Right now, i can’t believe they did that more than usual.",anger,It sounds like their action really crossed a boundary for you. Taking a breath before reacting could give you more options
Really worried.,fear,"It sounds like this situation has your mind on high alert. Try narrowing your attention to the next small, manageable step"
"For some reason, i had such a good day for some reason.",joy,I’m happy your day treated you well. Those ordinary good days are worth noticing
Absolutely unpleasant after everything that happened.,disgust,Sounds like a seriously unpleasant experience. Give yourself a little space from it There’s no need to rush your response
I’m having a rough time honestly.,sadness,I’m sorry you’re going through a rough patch. You don’t have to solve everything at once
"Right now, i’m fed up with this tonight.",anger,It sounds like you’ve reached your limit. You deserve a moment to step back and breathe before deciding what to do next
I’m stunned today.,surprise,Sounds like the situation changed quickly. Take some time to process what happened You can take it one moment at a time.
"Lately, today was pretty normal.",neutral,"Sometimes a normal day is simply a normal day. What stood out, if anything? You can take it one moment at a time."
"Lately, that was absolutely revolting this morning.",disgust,That sounds deeply unpleasant. You don’t have to stay around something that makes you feel that uncomfortable You can take it one moment at a time.
"Honestly, this made my whole day at the moment.",joy,It sounds like that moment really lifted you. Hold onto what made it meaningful
"Right now, that was absolutely revolting tonight.",disgust,That sounds deeply unpleasant. You don’t have to stay around something that makes you feel that uncomfortable
"I guess honestly, I feel fantastic this morning.",joy,I’m glad you’re having such a positive moment. Let yourself enjoy it without overthinking it There’s no need to rush your response
"Honestly, my mind won’t stop worrying.",fear,"When worries keep looping, it can help to pause and notice what is actually happening in the present moment"
"Lately, i’m deeply uncomfortable with this more than usual.",disgust,"Your discomfort matters. You can pause, create some distance, and decide what boundary feels right You can take it one moment at a time."
I guess i wanted to talk for a bit this morning.,neutral,Of course. We can take the conversation wherever you’d like There’s no need to rush your response.
I guess i have a bad feeling.,fear,That uneasy feeling can be unsettling. Take a slow breath and give yourself a moment to separate the feeling from the facts you know There’s no need to rush your response.
"Honestly, i’m so angry right now after everything that happened.",anger,It sounds like something really pushed your limits. You can acknowledge the anger without letting it choose your next move
This made my whole day at the moment.,joy,It sounds like that moment really lifted you. Hold onto what made it meaningful
I can't stop smiling more than usual.,joy,That smile says a lot. I hope you get to soak up this good feeling
"Lately, i’m fed up with this after everything that happened.",anger,It sounds like you’ve reached your limit. You deserve a moment to step back and breathe before deciding what to do next You can take it one moment at a time
I can’t believe they did that at the moment.,anger,It sounds like their action really crossed a boundary for you. Taking a breath before reacting could give you more options
"Honestly, that behavior is so disturbing.",disgust,It sounds like what you saw really unsettled you. You’re allowed to recognize that it crossed your personal boundaries
"Honestly, i want to yell honestly.",anger,That urge can be intense. Giving yourself a pause can create room to express what’s wrong without escalating things
"Lately, i’m annoyed beyond words this morning.",anger,That sounds like a lot of irritation building up. A short break may help you sort out what specifically crossed the line You can take it one moment at a time.
"Lately, nothing much is happening today today.",neutral,Sounds like a fairly ordinary day. Is there anything on your mind? You can take it one moment at a time.
"Honestly, wait, that actually happened honestly.",surprise,That sounds like quite a surprise. Give yourself a moment to take it in
"Right now, that was completely unexpected lately.",surprise,Sounds like the situation changed quickly. Take some time to process what happened
"Right now, i’m having a rough time for some reason.",sadness,I’m sorry you’re going through a rough patch. You don’t have to solve everything at once
"Lately, i can’t believe it after everything that happened.",surprise,That sounds like a big surprise. Let yourself absorb the moment before deciding what it means You can take it one moment at a time.
"Right now, that really grosses me out.",disgust,It sounds like that crossed a strong comfort boundary for you. It’s okay to step away from what feels unpleasant
That behavior is so disturbing.,disgust,It sounds like what you saw really unsettled you. You’re allowed to recognize that it crossed your personal boundaries
"For some reason, everything feels a little empty lately.",sadness,That emptiness can be difficult to sit with. Be gentle with yourself while you move through it
This made my whole day lately.,joy,It sounds like that moment really lifted you. Hold onto what made it meaningful
"Lately, this makes me furious more than usual.",anger,I hear how strong the anger is. You can validate that feeling while still choosing a response you’ll feel good about later You can take it one moment at a time.
I guess this made my whole day at the moment.,joy,It sounds like that moment really lifted you. Hold onto what made it meaningful There’s no need to rush your response.
"Honestly, my mind won’t stop worrying this morning.",fear,"When worries keep looping, it can help to pause and notice what is actually happening in the present moment"
"For some reason, i don’t really know what to say after everything that happened.",neutral,"That’s completely fine. You can start with whatever feels easiest, even if it’s just one sentence"
"Lately, i just want to cry for some reason.",sadness,Sometimes tears are simply a way of letting emotion out. You can give yourself a quiet moment You can take it one moment at a time.
I guess that was absolutely revolting for some reason.,disgust,That sounds deeply unpleasant. You don’t have to stay around something that makes you feel that uncomfortable There’s no need to rush your response.
I’m furious after everything that happened.,anger,That urge can be intense. Giving yourself a pause can create room to express what’s wrong without escalating things You can take it one moment at a time
"Lately, i’m having a rough time for some reason.",sadness,I’m sorry you’re going through a rough patch. You don’t have to solve everything at once You can take it one moment at a time.
I guess this made my whole day lately.,joy,It sounds like that moment really lifted you. Hold onto what made it meaningful There’s no need to rush your response.
I’m excited about what’s next this morning.,joy,That excitement can be a great source of energy. Let it carry you forward one step at a time
"For some reason, i can’t believe they did that this morning.",anger,It sounds like their action really crossed a boundary for you. Taking a breath before reacting could give you more options
"Right now, well, that’s new at the moment.",surprise,Something clearly caught you off guard. It’s okay to simply observe your reaction for a moment
"Honestly, i hate seeing things like that.",disgust,It makes sense that something so unpleasant would bother you. You can choose some distance from it when possible
"Honestly, this made my whole day after everything that happened.",joy,It sounds like that moment really lifted you. Hold onto what made it meaningful
"Right now, i miss how things used to be lately.",sadness,"Missing the past can hurt, especially when it carries meaningful memories. It’s okay to acknowledge that feeling"
"For some reason, i feel really down today for some reason.",sadness,I’m sorry today feels heavy. You don’t have to force yourself to feel better immediately
"For some reason, that really grosses me out at the moment.",disgust,It sounds like that crossed a strong comfort boundary for you. It’s okay to step away from what feels unpleasant
I’m trying to understand myself better.,neutral,That sounds like a worthwhile goal. We can look at what you’ve been noticing without rushing to conclusions
"Lately, i’m so angry right now this morning.",anger,It sounds like something really pushed your limits. You can acknowledge the anger without letting it choose your next move You can take it one moment at a time
"I guess whoa, seriously more than usual.",surprise,That definitely sounds unexpected. Sometimes a little pause helps the surprise settle There’s no need to rush your response
"Lately, everything feels uncertain at the moment.",fear,Uncertainty can make even ordinary decisions feel harder. Focus on the next clear choice rather than solving everything at once You can take it one moment at a time.
"For some reason, i’m just checking in after everything that happened.",neutral,I’m here with you. What would you like to talk about?
"Honestly, got some amazing news after everything that happened.",joy,Wonderful news can brighten everything. What part of it feels best to you?
"Lately, i can't stop smiling for some reason.",joy,That smile says a lot. I hope you get to soak up this good feeling You can take it one moment at a time.
"For some reason, i feel sickened by this this morning.",disgust,That reaction shows how strongly the situation affected you. Stepping back can help you regain some comfort
"For some reason, i’m just checking in tonight.",neutral,I’m here with you. What would you like to talk about?
"Lately, just thinking things over this morning.",neutral,Taking time to think can be useful. What’s been occupying your thoughts? You can take it one moment at a time.
"Lately, nothing much is happening today at the moment.",neutral,Sounds like a fairly ordinary day. Is there anything on your mind? You can take it one moment at a time
"Lately, i feel sickened by this after everything that happened.",disgust,That reaction shows how strongly the situation affected you. Stepping back can help you regain some comfort You can take it one moment at a time.
"Honestly, i don’t really know what to say lately.",neutral,"That’s completely fine. You can start with whatever feels easiest, even if it’s just one sentence"
"Right now, nothing feels exciting anymore today.",sadness,It sounds like things feel unusually flat right now. Taking the day slowly may be kinder than demanding too much from yourself
"Right now, that really grosses me out for some reason.",disgust,It sounds like that crossed a strong comfort boundary for you. It’s okay to step away from what feels unpleasant
"For some reason, i did not see that coming today.",surprise,Unexpected moments can take a second to process. What part surprised you most?
"Right now, i can’t believe it today.",surprise,That sounds like a big surprise. Let yourself absorb the moment before deciding what it means
I’m annoyed beyond words after everything that happened.,anger,That sounds like a lot of irritation building up. A short break may help you sort out what specifically crossed the line
"Honestly, this is seriously frustrating for some reason.",anger,I can understand why that would feel frustrating. A little space before responding may help you regain control
"Right now, i keep thinking about what I lost for some reason.",sadness,It makes sense that a loss can keep returning to your thoughts. You can acknowledge the sadness without judging yourself for it
"Right now, my mind won’t stop worrying.",fear,"When worries keep looping, it can help to pause and notice what is actually happening in the present moment"
So happy right now lately.,joy,You have every reason to pause and recognize what you accomplished There’s no need to rush your response
Things are finally going my way!,joy,It’s great to hear that things are clicking into place. Take a moment to appreciate the progress
Absolutely unpleasant this morning.,disgust,Your reaction sounds strong and understandable given what you encountered. Creating some distance may help
"Honestly, things are finally going my way!",joy,It’s great to hear that things are clicking into place. Take a moment to appreciate the progress
"Right now, i’m proud of myself for some reason.",joy,You have every reason to pause and recognize what you accomplished
I guess that was completely unexpected tonight.,surprise,Sounds like the situation changed quickly. Take some time to process what happened There’s no need to rush your response.
"Whoa, seriously after everything that happened.",surprise,That definitely sounds unexpected. Sometimes a little pause helps the surprise settle
"For some reason, this made my whole day more than usual.",joy,It sounds like that moment really lifted you. Hold onto what made it meaningful
I guess got some amazing news today.,joy,Wonderful news can brighten everything. What part of it feels best to you? There’s no need to rush your response.
"For some reason, i’m proud of myself.",joy,You have every reason to pause and recognize what you accomplished
I can’t believe they did that lately.,anger,It sounds like their action really crossed a boundary for you. Taking a breath before reacting could give you more options
I guess i keep thinking about what I lost honestly.,sadness,It makes sense that a loss can keep returning to your thoughts. You can acknowledge the sadness without judging yourself for it There’s no need to rush your response.
"For some reason, i’m disgusted by what happened this morning.",disgust,Your reaction sounds strong and understandable given what you encountered. Creating some distance may help
"For some reason, this is seriously frustrating today.",anger,I can understand why that would feel frustrating. A little space before responding may help you regain control
Nothing much more than usual.,neutral,Taking time to think can be useful. What’s been occupying your thoughts? There’s no need to rush your response
"Lately, this is seriously frustrating.",anger,I can understand why that would feel frustrating. A little space before responding may help you regain control You can take it one moment at a time
"Right now, honestly, I feel fantastic.",joy,I’m glad you’re having such a positive moment. Let yourself enjoy it without overthinking it
This made my whole day.,joy,It sounds like that moment really lifted you. Hold onto what made it meaningful
"Honestly, i hate seeing things like that after everything that happened.",disgust,It makes sense that something so unpleasant would bother you. You can choose some distance from it when possible
"Honestly, i had such a good day lately.",joy,I’m happy your day treated you well. Those ordinary good days are worth noticing
"Honestly, i feel really down today this morning.",sadness,I’m sorry today feels heavy. You don’t have to force yourself to feel better immediately
"Honestly, this makes me furious at the moment.",anger,I hear how strong the anger is. You can validate that feeling while still choosing a response you’ll feel good about later
I’m furious tonight.,anger,It sounds like something really pushed your limits. You can acknowledge the anger without letting it choose your next move
"Honestly, got some amazing news tonight.",joy,Wonderful news can brighten everything. What part of it feels best to you?
I guess i miss how things used to be today.,sadness,"Missing the past can hurt, especially when it carries meaningful memories. It’s okay to acknowledge that feeling There’s no need to rush your response."
They completely ignored me.,anger,"Being ignored can feel deeply disrespectful. Your frustration makes sense, and you can decide how you want to address it calmly"
"Honestly, nothing feels exciting anymore honestly.",sadness,It sounds like things feel unusually flat right now. Taking the day slowly may be kinder than demanding too much from yourself
I guess i can’t stand the smell today.,disgust,"Strong unpleasant smells can be overwhelming. If you can, move somewhere with fresher air and give yourself a reset There’s no need to rush your response"
"Lately, i’m scared about tomorrow more than usual.",fear,"Uncertainty can make tomorrow feel much bigger than it is. For now, focus on what you can handle today You can take it one moment at a time."
I can’t believe it honestly.,surprise,That sounds like a big surprise. Let yourself absorb the moment before deciding what it means
I guess i’m so angry right now.,anger,It sounds like something really pushed your limits. You can acknowledge the anger without letting it choose your next move There’s no need to rush your response.
"Right now, i can’t believe it after everything that happened.",surprise,That sounds like a big surprise. Let yourself absorb the moment before deciding what it means
I guess today feels special more than usual.,joy,There’s something refreshing about a day that feels special. Enjoy it at your own pace There’s no need to rush your response
"Right now, can we talk about my day after everything that happened.",neutral,Absolutely. Tell me whatever part of your day you want to share
"For some reason, i’m afraid I’ll mess this up honestly.",fear,Fear of making mistakes can put a lot of pressure on you. Remember that one imperfect moment does not define the whole experience
"Lately, seriously? I’m stunned honestly.",surprise,You sound genuinely surprised. Take a breath and give yourself time to process the new information You can take it one moment at a time
"For some reason, i’m proud of myself tonight.",joy,You have every reason to pause and recognize what you accomplished
"Right now, whoa, seriously?",surprise,That definitely sounds unexpected. Sometimes a little pause helps the surprise settle
I’m tired of being treated this way more than usual.,anger,Being treated unfairly can build a lot of anger. It may help to separate what happened from what you want to happen next
"Right now, this makes me furious tonight.",anger,I hear how strong the anger is. You can validate that feeling while still choosing a response you’ll feel good about later
"Right now, today just hurts tonight.",sadness,"I hear how painful today feels. For now, being gentle with yourself is enough"
So frustrated.,anger,I can understand why that would feel frustrating. A little space before responding may help you regain control
"Honestly, i’m disappointed and sad this morning.",sadness,That combination can weigh heavily. It’s okay to recognize both the disappointment and the sadness
That behavior is so disturbing for some reason.,disgust,It sounds like what you saw really unsettled you. You’re allowed to recognize that it crossed your personal boundaries
"For some reason, i’m disgusted by what happened.",disgust,Your reaction sounds strong and understandable given what you encountered. Creating some distance may help
"Lately, i’m disappointed and sad.",sadness,That combination can weigh heavily. It’s okay to recognize both the disappointment and the sadness You can take it one moment at a time.
I’m annoyed beyond words more than usual.,anger,That sounds like a lot of irritation building up. A short break may help you sort out what specifically crossed the line
"For some reason, nothing much is happening today today.",neutral,Sounds like a fairly ordinary day. Is there anything on your mind?
What a good day at the moment.,joy,That smile says a lot. I hope you get to soak up this good feeling
"Right now, i have a question lately.",neutral,"Sure, go ahead. I’ll do my best to help you work through it"
I’m stunned at the moment.,surprise,Sounds like the situation changed quickly. Take some time to process what happened You can take it one moment at a time
I guess this is seriously frustrating today.,anger,I can understand why that would feel frustrating. A little space before responding may help you regain control There’s no need to rush your response
Really worried for some reason.,fear,"It sounds like this situation has your mind on high alert. Try narrowing your attention to the next small, manageable step"
What if everything goes wrong this morning.,fear,That kind of what-if thinking can feel overwhelming. Gently return to what you know right now rather than every possible outcome
"Right now, i’m afraid to find out honestly.",fear,Waiting for an answer can be frightening. You can take the moment one piece at a time instead of carrying the whole uncertainty at once
Absolutely unpleasant more than usual.,disgust,Your reaction sounds strong and understandable given what you encountered. Creating some distance may help
I’m not sure what I’m feeling today.,neutral,That’s okay. You don’t need to label everything immediately; we can explore it together
"Honestly, why does this keep happening honestly.",anger,Repeated problems can wear down your patience. It’s understandable to feel angry when the same issue keeps returning
"Honestly, i’m so angry right now more than usual.",anger,It sounds like something really pushed your limits. You can acknowledge the anger without letting it choose your next move
"For some reason, today was pretty normal after everything that happened.",neutral,"Sometimes a normal day is simply a normal day. What stood out, if anything?"
Today was pretty normal at the moment.,neutral,"Sometimes a normal day is simply a normal day. What stood out, if anything?"
Can we talk for some reason.,neutral,That’s okay. You don’t need to label everything immediately; we can explore it together
Today was pretty normal.,neutral,"Sometimes a normal day is simply a normal day. What stood out, if anything?"
I guess i miss how things used to be honestly.,sadness,"Missing the past can hurt, especially when it carries meaningful memories. It’s okay to acknowledge that feeling There’s no need to rush your response."
I feel lonely even around people today.,sadness,Feeling alone while surrounded by others can be especially painful. It may help to name what kind of connection you’re missing
Feeling great.,joy,There’s something refreshing about a day that feels special. Enjoy it at your own pace You can take it one moment at a time
"Honestly, i did not see that coming today.",surprise,Unexpected moments can take a second to process. What part surprised you most?
"Honestly, well, that’s new honestly.",surprise,Something clearly caught you off guard. It’s okay to simply observe your reaction for a moment
I’m thinking this morning.,neutral,Of course. We can take the conversation wherever you’d like
"Lately, well, that’s new after everything that happened.",surprise,Something clearly caught you off guard. It’s okay to simply observe your reaction for a moment You can take it one moment at a time.
"Honestly, i have a question for some reason.",neutral,"Sure, go ahead. I’ll do my best to help you work through it"
I guess that really grosses me out tonight.,disgust,It sounds like that crossed a strong comfort boundary for you. It’s okay to step away from what feels unpleasant There’s no need to rush your response
"For some reason, that is just gross lately.",disgust,I hear how strongly you dislike it. Sometimes the best response is simply to remove yourself from the unpleasant situation
"Right now, just thinking things over lately.",neutral,Taking time to think can be useful. What’s been occupying your thoughts?
"Right now, i can’t stand the smell honestly.",disgust,"Strong unpleasant smells can be overwhelming. If you can, move somewhere with fresher air and give yourself a reset"
Everything feels a little empty.,sadness,That emptiness can be difficult to sit with. Be gentle with yourself while you move through it
"Honestly, they completely ignored me this morning.",anger,"Being ignored can feel deeply disrespectful. Your frustration makes sense, and you can decide how you want to address it calmly"
"Right now, i’m annoyed beyond words today.",anger,That sounds like a lot of irritation building up. A short break may help you sort out what specifically crossed the line
I’m fed up with this at the moment.,anger,It sounds like you’ve reached your limit. You deserve a moment to step back and breathe before deciding what to do next
I guess i’m shocked by the news for some reason.,surprise,It makes sense to need a moment after surprising news. You don’t have to react immediately There’s no need to rush your response
"For some reason, can we talk about my day today.",neutral,Absolutely. Tell me whatever part of your day you want to share
Feeling low more than usual.,sadness,It sounds like things feel unusually flat right now. Taking the day slowly may be kinder than demanding too much from yourself You can take it one moment at a time
"Honestly, i never imagined this would happen after everything that happened.",surprise,That kind of unexpected turn can leave you searching for words. Give yourself space to take it in
"Lately, just thinking things over lately.",neutral,Taking time to think can be useful. What’s been occupying your thoughts? You can take it one moment at a time.
"Lately, i feel really anxious about this more than usual.",fear,"It sounds like this situation has your mind on high alert. Try narrowing your attention to the next small, manageable step You can take it one moment at a time."
I’m repulsed honestly.,disgust,That sounds deeply unpleasant. You don’t have to stay around something that makes you feel that uncomfortable
I guess i’m fed up with this today.,anger,It sounds like you’ve reached your limit. You deserve a moment to step back and breathe before deciding what to do next There’s no need to rush your response.
Can we talk tonight.,neutral,That’s okay. You don’t need to label everything immediately; we can explore it together
I just want to cry more than usual.,sadness,Sometimes tears are simply a way of letting emotion out. You can give yourself a quiet moment
I guess can we talk about my day tonight.,neutral,Absolutely. Tell me whatever part of your day you want to share There’s no need to rush your response.
"Right now, just thinking things over this morning.",neutral,Taking time to think can be useful. What’s been occupying your thoughts?
I had such a good day tonight.,joy,I’m happy your day treated you well. Those ordinary good days are worth noticing
"Honestly, got some amazing news this morning.",joy,Wonderful news can brighten everything. What part of it feels best to you?
"Honestly, i’m annoyed beyond words honestly.",anger,That sounds like a lot of irritation building up. A short break may help you sort out what specifically crossed the line
"Right now, i’m excited about what’s next after everything that happened.",joy,That excitement can be a great source of energy. Let it carry you forward one step at a time
"Honestly, i’m deeply uncomfortable with this tonight.",disgust,"Your discomfort matters. You can pause, create some distance, and decide what boundary feels right"
"Lately, i feel sickened by this honestly.",disgust,That reaction shows how strongly the situation affected you. Stepping back can help you regain some comfort You can take it one moment at a time.
"Lately, i’m disgusted by what happened more than usual.",disgust,Your reaction sounds strong and understandable given what you encountered. Creating some distance may help You can take it one moment at a time.
"Honestly, that is just gross honestly.",disgust,I hear how strongly you dislike it. Sometimes the best response is simply to remove yourself from the unpleasant situation
"Right now, whoa, seriously for some reason.",surprise,That definitely sounds unexpected. Sometimes a little pause helps the surprise settle
"Right now, i’m nervous about meeting them today.",fear,It’s understandable to feel nervous before an important interaction. You can prepare for what you can control and let the rest unfold
"For some reason, i feel really down today more than usual.",sadness,I’m sorry today feels heavy. You don’t have to force yourself to feel better immediately
Can we talk about my day at the moment.,neutral,Absolutely. Tell me whatever part of your day you want to share
"Right now, i feel really down today honestly.",sadness,I’m sorry today feels heavy. You don’t have to force yourself to feel better immediately
"Lately, that was absolutely revolting.",disgust,That sounds deeply unpleasant. You don’t have to stay around something that makes you feel that uncomfortable You can take it one moment at a time
I keep thinking about what I lost.,sadness,It makes sense that a loss can keep returning to your thoughts. You can acknowledge the sadness without judging yourself for it
"For some reason, ugh, that was nasty for some reason.",disgust,Sounds like a seriously unpleasant experience. Give yourself a little space from it
"Lately, i wanted to talk for a bit today.",neutral,Of course. We can take the conversation wherever you’d like You can take it one moment at a time.
"Honestly, i just want to cry at the moment.",sadness,Sometimes tears are simply a way of letting emotion out. You can give yourself a quiet moment
"Well, that’s new.",surprise,Something clearly caught you off guard. It’s okay to simply observe your reaction for a moment
"Right now, i have a bad feeling for some reason.",fear,That uneasy feeling can be unsettling. Take a slow breath and give yourself a moment to separate the feeling from the facts you know
Why does this keep happening for some reason.,anger,Repeated problems can wear down your patience. It’s understandable to feel angry when the same issue keeps returning
I guess i just want to cry lately.,sadness,Sometimes tears are simply a way of letting emotion out. You can give yourself a quiet moment There’s no need to rush your response.
I guess got some amazing news tonight.,joy,Wonderful news can brighten everything. What part of it feels best to you? There’s no need to rush your response.
Why does this keep happening today.,anger,Repeated problems can wear down your patience. It’s understandable to feel angry when the same issue keeps returning
This feels frightening today.,fear,That kind of what-if thinking can feel overwhelming. Gently return to what you know right now rather than every possible outcome
"Lately, seriously? I’m stunned.",surprise,You sound genuinely surprised. Take a breath and give yourself time to process the new information You can take it one moment at a time
"Lately, i’m panicking a little today.",fear,"That sounds intense. Try grounding yourself in what you can see, hear, and feel right now, one detail at a time You can take it one moment at a time."
"Lately, i’m shocked by the news this morning.",surprise,It makes sense to need a moment after surprising news. You don’t have to react immediately You can take it one moment at a time
"Lately, i feel sickened by this.",disgust,That reaction shows how strongly the situation affected you. Stepping back can help you regain some comfort You can take it one moment at a time
I guess today feels special today.,joy,There’s something refreshing about a day that feels special. Enjoy it at your own pace There’s no need to rush your response
"Lately, i miss how things used to be honestly.",sadness,"Missing the past can hurt, especially when it carries meaningful memories. It’s okay to acknowledge that feeling You can take it one moment at a time."
"Right now, i’m nervous about meeting them tonight.",fear,It’s understandable to feel nervous before an important interaction. You can prepare for what you can control and let the rest unfold
"Lately, i feel really down today for some reason.",sadness,I’m sorry today feels heavy. You don’t have to force yourself to feel better immediately You can take it one moment at a time
"Honestly, i’m afraid to find out tonight.",fear,Waiting for an answer can be frightening. You can take the moment one piece at a time instead of carrying the whole uncertainty at once
"For some reason, they completely ignored me tonight.",anger,"Being ignored can feel deeply disrespectful. Your frustration makes sense, and you can decide how you want to address it calmly"
"Ugh, that was nasty more than usual.",disgust,Sounds like a seriously unpleasant experience. Give yourself a little space from it
"Right now, this came out of nowhere honestly.",surprise,Sudden changes can be startling. A little pause can help you figure out how you feel about it
"Lately, i feel lonely even around people this morning.",sadness,Feeling alone while surrounded by others can be especially painful. It may help to name what kind of connection you’re missing You can take it one moment at a time
"Right now, i’m annoyed beyond words at the moment.",anger,That sounds like a lot of irritation building up. A short break may help you sort out what specifically crossed the line
I guess i feel really anxious about this tonight.,fear,"It sounds like this situation has your mind on high alert. Try narrowing your attention to the next small, manageable step There’s no need to rush your response."
I guess can we talk about my day today.,neutral,Absolutely. Tell me whatever part of your day you want to share There’s no need to rush your response.
"Lately, why does this keep happening for some reason.",anger,Repeated problems can wear down your patience. It’s understandable to feel angry when the same issue keeps returning You can take it one moment at a time
"Right now, i’m trying to understand myself better for some reason.",neutral,That sounds like a worthwhile goal. We can look at what you’ve been noticing without rushing to conclusions
Today feels special at the moment.,joy,There’s something refreshing about a day that feels special. Enjoy it at your own pace
"Honestly, wait, that actually happened after everything that happened.",surprise,That sounds like quite a surprise. Give yourself a moment to take it in
"For some reason, i have a bad feeling this morning.",fear,That uneasy feeling can be unsettling. Take a slow breath and give yourself a moment to separate the feeling from the facts you know
I guess nothing feels exciting anymore for some reason.,sadness,It sounds like things feel unusually flat right now. Taking the day slowly may be kinder than demanding too much from yourself There’s no need to rush your response.
"For some reason, whoa, seriously honestly.",surprise,That definitely sounds unexpected. Sometimes a little pause helps the surprise settle
"Honestly, i’m nervous about meeting them at the moment.",fear,It’s understandable to feel nervous before an important interaction. You can prepare for what you can control and let the rest unfold
"Honestly, i’m disgusted by what happened today.",disgust,Your reaction sounds strong and understandable given what you encountered. Creating some distance may help
I’m stunned tonight.,surprise,That sounds like quite a surprise. Give yourself a moment to take it in
"Ugh, that was nasty lately.",disgust,Sounds like a seriously unpleasant experience. Give yourself a little space from it
"Right now, i feel sickened by this for some reason.",disgust,That reaction shows how strongly the situation affected you. Stepping back can help you regain some comfort
"Lately, i never imagined this would happen at the moment.",surprise,That kind of unexpected turn can leave you searching for words. Give yourself space to take it in You can take it one moment at a time.
"Lately, this makes me furious honestly.",anger,I hear how strong the anger is. You can validate that feeling while still choosing a response you’ll feel good about later You can take it one moment at a time.
"Honestly, i feel lonely even around people tonight.",sadness,Feeling alone while surrounded by others can be especially painful. It may help to name what kind of connection you’re missing
"Honestly, i’m having a rough time lately.",sadness,I’m sorry you’re going through a rough patch. You don’t have to solve everything at once
"Lately, today just hurts.",sadness,"I hear how painful today feels. For now, being gentle with yourself is enough You can take it one moment at a time."
"Right now, i can’t stand the smell tonight.",disgust,"Strong unpleasant smells can be overwhelming. If you can, move somewhere with fresher air and give yourself a reset"
"Honestly, i just want to cry.",sadness,Sometimes tears are simply a way of letting emotion out. You can give yourself a quiet moment
"Lately, i feel really down today at the moment.",sadness,I’m sorry today feels heavy. You don’t have to force yourself to feel better immediately You can take it one moment at a time
"Right now, this made my whole day.",joy,It sounds like that moment really lifted you. Hold onto what made it meaningful
"Right now, ugh, that was nasty today.",disgust,Sounds like a seriously unpleasant experience. Give yourself a little space from it
I’m deeply uncomfortable with this this morning.,disgust,"Your discomfort matters. You can pause, create some distance, and decide what boundary feels right"
"For some reason, today was pretty normal honestly.",neutral,"Sometimes a normal day is simply a normal day. What stood out, if anything?"
That was absolutely revolting after everything that happened.,disgust,That sounds deeply unpleasant. You don’t have to stay around something that makes you feel that uncomfortable
I’m deeply uncomfortable with this after everything that happened.,disgust,"Your discomfort matters. You can pause, create some distance, and decide what boundary feels right"
I guess i keep thinking about what I lost more than usual.,sadness,It makes sense that a loss can keep returning to your thoughts. You can acknowledge the sadness without judging yourself for it There’s no need to rush your response.
"Lately, i just want to cry tonight.",sadness,Sometimes tears are simply a way of letting emotion out. You can give yourself a quiet moment You can take it one moment at a time.
"For some reason, i’m trying to understand myself better more than usual.",neutral,That sounds like a worthwhile goal. We can look at what you’ve been noticing without rushing to conclusions
"Lately, i’m scared about tomorrow.",fear,"Uncertainty can make tomorrow feel much bigger than it is. For now, focus on what you can handle today You can take it one moment at a time"
I miss how things used to be lately.,sadness,"Missing the past can hurt, especially when it carries meaningful memories. It’s okay to acknowledge that feeling"
"Lately, wait, that actually happened today.",surprise,That sounds like quite a surprise. Give yourself a moment to take it in You can take it one moment at a time.
I’m really mad lately.,anger,It sounds like you’ve reached your limit. You deserve a moment to step back and breathe before deciding what to do next
I just want to cry tonight.,sadness,Sometimes tears are simply a way of letting emotion out. You can give yourself a quiet moment
This makes me furious for some reason.,anger,I hear how strong the anger is. You can validate that feeling while still choosing a response you’ll feel good about later
"For some reason, well, that’s new.",surprise,Something clearly caught you off guard. It’s okay to simply observe your reaction for a moment
"Honestly, i’m afraid to find out.",fear,Waiting for an answer can be frightening. You can take the moment one piece at a time instead of carrying the whole uncertainty at once
"For some reason, seriously? I’m stunned more than usual.",surprise,You sound genuinely surprised. Take a breath and give yourself time to process the new information
I’m proud of myself honestly.,joy,You have every reason to pause and recognize what you accomplished
"Lately, that really grosses me out at the moment.",disgust,It sounds like that crossed a strong comfort boundary for you. It’s okay to step away from what feels unpleasant You can take it one moment at a time
"Lately, got some amazing news honestly.",joy,Wonderful news can brighten everything. What part of it feels best to you? You can take it one moment at a time.
"For some reason, can we talk about my day more than usual.",neutral,Absolutely. Tell me whatever part of your day you want to share
"Honestly, today feels special honestly.",joy,There’s something refreshing about a day that feels special. Enjoy it at your own pace
I’m really hurting lately.,sadness,I’m sorry you’re going through a rough patch. You don’t have to solve everything at once There’s no need to rush your response.
Did not expect that tonight.,surprise,That definitely sounds unexpected. Sometimes a little pause helps the surprise settle
I can’t believe they did that after everything that happened.,anger,It sounds like their action really crossed a boundary for you. Taking a breath before reacting could give you more options
This came out of nowhere today.,surprise,Sudden changes can be startling. A little pause can help you figure out how you feel about it
"Lately, i’m not sure what I’m feeling tonight.",neutral,That’s okay. You don’t need to label everything immediately; we can explore it together You can take it one moment at a time
I guess i’m scared about tomorrow.,fear,"Uncertainty can make tomorrow feel much bigger than it is. For now, focus on what you can handle today There’s no need to rush your response"
Today just hurts tonight.,sadness,"I hear how painful today feels. For now, being gentle with yourself is enough"
"Lately, whoa, seriously lately.",surprise,That definitely sounds unexpected. Sometimes a little pause helps the surprise settle You can take it one moment at a time.
I’m genuinely thrilled honestly.,joy,Wonderful news can brighten everything. What part of it feels best to you?
I have a bad feeling.,fear,That uneasy feeling can be unsettling. Take a slow breath and give yourself a moment to separate the feeling from the facts you know
"For some reason, what if everything goes wrong for some reason.",fear,That kind of what-if thinking can feel overwhelming. Gently return to what you know right now rather than every possible outcome
This annoys me.,anger,Repeated problems can wear down your patience. It’s understandable to feel angry when the same issue keeps returning
So happy right now honestly.,joy,You have every reason to pause and recognize what you accomplished There’s no need to rush your response
I’m really hurting.,sadness,That emptiness can be difficult to sit with. Be gentle with yourself while you move through it
I can’t believe it at the moment.,surprise,That sounds like a big surprise. Let yourself absorb the moment before deciding what it means
I guess that was completely unexpected after everything that happened.,surprise,Sounds like the situation changed quickly. Take some time to process what happened There’s no need to rush your response
"Honestly, i had such a good day honestly.",joy,I’m happy your day treated you well. Those ordinary good days are worth noticing
Got some amazing news tonight.,joy,Wonderful news can brighten everything. What part of it feels best to you?
"Lately, i’m disgusted by what happened lately.",disgust,Your reaction sounds strong and understandable given what you encountered. Creating some distance may help You can take it one moment at a time
"Lately, i can’t believe it lately.",surprise,That sounds like a big surprise. Let yourself absorb the moment before deciding what it means You can take it one moment at a time.
"For some reason, just thinking things over more than usual.",neutral,Taking time to think can be useful. What’s been occupying your thoughts?
I’m afraid I’ll mess this up more than usual.,fear,Fear of making mistakes can put a lot of pressure on you. Remember that one imperfect moment does not define the whole experience
I’m proud of myself after everything that happened.,joy,You have every reason to pause and recognize what you accomplished
"Right now, i can't stop smiling at the moment.",joy,That smile says a lot. I hope you get to soak up this good feeling
"Honestly, I feel fantastic honestly.",joy,I’m glad you’re having such a positive moment. Let yourself enjoy it without overthinking it
I guess that was absolutely revolting today.,disgust,That sounds deeply unpleasant. You don’t have to stay around something that makes you feel that uncomfortable There’s no need to rush your response.
"I guess well, that’s new at the moment.",surprise,Something clearly caught you off guard. It’s okay to simply observe your reaction for a moment There’s no need to rush your response
"Honestly, i want to yell tonight.",anger,That urge can be intense. Giving yourself a pause can create room to express what’s wrong without escalating things
"Honestly, i can’t stand the smell honestly.",disgust,"Strong unpleasant smells can be overwhelming. If you can, move somewhere with fresher air and give yourself a reset"
"Right now, today just hurts at the moment.",sadness,"I hear how painful today feels. For now, being gentle with yourself is enough"
I’m caught off guard.,surprise,It makes sense to need a moment after surprising news. You don’t have to react immediately
"Lately, things are finally going my way for some reason.",joy,It’s great to hear that things are clicking into place. Take a moment to appreciate the progress You can take it one moment at a time.
I’m afraid to find out after everything that happened.,fear,Waiting for an answer can be frightening. You can take the moment one piece at a time instead of carrying the whole uncertainty at once
"For some reason, wait, that actually happened for some reason.",surprise,That sounds like quite a surprise. Give yourself a moment to take it in
So happy right now more than usual.,joy,It’s great to hear that things are clicking into place. Take a moment to appreciate the progress
"For some reason, today feels special for some reason.",joy,There’s something refreshing about a day that feels special. Enjoy it at your own pace
"Honestly, i have a bad feeling today.",fear,That uneasy feeling can be unsettling. Take a slow breath and give yourself a moment to separate the feeling from the facts you know
"Lately, well, that’s new tonight.",surprise,Something clearly caught you off guard. It’s okay to simply observe your reaction for a moment You can take it one moment at a time.
"For some reason, that was completely unexpected tonight.",surprise,Sounds like the situation changed quickly. Take some time to process what happened
"Honestly, everything feels uncertain.",fear,Uncertainty can make even ordinary decisions feel harder. Focus on the next clear choice rather than solving everything at once
I’m genuinely thrilled at the moment.,joy,Wonderful news can brighten everything. What part of it feels best to you?
"Lately, i’m disappointed and sad lately.",sadness,That combination can weigh heavily. It’s okay to recognize both the disappointment and the sadness You can take it one moment at a time.
I guess nothing much is happening today more than usual.,neutral,Sounds like a fairly ordinary day. Is there anything on your mind? There’s no need to rush your response
"For some reason, seriously? I’m stunned after everything that happened.",surprise,You sound genuinely surprised. Take a breath and give yourself time to process the new information
"For some reason, whoa, seriously?",surprise,That definitely sounds unexpected. Sometimes a little pause helps the surprise settle
"Honestly, nothing feels exciting anymore today.",sadness,It sounds like things feel unusually flat right now. Taking the day slowly may be kinder than demanding too much from yourself
I’m not sure what I’m feeling this morning.,neutral,That’s okay. You don’t need to label everything immediately; we can explore it together
I guess i’m scared about tomorrow after everything that happened.,fear,"Uncertainty can make tomorrow feel much bigger than it is. For now, focus on what you can handle today There’s no need to rush your response"
What if everything goes wrong more than usual.,fear,That kind of what-if thinking can feel overwhelming. Gently return to what you know right now rather than every possible outcome
"Lately, i’m having a rough time after everything that happened.",sadness,I’m sorry you’re going through a rough patch. You don’t have to solve everything at once You can take it one moment at a time.
"Lately, i’m not sure what I’m feeling honestly.",neutral,That’s okay. You don’t need to label everything immediately; we can explore it together You can take it one moment at a time
I guess i wanted to talk for a bit honestly.,neutral,Of course. We can take the conversation wherever you’d like There’s no need to rush your response.
"For some reason, i’m nervous about meeting them this morning.",fear,It’s understandable to feel nervous before an important interaction. You can prepare for what you can control and let the rest unfold
"Right now, i hate seeing things like that.",disgust,It makes sense that something so unpleasant would bother you. You can choose some distance from it when possible
"For some reason, that was absolutely revolting honestly.",disgust,That sounds deeply unpleasant. You don’t have to stay around something that makes you feel that uncomfortable
Nothing much.,neutral,Sounds like a fairly ordinary day. Is there anything on your mind?
"Honestly, ugh, that was nasty honestly.",disgust,Sounds like a seriously unpleasant experience. Give yourself a little space from it
"For some reason, i’m disappointed and sad at the moment.",sadness,That combination can weigh heavily. It’s okay to recognize both the disappointment and the sadness
"Honestly, everything feels a little empty honestly.",sadness,That emptiness can be difficult to sit with. Be gentle with yourself while you move through it
"Lately, i’m not sure what I’m feeling at the moment.",neutral,That’s okay. You don’t need to label everything immediately; we can explore it together You can take it one moment at a time
Can we talk about my day more than usual.,neutral,Absolutely. Tell me whatever part of your day you want to share
"Lately, everything feels uncertain tonight.",fear,Uncertainty can make even ordinary decisions feel harder. Focus on the next clear choice rather than solving everything at once You can take it one moment at a time.
"Honestly, i feel really anxious about this this morning.",fear,"It sounds like this situation has your mind on high alert. Try narrowing your attention to the next small, manageable step"
"Lately, whoa, seriously for some reason.",surprise,That definitely sounds unexpected. Sometimes a little pause helps the surprise settle You can take it one moment at a time.
"For some reason, i had such a good day after everything that happened.",joy,I’m happy your day treated you well. Those ordinary good days are worth noticing
I guess i did not see that coming for some reason.,surprise,Unexpected moments can take a second to process. What part surprised you most? There’s no need to rush your response.
"Honestly, wait, that actually happened lately.",surprise,That sounds like quite a surprise. Give yourself a moment to take it in
"For some reason, i’m feeling really happy today honestly.",joy,That happiness sounds lovely. Give yourself permission to enjoy this moment
"Lately, i’m trying to understand myself better this morning.",neutral,That sounds like a worthwhile goal. We can look at what you’ve been noticing without rushing to conclusions You can take it one moment at a time
"Right now, that really grosses me out at the moment.",disgust,It sounds like that crossed a strong comfort boundary for you. It’s okay to step away from what feels unpleasant
"For some reason, i’m just checking in more than usual.",neutral,I’m here with you. What would you like to talk about?
"For some reason, i’m annoyed beyond words this morning.",anger,That sounds like a lot of irritation building up. A short break may help you sort out what specifically crossed the line
Absolutely unpleasant more than usual.,disgust,Sounds like a seriously unpleasant experience. Give yourself a little space from it There’s no need to rush your response
I’m scared honestly.,fear,"Uncertainty can make tomorrow feel much bigger than it is. For now, focus on what you can handle today"
I’m shocked by the news this morning.,surprise,It makes sense to need a moment after surprising news. You don’t have to react immediately
"Lately, today was pretty normal today.",neutral,"Sometimes a normal day is simply a normal day. What stood out, if anything? You can take it one moment at a time."
I guess i have a bad feeling tonight.,fear,That uneasy feeling can be unsettling. Take a slow breath and give yourself a moment to separate the feeling from the facts you know There’s no need to rush your response
"For some reason, just thinking things over after everything that happened.",neutral,Taking time to think can be useful. What’s been occupying your thoughts?
I guess i keep thinking about what I lost for some reason.,sadness,It makes sense that a loss can keep returning to your thoughts. You can acknowledge the sadness without judging yourself for it There’s no need to rush your response
I guess i did not see that coming after everything that happened.,surprise,Unexpected moments can take a second to process. What part surprised you most? There’s no need to rush your response.
"Right now, i can’t believe it honestly.",surprise,That sounds like a big surprise. Let yourself absorb the moment before deciding what it means
I guess i wanted to talk for a bit at the moment.,neutral,Of course. We can take the conversation wherever you’d like There’s no need to rush your response
"Lately, i feel really anxious about this today.",fear,"It sounds like this situation has your mind on high alert. Try narrowing your attention to the next small, manageable step You can take it one moment at a time"
"Right now, i never imagined this would happen tonight.",surprise,That kind of unexpected turn can leave you searching for words. Give yourself space to take it in
"For some reason, this made my whole day honestly.",joy,It sounds like that moment really lifted you. Hold onto what made it meaningful
What a surprise at the moment.,surprise,That sounds like a big surprise. Let yourself absorb the moment before deciding what it means There’s no need to rush your response.
"Honestly, this is seriously frustrating more than usual.",anger,I can understand why that would feel frustrating. A little space before responding may help you regain control
"Honestly, i don’t really know what to say today.",neutral,"That’s completely fine. You can start with whatever feels easiest, even if it’s just one sentence"
"Lately, i’m excited about what’s next at the moment.",joy,That excitement can be a great source of energy. Let it carry you forward one step at a time You can take it one moment at a time
"Right now, i’m feeling really happy today today.",joy,That happiness sounds lovely. Give yourself permission to enjoy this moment
Can we talk lately.,neutral,That’s okay. You don’t need to label everything immediately; we can explore it together
"Lately, i’m panicking a little after everything that happened.",fear,"That sounds intense. Try grounding yourself in what you can see, hear, and feel right now, one detail at a time You can take it one moment at a time."
"Right now, i’m scared about tomorrow at the moment.",fear,"Uncertainty can make tomorrow feel much bigger than it is. For now, focus on what you can handle today"
"Honestly, i’m so angry right now this morning.",anger,It sounds like something really pushed your limits. You can acknowledge the anger without letting it choose your next move
I just want to cry.,sadness,Sometimes tears are simply a way of letting emotion out. You can give yourself a quiet moment
Nothing feels exciting anymore this morning.,sadness,It sounds like things feel unusually flat right now. Taking the day slowly may be kinder than demanding too much from yourself
"Right now, today feels special honestly.",joy,There’s something refreshing about a day that feels special. Enjoy it at your own pace
"Lately, i’m trying to understand myself better after everything that happened.",neutral,That sounds like a worthwhile goal. We can look at what you’ve been noticing without rushing to conclusions You can take it one moment at a time
Really worried lately.,fear,It’s understandable to feel nervous before an important interaction. You can prepare for what you can control and let the rest unfold There’s no need to rush your response
"Honestly, i’m shocked by the news at the moment.",surprise,It makes sense to need a moment after surprising news. You don’t have to react immediately
"Lately, i just want to cry today.",sadness,Sometimes tears are simply a way of letting emotion out. You can give yourself a quiet moment You can take it one moment at a time.
"For some reason, that was absolutely revolting today.",disgust,That sounds deeply unpleasant. You don’t have to stay around something that makes you feel that uncomfortable
I guess that was absolutely revolting more than usual.,disgust,That sounds deeply unpleasant. You don’t have to stay around something that makes you feel that uncomfortable There’s no need to rush your response
"Lately, they completely ignored me.",anger,"Being ignored can feel deeply disrespectful. Your frustration makes sense, and you can decide how you want to address it calmly You can take it one moment at a time."
"Right now, i’m tired of being treated this way honestly.",anger,Being treated unfairly can build a lot of anger. It may help to separate what happened from what you want to happen next
"Right now, this makes me furious this morning.",anger,I hear how strong the anger is. You can validate that feeling while still choosing a response you’ll feel good about later
"For some reason, i miss how things used to be honestly.",sadness,"Missing the past can hurt, especially when it carries meaningful memories. It’s okay to acknowledge that feeling"
I’m really hurting after everything that happened.,sadness,That emptiness can be difficult to sit with. Be gentle with yourself while you move through it
"I guess whoa, seriously for some reason.",surprise,That definitely sounds unexpected. Sometimes a little pause helps the surprise settle There’s no need to rush your response
"Lately, things are finally going my way honestly.",joy,It’s great to hear that things are clicking into place. Take a moment to appreciate the progress You can take it one moment at a time.
"Honestly, seriously? I’m stunned more than usual.",surprise,You sound genuinely surprised. Take a breath and give yourself time to process the new information
I’m genuinely thrilled.,joy,Wonderful news can brighten everything. What part of it feels best to you?
I’m repulsed at the moment.,disgust,That sounds deeply unpleasant. You don’t have to stay around something that makes you feel that uncomfortable
"Right now, i feel lonely even around people more than usual.",sadness,Feeling alone while surrounded by others can be especially painful. It may help to name what kind of connection you’re missing
I guess that behavior is so disturbing.,disgust,It sounds like what you saw really unsettled you. You’re allowed to recognize that it crossed your personal boundaries There’s no need to rush your response.
"For some reason, today just hurts honestly.",sadness,"I hear how painful today feels. For now, being gentle with yourself is enough"
"For some reason, my mind won’t stop worrying this morning.",fear,"When worries keep looping, it can help to pause and notice what is actually happening in the present moment"
"Honestly, i have a bad feeling this morning.",fear,That uneasy feeling can be unsettling. Take a slow breath and give yourself a moment to separate the feeling from the facts you know
"Honestly, nothing much is happening today this morning.",neutral,Sounds like a fairly ordinary day. Is there anything on your mind?
This came out of nowhere at the moment.,surprise,Sudden changes can be startling. A little pause can help you figure out how you feel about it
I can’t believe it more than usual.,surprise,That sounds like a big surprise. Let yourself absorb the moment before deciding what it means
"Whoa, seriously?",surprise,That definitely sounds unexpected. Sometimes a little pause helps the surprise settle
I guess i’m scared about tomorrow more than usual.,fear,"Uncertainty can make tomorrow feel much bigger than it is. For now, focus on what you can handle today There’s no need to rush your response"
I guess i did not see that coming today.,surprise,Unexpected moments can take a second to process. What part surprised you most? There’s no need to rush your response
Really worried today.,fear,"It sounds like this situation has your mind on high alert. Try narrowing your attention to the next small, manageable step"
I wanted to talk for a bit more than usual.,neutral,Of course. We can take the conversation wherever you’d like
"For some reason, i’m feeling really happy today lately.",joy,That happiness sounds lovely. Give yourself permission to enjoy this moment
"Lately, this came out of nowhere.",surprise,Sudden changes can be startling. A little pause can help you figure out how you feel about it You can take it one moment at a time.
"Honestly, i’m scared about tomorrow honestly.",fear,"Uncertainty can make tomorrow feel much bigger than it is. For now, focus on what you can handle today"
This feels frightening after everything that happened.,fear,That kind of what-if thinking can feel overwhelming. Gently return to what you know right now rather than every possible outcome
"For some reason, i’m disgusted by what happened honestly.",disgust,Your reaction sounds strong and understandable given what you encountered. Creating some distance may help
"Lately, well, that’s new honestly.",surprise,Something clearly caught you off guard. It’s okay to simply observe your reaction for a moment You can take it one moment at a time.
"For some reason, everything feels uncertain at the moment.",fear,Uncertainty can make even ordinary decisions feel harder. Focus on the next clear choice rather than solving everything at once
"Honestly, that behavior is so disturbing at the moment.",disgust,It sounds like what you saw really unsettled you. You’re allowed to recognize that it crossed your personal boundaries
"For some reason, i can’t believe it after everything that happened.",surprise,That sounds like a big surprise. Let yourself absorb the moment before deciding what it means
I guess can we talk about my day this morning.,neutral,Absolutely. Tell me whatever part of your day you want to share There’s no need to rush your response
I guess i’m fed up with this after everything that happened.,anger,It sounds like you’ve reached your limit. You deserve a moment to step back and breathe before deciding what to do next There’s no need to rush your response.
"Honestly, i feel really down today tonight.",sadness,I’m sorry today feels heavy. You don’t have to force yourself to feel better immediately
"Right now, i’m not sure what I’m feeling today.",neutral,That’s okay. You don’t need to label everything immediately; we can explore it together
I guess that behavior is so disturbing more than usual.,disgust,It sounds like what you saw really unsettled you. You’re allowed to recognize that it crossed your personal boundaries There’s no need to rush your response.
"Right now, got some amazing news more than usual.",joy,Wonderful news can brighten everything. What part of it feels best to you?
So frustrated more than usual.,anger,I can understand why that would feel frustrating. A little space before responding may help you regain control
"Honestly, i’m not sure what I’m feeling today.",neutral,That’s okay. You don’t need to label everything immediately; we can explore it together
"Right now, why does this keep happening more than usual.",anger,Repeated problems can wear down your patience. It’s understandable to feel angry when the same issue keeps returning
"For some reason, i feel lonely even around people lately.",sadness,Feeling alone while surrounded by others can be especially painful. It may help to name what kind of connection you’re missing
"Right now, everything feels uncertain honestly.",fear,Uncertainty can make even ordinary decisions feel harder. Focus on the next clear choice rather than solving everything at once
Feeling low lately.,sadness,I’m sorry today feels heavy. You don’t have to force yourself to feel better immediately
"Right now, wait, that actually happened lately.",surprise,That sounds like quite a surprise. Give yourself a moment to take it in
Did not expect that more than usual.,surprise,That definitely sounds unexpected. Sometimes a little pause helps the surprise settle
I had such a good day for some reason.,joy,I’m happy your day treated you well. Those ordinary good days are worth noticing
"I guess whoa, seriously tonight.",surprise,That definitely sounds unexpected. Sometimes a little pause helps the surprise settle There’s no need to rush your response
I’m furious more than usual.,anger,It sounds like something really pushed your limits. You can acknowledge the anger without letting it choose your next move
"Right now, seriously? I’m stunned more than usual.",surprise,You sound genuinely surprised. Take a breath and give yourself time to process the new information
"Lately, i never imagined this would happen.",surprise,That kind of unexpected turn can leave you searching for words. Give yourself space to take it in You can take it one moment at a time
That was absolutely revolting lately.,disgust,That sounds deeply unpleasant. You don’t have to stay around something that makes you feel that uncomfortable
"Lately, i’m so angry right now after everything that happened.",anger,It sounds like something really pushed your limits. You can acknowledge the anger without letting it choose your next move You can take it one moment at a time
I’m not sure what I’m feeling lately.,neutral,That’s okay. You don’t need to label everything immediately; we can explore it together
"Lately, wait, that actually happened this morning.",surprise,That sounds like quite a surprise. Give yourself a moment to take it in You can take it one moment at a time
That’s gross lately.,disgust,It sounds like that crossed a strong comfort boundary for you. It’s okay to step away from what feels unpleasant
So happy right now honestly.,joy,It’s great to hear that things are clicking into place. Take a moment to appreciate the progress
I keep thinking about what I lost today.,sadness,It makes sense that a loss can keep returning to your thoughts. You can acknowledge the sadness without judging yourself for it
"Lately, i feel sickened by this at the moment.",disgust,That reaction shows how strongly the situation affected you. Stepping back can help you regain some comfort You can take it one moment at a time
"Right now, today was pretty normal today.",neutral,"Sometimes a normal day is simply a normal day. What stood out, if anything?"
I guess today feels special.,joy,There’s something refreshing about a day that feels special. Enjoy it at your own pace There’s no need to rush your response
"Lately, everything feels a little empty more than usual.",sadness,That emptiness can be difficult to sit with. Be gentle with yourself while you move through it You can take it one moment at a time
"Right now, i miss how things used to be after everything that happened.",sadness,"Missing the past can hurt, especially when it carries meaningful memories. It’s okay to acknowledge that feeling"
I guess that was absolutely revolting lately.,disgust,That sounds deeply unpleasant. You don’t have to stay around something that makes you feel that uncomfortable There’s no need to rush your response
I can’t believe it!,surprise,That sounds like a big surprise. Let yourself absorb the moment before deciding what it means
I guess i keep thinking about what I lost tonight.,sadness,It makes sense that a loss can keep returning to your thoughts. You can acknowledge the sadness without judging yourself for it There’s no need to rush your response
"For some reason, everything feels a little empty after everything that happened.",sadness,That emptiness can be difficult to sit with. Be gentle with yourself while you move through it
"Right now, whoa, seriously tonight.",surprise,That definitely sounds unexpected. Sometimes a little pause helps the surprise settle
"For some reason, i’m tired of being treated this way lately.",anger,Being treated unfairly can build a lot of anger. It may help to separate what happened from what you want to happen next
"Right now, i’m nervous about meeting them lately.",fear,It’s understandable to feel nervous before an important interaction. You can prepare for what you can control and let the rest unfold
"Right now, i’m not sure what I’m feeling.",neutral,That’s okay. You don’t need to label everything immediately; we can explore it together
Really worried after everything that happened.,fear,It’s understandable to feel nervous before an important interaction. You can prepare for what you can control and let the rest unfold There’s no need to rush your response
I guess i’m feeling really happy today today.,joy,That happiness sounds lovely. Give yourself permission to enjoy this moment There’s no need to rush your response.
"Honestly, i’m just checking in lately.",neutral,I’m here with you. What would you like to talk about?
I guess why does this keep happening for some reason.,anger,Repeated problems can wear down your patience. It’s understandable to feel angry when the same issue keeps returning There’s no need to rush your response
"Lately, i’m not sure what I’m feeling more than usual.",neutral,That’s okay. You don’t need to label everything immediately; we can explore it together You can take it one moment at a time
Can we talk?,neutral,That’s okay. You don’t need to label everything immediately; we can explore it together
I’m tired of being treated this way tonight.,anger,Being treated unfairly can build a lot of anger. It may help to separate what happened from what you want to happen next
"Right now, they completely ignored me honestly.",anger,"Being ignored can feel deeply disrespectful. Your frustration makes sense, and you can decide how you want to address it calmly"
"For some reason, i’m afraid I’ll mess this up today.",fear,Fear of making mistakes can put a lot of pressure on you. Remember that one imperfect moment does not define the whole experience
"Right now, i want to yell tonight.",anger,That urge can be intense. Giving yourself a pause can create room to express what’s wrong without escalating things
"Lately, this made my whole day.",joy,It sounds like that moment really lifted you. Hold onto what made it meaningful You can take it one moment at a time
I guess i’m so angry right now honestly.,anger,It sounds like something really pushed your limits. You can acknowledge the anger without letting it choose your next move There’s no need to rush your response
"For some reason, i keep thinking about what I lost more than usual.",sadness,It makes sense that a loss can keep returning to your thoughts. You can acknowledge the sadness without judging yourself for it
"Right now, i’m proud of myself this morning.",joy,You have every reason to pause and recognize what you accomplished
"Honestly, i’m trying to understand myself better at the moment.",neutral,That sounds like a worthwhile goal. We can look at what you’ve been noticing without rushing to conclusions
"Honestly, got some amazing news for some reason.",joy,Wonderful news can brighten everything. What part of it feels best to you?
"For some reason, seriously? I’m stunned tonight.",surprise,You sound genuinely surprised. Take a breath and give yourself time to process the new information
I’m scared tonight.,fear,"Uncertainty can make tomorrow feel much bigger than it is. For now, focus on what you can handle today"
I guess i keep thinking about what I lost.,sadness,It makes sense that a loss can keep returning to your thoughts. You can acknowledge the sadness without judging yourself for it There’s no need to rush your response
"Lately, they completely ignored me more than usual.",anger,"Being ignored can feel deeply disrespectful. Your frustration makes sense, and you can decide how you want to address it calmly You can take it one moment at a time."
Nothing much tonight.,neutral,Taking time to think can be useful. What’s been occupying your thoughts? There’s no need to rush your response
"For some reason, i feel sickened by this honestly.",disgust,That reaction shows how strongly the situation affected you. Stepping back can help you regain some comfort
"For some reason, this makes me furious at the moment.",anger,I hear how strong the anger is. You can validate that feeling while still choosing a response you’ll feel good about later
"Honestly, i’m feeling really happy today for some reason.",joy,That happiness sounds lovely. Give yourself permission to enjoy this moment
"For some reason, i’m disappointed and sad today.",sadness,That combination can weigh heavily. It’s okay to recognize both the disappointment and the sadness
"Honestly, i’m so angry right now for some reason.",anger,It sounds like something really pushed your limits. You can acknowledge the anger without letting it choose your next move
"Ugh, disgusting.",disgust,"Strong unpleasant smells can be overwhelming. If you can, move somewhere with fresher air and give yourself a reset"
"For some reason, honestly, I feel fantastic honestly.",joy,I’m glad you’re having such a positive moment. Let yourself enjoy it without overthinking it
"For some reason, i can’t believe they did that for some reason.",anger,It sounds like their action really crossed a boundary for you. Taking a breath before reacting could give you more options
"For some reason, i’m tired of being treated this way more than usual.",anger,Being treated unfairly can build a lot of anger. It may help to separate what happened from what you want to happen next
That’s gross after everything that happened.,disgust,It sounds like that crossed a strong comfort boundary for you. It’s okay to step away from what feels unpleasant
Nothing much is happening today.,neutral,Sounds like a fairly ordinary day. Is there anything on your mind?
"Lately, i’m proud of myself more than usual.",joy,You have every reason to pause and recognize what you accomplished You can take it one moment at a time.
"Lately, i’m so angry right now tonight.",anger,It sounds like something really pushed your limits. You can acknowledge the anger without letting it choose your next move You can take it one moment at a time
"Right now, i can’t believe they did that today.",anger,It sounds like their action really crossed a boundary for you. Taking a breath before reacting could give you more options
Did not expect that lately.,surprise,That definitely sounds unexpected. Sometimes a little pause helps the surprise settle
"For some reason, this makes me furious lately.",anger,I hear how strong the anger is. You can validate that feeling while still choosing a response you’ll feel good about later
"Right now, got some amazing news.",joy,Wonderful news can brighten everything. What part of it feels best to you?
"Honestly, can we talk about my day honestly.",neutral,Absolutely. Tell me whatever part of your day you want to share
"For some reason, i’m excited about what’s next more than usual.",joy,That excitement can be a great source of energy. Let it carry you forward one step at a time
"Right now, i never imagined this would happen today.",surprise,That kind of unexpected turn can leave you searching for words. Give yourself space to take it in
"For some reason, today was pretty normal at the moment.",neutral,"Sometimes a normal day is simply a normal day. What stood out, if anything?"
"Lately, i did not see that coming at the moment.",surprise,Unexpected moments can take a second to process. What part surprised you most? You can take it one moment at a time.
"Lately, wait, that actually happened for some reason.",surprise,That sounds like quite a surprise. Give yourself a moment to take it in You can take it one moment at a time
Today just hurts honestly.,sadness,"I hear how painful today feels. For now, being gentle with yourself is enough"
"Honestly, i feel lonely even around people honestly.",sadness,Feeling alone while surrounded by others can be especially painful. It may help to name what kind of connection you’re missing
Can we talk about my day this morning.,neutral,Absolutely. Tell me whatever part of your day you want to share
"For some reason, nothing much is happening today tonight.",neutral,Sounds like a fairly ordinary day. Is there anything on your mind?
"Right now, honestly, I feel fantastic this morning.",joy,I’m glad you’re having such a positive moment. Let yourself enjoy it without overthinking it
"Right now, i have a question at the moment.",neutral,"Sure, go ahead. I’ll do my best to help you work through it"
"For some reason, i miss how things used to be lately.",sadness,"Missing the past can hurt, especially when it carries meaningful memories. It’s okay to acknowledge that feeling"
"For some reason, i’m just checking in this morning.",neutral,I’m here with you. What would you like to talk about?
"Right now, this makes me furious for some reason.",anger,I hear how strong the anger is. You can validate that feeling while still choosing a response you’ll feel good about later
"For some reason, that was absolutely revolting after everything that happened.",disgust,That sounds deeply unpleasant. You don’t have to stay around something that makes you feel that uncomfortable
"Right now, i’m annoyed beyond words honestly.",anger,That sounds like a lot of irritation building up. A short break may help you sort out what specifically crossed the line
"Right now, i’m afraid I’ll mess this up at the moment.",fear,Fear of making mistakes can put a lot of pressure on you. Remember that one imperfect moment does not define the whole experience
"Right now, i’m panicking a little at the moment.",fear,"That sounds intense. Try grounding yourself in what you can see, hear, and feel right now, one detail at a time"
"Honestly, i keep thinking about what I lost more than usual.",sadness,It makes sense that a loss can keep returning to your thoughts. You can acknowledge the sadness without judging yourself for it
"Right now, i’m feeling really happy today honestly.",joy,That happiness sounds lovely. Give yourself permission to enjoy this moment
"Honestly, i can’t stand the smell lately.",disgust,"Strong unpleasant smells can be overwhelming. If you can, move somewhere with fresher air and give yourself a reset"
I guess that really grosses me out more than usual.,disgust,It sounds like that crossed a strong comfort boundary for you. It’s okay to step away from what feels unpleasant There’s no need to rush your response
"For some reason, this made my whole day lately.",joy,It sounds like that moment really lifted you. Hold onto what made it meaningful
I can’t believe they did that for some reason.,anger,It sounds like their action really crossed a boundary for you. Taking a breath before reacting could give you more options
"Honestly, today just hurts after everything that happened.",sadness,"I hear how painful today feels. For now, being gentle with yourself is enough"
I guess this made my whole day tonight.,joy,It sounds like that moment really lifted you. Hold onto what made it meaningful There’s no need to rush your response
"Right now, i don’t really know what to say after everything that happened.",neutral,"That’s completely fine. You can start with whatever feels easiest, even if it’s just one sentence"
"Honestly, today just hurts more than usual.",sadness,"I hear how painful today feels. For now, being gentle with yourself is enough"
"Honestly, i’m so angry right now.",anger,It sounds like something really pushed your limits. You can acknowledge the anger without letting it choose your next move
"Lately, that really grosses me out tonight.",disgust,It sounds like that crossed a strong comfort boundary for you. It’s okay to step away from what feels unpleasant You can take it one moment at a time
I’m disgusted by what happened today.,disgust,Your reaction sounds strong and understandable given what you encountered. Creating some distance may help
"Lately, i don’t really know what to say honestly.",neutral,"That’s completely fine. You can start with whatever feels easiest, even if it’s just one sentence You can take it one moment at a time"
Today was pretty normal for some reason.,neutral,"Sometimes a normal day is simply a normal day. What stood out, if anything?"
"Lately, i feel lonely even around people tonight.",sadness,Feeling alone while surrounded by others can be especially painful. It may help to name what kind of connection you’re missing You can take it one moment at a time
"Right now, i’m panicking a little.",fear,"That sounds intense. Try grounding yourself in what you can see, hear, and feel right now, one detail at a time"
"Right now, i hate seeing things like that tonight.",disgust,It makes sense that something so unpleasant would bother you. You can choose some distance from it when possible
"Honestly, i’m disappointed and sad honestly.",sadness,That combination can weigh heavily. It’s okay to recognize both the disappointment and the sadness
What a surprise tonight.,surprise,That sounds like a big surprise. Let yourself absorb the moment before deciding what it means There’s no need to rush your response
"Honestly, nothing much is happening today.",neutral,Sounds like a fairly ordinary day. Is there anything on your mind?
"For some reason, i’m scared about tomorrow for some reason.",fear,"Uncertainty can make tomorrow feel much bigger than it is. For now, focus on what you can handle today"
"Right now, well, that’s new.",surprise,Something clearly caught you off guard. It’s okay to simply observe your reaction for a moment
"Lately, i can’t believe they did that after everything that happened.",anger,It sounds like their action really crossed a boundary for you. Taking a breath before reacting could give you more options You can take it one moment at a time
"For some reason, today feels special tonight.",joy,There’s something refreshing about a day that feels special. Enjoy it at your own pace
"For some reason, i’m disappointed and sad honestly.",sadness,That combination can weigh heavily. It’s okay to recognize both the disappointment and the sadness
Everything feels a little empty for some reason.,sadness,That emptiness can be difficult to sit with. Be gentle with yourself while you move through it
"Ugh, disgusting today.",disgust,"Strong unpleasant smells can be overwhelming. If you can, move somewhere with fresher air and give yourself a reset"
"Right now, seriously? I’m stunned lately.",surprise,You sound genuinely surprised. Take a breath and give yourself time to process the new information
"For some reason, my mind won’t stop worrying at the moment.",fear,"When worries keep looping, it can help to pause and notice what is actually happening in the present moment"
I’m really hurting after everything that happened.,sadness,I’m sorry you’re going through a rough patch. You don’t have to solve everything at once There’s no need to rush your response.
"For some reason, things are finally going my way after everything that happened.",joy,It’s great to hear that things are clicking into place. Take a moment to appreciate the progress
"Right now, i feel lonely even around people today.",sadness,Feeling alone while surrounded by others can be especially painful. It may help to name what kind of connection you’re missing
"For some reason, i hate seeing things like that more than usual.",disgust,It makes sense that something so unpleasant would bother you. You can choose some distance from it when possible
"Ugh, disgusting this morning.",disgust,"Strong unpleasant smells can be overwhelming. If you can, move somewhere with fresher air and give yourself a reset"
I guess i feel really down today more than usual.,sadness,I’m sorry today feels heavy. You don’t have to force yourself to feel better immediately There’s no need to rush your response
I guess everything feels a little empty honestly.,sadness,That emptiness can be difficult to sit with. Be gentle with yourself while you move through it There’s no need to rush your response
"Honestly, i’m so angry right now lately.",anger,It sounds like something really pushed your limits. You can acknowledge the anger without letting it choose your next move
"Right now, i have a question after everything that happened.",neutral,"Sure, go ahead. I’ll do my best to help you work through it"
"Lately, i’m scared about tomorrow lately.",fear,"Uncertainty can make tomorrow feel much bigger than it is. For now, focus on what you can handle today You can take it one moment at a time"
"Lately, i keep thinking about what I lost this morning.",sadness,It makes sense that a loss can keep returning to your thoughts. You can acknowledge the sadness without judging yourself for it You can take it one moment at a time.
Nothing feels exciting anymore.,sadness,It sounds like things feel unusually flat right now. Taking the day slowly may be kinder than demanding too much from yourself
"For some reason, this came out of nowhere lately.",surprise,Sudden changes can be startling. A little pause can help you figure out how you feel about it
I guess things are finally going my way lately.,joy,It’s great to hear that things are clicking into place. Take a moment to appreciate the progress There’s no need to rush your response.
That’s gross at the moment.,disgust,It sounds like what you saw really unsettled you. You’re allowed to recognize that it crossed your personal boundaries You can take it one moment at a time
"Honestly, i’m panicking a little lately.",fear,"That sounds intense. Try grounding yourself in what you can see, hear, and feel right now, one detail at a time"
"Lately, i’m panicking a little lately.",fear,"That sounds intense. Try grounding yourself in what you can see, hear, and feel right now, one detail at a time You can take it one moment at a time"
"Right now, i have a bad feeling.",fear,That uneasy feeling can be unsettling. Take a slow breath and give yourself a moment to separate the feeling from the facts you know
Nothing much today.,neutral,Sounds like a fairly ordinary day. Is there anything on your mind?
Nothing much after everything that happened.,neutral,Sounds like a fairly ordinary day. Is there anything on your mind?
"For some reason, i’m proud of myself honestly.",joy,You have every reason to pause and recognize what you accomplished
"Honestly, i have a question more than usual.",neutral,"Sure, go ahead. I’ll do my best to help you work through it"
I’m nervous about meeting them today.,fear,It’s understandable to feel nervous before an important interaction. You can prepare for what you can control and let the rest unfold
"Lately, i wanted to talk for a bit lately.",neutral,Of course. We can take the conversation wherever you’d like You can take it one moment at a time.
"Right now, i keep thinking about what I lost lately.",sadness,It makes sense that a loss can keep returning to your thoughts. You can acknowledge the sadness without judging yourself for it
"Lately, seriously? I’m stunned after everything that happened.",surprise,You sound genuinely surprised. Take a breath and give yourself time to process the new information You can take it one moment at a time
"Ugh, disgusting for some reason.",disgust,"Strong unpleasant smells can be overwhelming. If you can, move somewhere with fresher air and give yourself a reset"
"Honestly, i keep thinking about what I lost tonight.",sadness,It makes sense that a loss can keep returning to your thoughts. You can acknowledge the sadness without judging yourself for it
I guess i’m feeling really happy today lately.,joy,That happiness sounds lovely. Give yourself permission to enjoy this moment There’s no need to rush your response.
I did not see that coming today.,surprise,Unexpected moments can take a second to process. What part surprised you most?
I guess i feel sickened by this at the moment.,disgust,That reaction shows how strongly the situation affected you. Stepping back can help you regain some comfort There’s no need to rush your response
"Right now, ugh, that was nasty more than usual.",disgust,Sounds like a seriously unpleasant experience. Give yourself a little space from it
"Right now, today was pretty normal more than usual.",neutral,"Sometimes a normal day is simply a normal day. What stood out, if anything?"
"Honestly, i’m nervous about meeting them.",fear,It’s understandable to feel nervous before an important interaction. You can prepare for what you can control and let the rest unfold
"Well, that’s new honestly.",surprise,Something clearly caught you off guard. It’s okay to simply observe your reaction for a moment
"Honestly, i feel lonely even around people this morning.",sadness,Feeling alone while surrounded by others can be especially painful. It may help to name what kind of connection you’re missing
Seriously? I’m stunned after everything that happened.,surprise,You sound genuinely surprised. Take a breath and give yourself time to process the new information
I don’t really know what to say after everything that happened.,neutral,"That’s completely fine. You can start with whatever feels easiest, even if it’s just one sentence"
I guess my mind won’t stop worrying at the moment.,fear,"When worries keep looping, it can help to pause and notice what is actually happening in the present moment There’s no need to rush your response"
"Lately, i can’t believe it tonight.",surprise,That sounds like a big surprise. Let yourself absorb the moment before deciding what it means You can take it one moment at a time
This annoys me more than usual.,anger,Repeated problems can wear down your patience. It’s understandable to feel angry when the same issue keeps returning
I guess today feels special at the moment.,joy,There’s something refreshing about a day that feels special. Enjoy it at your own pace There’s no need to rush your response
"For some reason, i’m disappointed and sad tonight.",sadness,That combination can weigh heavily. It’s okay to recognize both the disappointment and the sadness
"Honestly, wait, that actually happened today.",surprise,That sounds like quite a surprise. Give yourself a moment to take it in
"For some reason, i’m panicking a little for some reason.",fear,"That sounds intense. Try grounding yourself in what you can see, hear, and feel right now, one detail at a time"
"Right now, i’m feeling really happy today this morning.",joy,That happiness sounds lovely. Give yourself permission to enjoy this moment
I guess this made my whole day for some reason.,joy,It sounds like that moment really lifted you. Hold onto what made it meaningful There’s no need to rush your response
"Honestly, i feel sickened by this honestly.",disgust,That reaction shows how strongly the situation affected you. Stepping back can help you regain some comfort
I have a question after everything that happened.,neutral,"Sure, go ahead. I’ll do my best to help you work through it"
"Honestly, i’m annoyed beyond words.",anger,That sounds like a lot of irritation building up. A short break may help you sort out what specifically crossed the line
"Honestly, i have a question this morning.",neutral,"Sure, go ahead. I’ll do my best to help you work through it"
"For some reason, i want to yell for some reason.",anger,That urge can be intense. Giving yourself a pause can create room to express what’s wrong without escalating things
"For some reason, i can’t believe they did that today.",anger,It sounds like their action really crossed a boundary for you. Taking a breath before reacting could give you more options
"Right now, i’m having a rough time this morning.",sadness,I’m sorry you’re going through a rough patch. You don’t have to solve everything at once
I want to yell tonight.,anger,That urge can be intense. Giving yourself a pause can create room to express what’s wrong without escalating things
Today just hurts at the moment.,sadness,"I hear how painful today feels. For now, being gentle with yourself is enough"
Really worried today.,fear,It’s understandable to feel nervous before an important interaction. You can prepare for what you can control and let the rest unfold There’s no need to rush your response
"Lately, i can’t stand the smell honestly.",disgust,"Strong unpleasant smells can be overwhelming. If you can, move somewhere with fresher air and give yourself a reset You can take it one moment at a time."
"Honestly, everything feels a little empty more than usual.",sadness,That emptiness can be difficult to sit with. Be gentle with yourself while you move through it
"For some reason, wait, that actually happened honestly.",surprise,That sounds like quite a surprise. Give yourself a moment to take it in
"Right now, i want to yell after everything that happened.",anger,That urge can be intense. Giving yourself a pause can create room to express what’s wrong without escalating things
I’m afraid to find out.,fear,Waiting for an answer can be frightening. You can take the moment one piece at a time instead of carrying the whole uncertainty at once
I’m tired of being treated this way today.,anger,Being treated unfairly can build a lot of anger. It may help to separate what happened from what you want to happen next
"For some reason, this came out of nowhere tonight.",surprise,Sudden changes can be startling. A little pause can help you figure out how you feel about it
"Right now, i had such a good day for some reason.",joy,I’m happy your day treated you well. Those ordinary good days are worth noticing
I’m annoyed beyond words tonight.,anger,That sounds like a lot of irritation building up. A short break may help you sort out what specifically crossed the line
"Honestly, i’m proud of myself lately.",joy,You have every reason to pause and recognize what you accomplished
I feel sickened by this for some reason.,disgust,That reaction shows how strongly the situation affected you. Stepping back can help you regain some comfort
I keep thinking about what I lost tonight.,sadness,It makes sense that a loss can keep returning to your thoughts. You can acknowledge the sadness without judging yourself for it
"Right now, what if everything goes wrong for some reason.",fear,That kind of what-if thinking can feel overwhelming. Gently return to what you know right now rather than every possible outcome
"Honestly, i feel sickened by this more than usual.",disgust,That reaction shows how strongly the situation affected you. Stepping back can help you regain some comfort
I guess nothing feels exciting anymore honestly.,sadness,It sounds like things feel unusually flat right now. Taking the day slowly may be kinder than demanding too much from yourself There’s no need to rush your response
"Lately, this made my whole day honestly.",joy,It sounds like that moment really lifted you. Hold onto what made it meaningful You can take it one moment at a time
"Right now, i have a question this morning.",neutral,"Sure, go ahead. I’ll do my best to help you work through it"
"Lately, this made my whole day at the moment.",joy,It sounds like that moment really lifted you. Hold onto what made it meaningful You can take it one moment at a time
"Honestly, this made my whole day today.",joy,It sounds like that moment really lifted you. Hold onto what made it meaningful
"For some reason, that is just gross honestly.",disgust,I hear how strongly you dislike it. Sometimes the best response is simply to remove yourself from the unpleasant situation
"For some reason, just thinking things over.",neutral,Taking time to think can be useful. What’s been occupying your thoughts?
"For some reason, i’m tired of being treated this way today.",anger,Being treated unfairly can build a lot of anger. It may help to separate what happened from what you want to happen next
"For some reason, i’m tired of being treated this way after everything that happened.",anger,Being treated unfairly can build a lot of anger. It may help to separate what happened from what you want to happen next
"Honestly, i’m proud of myself more than usual.",joy,You have every reason to pause and recognize what you accomplished
"Lately, this came out of nowhere honestly.",surprise,Sudden changes can be startling. A little pause can help you figure out how you feel about it You can take it one moment at a time.
"Whoa, seriously for some reason.",surprise,That definitely sounds unexpected. Sometimes a little pause helps the surprise settle
"Right now, i’m disappointed and sad at the moment.",sadness,That combination can weigh heavily. It’s okay to recognize both the disappointment and the sadness
"Right now, what if everything goes wrong tonight.",fear,That kind of what-if thinking can feel overwhelming. Gently return to what you know right now rather than every possible outcome
I guess i keep thinking about what I lost this morning.,sadness,It makes sense that a loss can keep returning to your thoughts. You can acknowledge the sadness without judging yourself for it There’s no need to rush your response
I guess everything feels a little empty for some reason.,sadness,That emptiness can be difficult to sit with. Be gentle with yourself while you move through it There’s no need to rush your response
"Honestly, everything feels uncertain today.",fear,Uncertainty can make even ordinary decisions feel harder. Focus on the next clear choice rather than solving everything at once
I had such a good day lately.,joy,I’m happy your day treated you well. Those ordinary good days are worth noticing
"Honestly, i’m disappointed and sad for some reason.",sadness,That combination can weigh heavily. It’s okay to recognize both the disappointment and the sadness
I guess why does this keep happening this morning.,anger,Repeated problems can wear down your patience. It’s understandable to feel angry when the same issue keeps returning There’s no need to rush your response
"Lately, well, that’s new at the moment.",surprise,Something clearly caught you off guard. It’s okay to simply observe your reaction for a moment You can take it one moment at a time.
"Honestly, i just want to cry lately.",sadness,Sometimes tears are simply a way of letting emotion out. You can give yourself a quiet moment
"Lately, this made my whole day for some reason.",joy,It sounds like that moment really lifted you. Hold onto what made it meaningful You can take it one moment at a time
I’m thinking for some reason.,neutral,Of course. We can take the conversation wherever you’d like
"Honestly, seriously? I’m stunned lately.",surprise,You sound genuinely surprised. Take a breath and give yourself time to process the new information
"Right now, i’m panicking a little honestly.",fear,"That sounds intense. Try grounding yourself in what you can see, hear, and feel right now, one detail at a time"
"For some reason, whoa, seriously today.",surprise,That definitely sounds unexpected. Sometimes a little pause helps the surprise settle
I guess i feel really anxious about this after everything that happened.,fear,"It sounds like this situation has your mind on high alert. Try narrowing your attention to the next small, manageable step There’s no need to rush your response"
"Lately, ugh, that was nasty after everything that happened.",disgust,Sounds like a seriously unpleasant experience. Give yourself a little space from it You can take it one moment at a time
"Right now, i’m feeling really happy today.",joy,That happiness sounds lovely. Give yourself permission to enjoy this moment
I’m trying to understand myself better today.,neutral,That sounds like a worthwhile goal. We can look at what you’ve been noticing without rushing to conclusions
My mind won’t stop worrying.,fear,"When worries keep looping, it can help to pause and notice what is actually happening in the present moment"
I guess i wanted to talk for a bit tonight.,neutral,Of course. We can take the conversation wherever you’d like There’s no need to rush your response
"Lately, today was pretty normal more than usual.",neutral,"Sometimes a normal day is simply a normal day. What stood out, if anything? You can take it one moment at a time"
"For some reason, today was pretty normal this morning.",neutral,"Sometimes a normal day is simply a normal day. What stood out, if anything?"
"For some reason, wait, that actually happened lately.",surprise,That sounds like quite a surprise. Give yourself a moment to take it in
I guess i did not see that coming at the moment.,surprise,Unexpected moments can take a second to process. What part surprised you most? There’s no need to rush your response
"Right now, i can’t stand the smell today.",disgust,"Strong unpleasant smells can be overwhelming. If you can, move somewhere with fresher air and give yourself a reset"
"For some reason, i’m excited about what’s next today.",joy,That excitement can be a great source of energy. Let it carry you forward one step at a time
I’m scared more than usual.,fear,"When worries keep looping, it can help to pause and notice what is actually happening in the present moment You can take it one moment at a time."
"Honestly, can we talk about my day after everything that happened.",neutral,Absolutely. Tell me whatever part of your day you want to share
"Honestly, that really grosses me out today.",disgust,It sounds like that crossed a strong comfort boundary for you. It’s okay to step away from what feels unpleasant
"Lately, wait, that actually happened after everything that happened.",surprise,That sounds like quite a surprise. Give yourself a moment to take it in You can take it one moment at a time
Feeling low at the moment.,sadness,I’m sorry today feels heavy. You don’t have to force yourself to feel better immediately
"Ugh, disgusting lately.",disgust,"Strong unpleasant smells can be overwhelming. If you can, move somewhere with fresher air and give yourself a reset"
"For some reason, everything feels a little empty honestly.",sadness,That emptiness can be difficult to sit with. Be gentle with yourself while you move through it
I guess nothing feels exciting anymore.,sadness,It sounds like things feel unusually flat right now. Taking the day slowly may be kinder than demanding too much from yourself There’s no need to rush your response
"Honestly, i’m excited about what’s next lately.",joy,That excitement can be a great source of energy. Let it carry you forward one step at a time
I guess what if everything goes wrong at the moment.,fear,That kind of what-if thinking can feel overwhelming. Gently return to what you know right now rather than every possible outcome There’s no need to rush your response.
"For some reason, honestly, I feel fantastic at the moment.",joy,I’m glad you’re having such a positive moment. Let yourself enjoy it without overthinking it
I can’t stand the smell more than usual.,disgust,"Strong unpleasant smells can be overwhelming. If you can, move somewhere with fresher air and give yourself a reset"
Nothing much is happening today this morning.,neutral,Sounds like a fairly ordinary day. Is there anything on your mind?
"Right now, they completely ignored me for some reason.",anger,"Being ignored can feel deeply disrespectful. Your frustration makes sense, and you can decide how you want to address it calmly"
"Honestly, i have a bad feeling honestly.",fear,That uneasy feeling can be unsettling. Take a slow breath and give yourself a moment to separate the feeling from the facts you know
"For some reason, can we talk about my day after everything that happened.",neutral,Absolutely. Tell me whatever part of your day you want to share
What if everything goes wrong at the moment.,fear,That kind of what-if thinking can feel overwhelming. Gently return to what you know right now rather than every possible outcome
"Honestly, this came out of nowhere after everything that happened.",surprise,Sudden changes can be startling. A little pause can help you figure out how you feel about it
I guess i’m fed up with this this morning.,anger,It sounds like you’ve reached your limit. You deserve a moment to step back and breathe before deciding what to do next There’s no need to rush your response.
"For some reason, i want to yell honestly.",anger,That urge can be intense. Giving yourself a pause can create room to express what’s wrong without escalating things
"Honestly, i’m having a rough time tonight.",sadness,I’m sorry you’re going through a rough patch. You don’t have to solve everything at once
"Right now, this came out of nowhere lately.",surprise,Sudden changes can be startling. A little pause can help you figure out how you feel about it
I guess i’m not sure what I’m feeling tonight.,neutral,That’s okay. You don’t need to label everything immediately; we can explore it together There’s no need to rush your response.
I guess i feel lonely even around people more than usual.,sadness,Feeling alone while surrounded by others can be especially painful. It may help to name what kind of connection you’re missing There’s no need to rush your response
Did not expect that today.,surprise,That definitely sounds unexpected. Sometimes a little pause helps the surprise settle
I’m nervous about meeting them for some reason.,fear,It’s understandable to feel nervous before an important interaction. You can prepare for what you can control and let the rest unfold
I can’t believe it this morning.,surprise,That sounds like a big surprise. Let yourself absorb the moment before deciding what it means
"Right now, i’m trying to understand myself better at the moment.",neutral,That sounds like a worthwhile goal. We can look at what you’ve been noticing without rushing to conclusions
"Right now, i’m trying to understand myself better today.",neutral,That sounds like a worthwhile goal. We can look at what you’ve been noticing without rushing to conclusions
I guess got some amazing news this morning.,joy,Wonderful news can brighten everything. What part of it feels best to you? There’s no need to rush your response
I’m not sure what I’m feeling.,neutral,That’s okay. You don’t need to label everything immediately; we can explore it together
"Lately, nothing much is happening today.",neutral,Sounds like a fairly ordinary day. Is there anything on your mind? You can take it one moment at a time
I guess i’m just checking in more than usual.,neutral,I’m here with you. What would you like to talk about? There’s no need to rush your response
"For some reason, i’m feeling really happy today today.",joy,That happiness sounds lovely. Give yourself permission to enjoy this moment
"For some reason, honestly, I feel fantastic this morning.",joy,I’m glad you’re having such a positive moment. Let yourself enjoy it without overthinking it
"For some reason, what if everything goes wrong honestly.",fear,That kind of what-if thinking can feel overwhelming. Gently return to what you know right now rather than every possible outcome
So happy right now this morning.,joy,You have every reason to pause and recognize what you accomplished There’s no need to rush your response
Feeling low this morning.,sadness,It sounds like things feel unusually flat right now. Taking the day slowly may be kinder than demanding too much from yourself You can take it one moment at a time
I’m shocked by the news.,surprise,It makes sense to need a moment after surprising news. You don’t have to react immediately
"Honestly, why does this keep happening today.",anger,Repeated problems can wear down your patience. It’s understandable to feel angry when the same issue keeps returning
I guess i’m so angry right now tonight.,anger,It sounds like something really pushed your limits. You can acknowledge the anger without letting it choose your next move There’s no need to rush your response
"Right now, i wanted to talk for a bit for some reason.",neutral,Of course. We can take the conversation wherever you’d like
"For some reason, ugh, that was nasty lately.",disgust,Sounds like a seriously unpleasant experience. Give yourself a little space from it
"For some reason, just thinking things over honestly.",neutral,Taking time to think can be useful. What’s been occupying your thoughts?
"For some reason, i never imagined this would happen after everything that happened.",surprise,That kind of unexpected turn can leave you searching for words. Give yourself space to take it in
"Lately, i’m disgusted by what happened after everything that happened.",disgust,Your reaction sounds strong and understandable given what you encountered. Creating some distance may help You can take it one moment at a time
Absolutely unpleasant lately.,disgust,Your reaction sounds strong and understandable given what you encountered. Creating some distance may help
"Right now, i have a bad feeling lately.",fear,That uneasy feeling can be unsettling. Take a slow breath and give yourself a moment to separate the feeling from the facts you know
"Honestly, well, that’s new after everything that happened.",surprise,Something clearly caught you off guard. It’s okay to simply observe your reaction for a moment
I guess i’m not sure what I’m feeling this morning.,neutral,That’s okay. You don’t need to label everything immediately; we can explore it together There’s no need to rush your response
I never imagined this would happen tonight.,surprise,That kind of unexpected turn can leave you searching for words. Give yourself space to take it in
I’m not sure what I’m feeling for some reason.,neutral,That’s okay. You don’t need to label everything immediately; we can explore it together
I never imagined this would happen today.,surprise,That kind of unexpected turn can leave you searching for words. Give yourself space to take it in
"Lately, i did not see that coming more than usual.",surprise,Unexpected moments can take a second to process. What part surprised you most? You can take it one moment at a time
"Lately, i’m excited about what’s next today.",joy,That excitement can be a great source of energy. Let it carry you forward one step at a time You can take it one moment at a time
"For some reason, seriously? I’m stunned.",surprise,You sound genuinely surprised. Take a breath and give yourself time to process the new information
"Right now, i can’t stand the smell more than usual.",disgust,"Strong unpleasant smells can be overwhelming. If you can, move somewhere with fresher air and give yourself a reset"
"Honestly, i’m panicking a little more than usual.",fear,"That sounds intense. Try grounding yourself in what you can see, hear, and feel right now, one detail at a time"
"Honestly, i had such a good day today.",joy,I’m happy your day treated you well. Those ordinary good days are worth noticing
"Right now, got some amazing news lately.",joy,Wonderful news can brighten everything. What part of it feels best to you?
"Lately, just thinking things over honestly.",neutral,Taking time to think can be useful. What’s been occupying your thoughts? You can take it one moment at a time.
"Lately, got some amazing news.",joy,Wonderful news can brighten everything. What part of it feels best to you? You can take it one moment at a time.
"For some reason, i had such a good day.",joy,I’m happy your day treated you well. Those ordinary good days are worth noticing
Why does this keep happening tonight.,anger,Repeated problems can wear down your patience. It’s understandable to feel angry when the same issue keeps returning
I have a question more than usual.,neutral,"Sure, go ahead. I’ll do my best to help you work through it"
"For some reason, i’m deeply uncomfortable with this after everything that happened.",disgust,"Your discomfort matters. You can pause, create some distance, and decide what boundary feels right"
"Lately, i’m fed up with this tonight.",anger,It sounds like you’ve reached your limit. You deserve a moment to step back and breathe before deciding what to do next You can take it one moment at a time
"Right now, can we talk about my day this morning.",neutral,Absolutely. Tell me whatever part of your day you want to share
I guess i’m feeling really happy today.,joy,That happiness sounds lovely. Give yourself permission to enjoy this moment There’s no need to rush your response.
What a surprise lately.,surprise,Unexpected moments can take a second to process. What part surprised you most?
"Whoa, seriously this morning.",surprise,That definitely sounds unexpected. Sometimes a little pause helps the surprise settle
I guess nothing feels exciting anymore tonight.,sadness,It sounds like things feel unusually flat right now. Taking the day slowly may be kinder than demanding too much from yourself There’s no need to rush your response
"For some reason, wait, that actually happened today.",surprise,That sounds like quite a surprise. Give yourself a moment to take it in
"Right now, i have a question more than usual.",neutral,"Sure, go ahead. I’ll do my best to help you work through it"
I guess i have a bad feeling at the moment.,fear,That uneasy feeling can be unsettling. Take a slow breath and give yourself a moment to separate the feeling from the facts you know There’s no need to rush your response
"Lately, i’m disappointed and sad after everything that happened.",sadness,That combination can weigh heavily. It’s okay to recognize both the disappointment and the sadness You can take it one moment at a time
I’m panicking a little honestly.,fear,"That sounds intense. Try grounding yourself in what you can see, hear, and feel right now, one detail at a time"
"Right now, that was completely unexpected for some reason.",surprise,Sounds like the situation changed quickly. Take some time to process what happened
"Right now, nothing feels exciting anymore at the moment.",sadness,It sounds like things feel unusually flat right now. Taking the day slowly may be kinder than demanding too much from yourself
"Honestly, why does this keep happening?",anger,Repeated problems can wear down your patience. It’s understandable to feel angry when the same issue keeps returning
That was completely unexpected lately.,surprise,Sounds like the situation changed quickly. Take some time to process what happened
"Honestly, i keep thinking about what I lost after everything that happened.",sadness,It makes sense that a loss can keep returning to your thoughts. You can acknowledge the sadness without judging yourself for it
That behavior is so disturbing more than usual.,disgust,It sounds like what you saw really unsettled you. You’re allowed to recognize that it crossed your personal boundaries
I can’t stand the smell after everything that happened.,disgust,"Strong unpleasant smells can be overwhelming. If you can, move somewhere with fresher air and give yourself a reset"
That behavior is so disturbing after everything that happened.,disgust,It sounds like what you saw really unsettled you. You’re allowed to recognize that it crossed your personal boundaries
This annoys me lately.,anger,Repeated problems can wear down your patience. It’s understandable to feel angry when the same issue keeps returning
"For some reason, nothing feels exciting anymore this morning.",sadness,It sounds like things feel unusually flat right now. Taking the day slowly may be kinder than demanding too much from yourself
"Lately, i’m proud of myself after everything that happened.",joy,You have every reason to pause and recognize what you accomplished You can take it one moment at a time
"Lately, this made my whole day lately.",joy,It sounds like that moment really lifted you. Hold onto what made it meaningful You can take it one moment at a time
"Right now, this made my whole day tonight.",joy,It sounds like that moment really lifted you. Hold onto what made it meaningful
I guess why does this keep happening?,anger,Repeated problems can wear down your patience. It’s understandable to feel angry when the same issue keeps returning There’s no need to rush your response
"Right now, i never imagined this would happen lately.",surprise,That kind of unexpected turn can leave you searching for words. Give yourself space to take it in
"Honestly, i’m feeling really happy today more than usual.",joy,That happiness sounds lovely. Give yourself permission to enjoy this moment
I guess i feel sickened by this tonight.,disgust,That reaction shows how strongly the situation affected you. Stepping back can help you regain some comfort There’s no need to rush your response
Just checking in after everything that happened.,neutral,I’m here with you. What would you like to talk about?
"Honestly, i feel really anxious about this.",fear,"It sounds like this situation has your mind on high alert. Try narrowing your attention to the next small, manageable step"
This is seriously frustrating this morning.,anger,I can understand why that would feel frustrating. A little space before responding may help you regain control
I guess things are finally going my way honestly.,joy,It’s great to hear that things are clicking into place. Take a moment to appreciate the progress There’s no need to rush your response
"Honestly, this makes me furious honestly.",anger,I hear how strong the anger is. You can validate that feeling while still choosing a response you’ll feel good about later
"Lately, everything feels uncertain lately.",fear,Uncertainty can make even ordinary decisions feel harder. Focus on the next clear choice rather than solving everything at once You can take it one moment at a time.
I’m trying to understand myself better for some reason.,neutral,That sounds like a worthwhile goal. We can look at what you’ve been noticing without rushing to conclusions
"Right now, wait, that actually happened after everything that happened.",surprise,That sounds like quite a surprise. Give yourself a moment to take it in
"Right now, that was absolutely revolting.",disgust,That sounds deeply unpleasant. You don’t have to stay around something that makes you feel that uncomfortable
"Honestly, well, that’s new today.",surprise,Something clearly caught you off guard. It’s okay to simply observe your reaction for a moment
"Honestly, i feel lonely even around people after everything that happened.",sadness,Feeling alone while surrounded by others can be especially painful. It may help to name what kind of connection you’re missing
What a surprise for some reason.,surprise,That sounds like a big surprise. Let yourself absorb the moment before deciding what it means There’s no need to rush your response
I’m nervous at the moment.,fear,Waiting for an answer can be frightening. You can take the moment one piece at a time instead of carrying the whole uncertainty at once
I’m nervous after everything that happened.,fear,Waiting for an answer can be frightening. You can take the moment one piece at a time instead of carrying the whole uncertainty at once
So frustrated after everything that happened.,anger,I can understand why that would feel frustrating. A little space before responding may help you regain control
That is just gross.,disgust,I hear how strongly you dislike it. Sometimes the best response is simply to remove yourself from the unpleasant situation
I’m deeply uncomfortable with this honestly.,disgust,"Your discomfort matters. You can pause, create some distance, and decide what boundary feels right"
"Honestly, i can’t believe it lately.",surprise,That sounds like a big surprise. Let yourself absorb the moment before deciding what it means
I’m disappointed and sad at the moment.,sadness,That combination can weigh heavily. It’s okay to recognize both the disappointment and the sadness
"For some reason, i’m afraid I’ll mess this up this morning.",fear,Fear of making mistakes can put a lot of pressure on you. Remember that one imperfect moment does not define the whole experience
Things are finally going my way for some reason.,joy,It’s great to hear that things are clicking into place. Take a moment to appreciate the progress
"Right now, that behavior is so disturbing today.",disgust,It sounds like what you saw really unsettled you. You’re allowed to recognize that it crossed your personal boundaries
I guess i can’t stand the smell this morning.,disgust,"Strong unpleasant smells can be overwhelming. If you can, move somewhere with fresher air and give yourself a reset There’s no need to rush your response"
"For some reason, my mind won’t stop worrying after everything that happened.",fear,"When worries keep looping, it can help to pause and notice what is actually happening in the present moment"
"Right now, i had such a good day more than usual.",joy,I’m happy your day treated you well. Those ordinary good days are worth noticing
"Right now, i’m fed up with this lately.",anger,It sounds like you’ve reached your limit. You deserve a moment to step back and breathe before deciding what to do next
"For some reason, i feel lonely even around people this morning.",sadness,Feeling alone while surrounded by others can be especially painful. It may help to name what kind of connection you’re missing
"Right now, i’m so angry right now at the moment.",anger,It sounds like something really pushed your limits. You can acknowledge the anger without letting it choose your next move
"For some reason, i keep thinking about what I lost tonight.",sadness,It makes sense that a loss can keep returning to your thoughts. You can acknowledge the sadness without judging yourself for it
"Right now, i feel sickened by this today.",disgust,That reaction shows how strongly the situation affected you. Stepping back can help you regain some comfort
I guess nothing much is happening today today.,neutral,Sounds like a fairly ordinary day. Is there anything on your mind? There’s no need to rush your response
I guess that was absolutely revolting this morning.,disgust,That sounds deeply unpleasant. You don’t have to stay around something that makes you feel that uncomfortable There’s no need to rush your response
"Honestly, i’m annoyed beyond words more than usual.",anger,That sounds like a lot of irritation building up. A short break may help you sort out what specifically crossed the line
"For some reason, this is seriously frustrating tonight.",anger,I can understand why that would feel frustrating. A little space before responding may help you regain control
"Honestly, i’m just checking in after everything that happened.",neutral,I’m here with you. What would you like to talk about?
I hate seeing things like that after everything that happened.,disgust,It makes sense that something so unpleasant would bother you. You can choose some distance from it when possible
I guess i feel sickened by this more than usual.,disgust,That reaction shows how strongly the situation affected you. Stepping back can help you regain some comfort There’s no need to rush your response
"Right now, can we talk about my day at the moment.",neutral,Absolutely. Tell me whatever part of your day you want to share
I’m nervous this morning.,fear,Waiting for an answer can be frightening. You can take the moment one piece at a time instead of carrying the whole uncertainty at once
"Right now, i’m annoyed beyond words.",anger,That sounds like a lot of irritation building up. A short break may help you sort out what specifically crossed the line
"Honestly, i’m scared about tomorrow.",fear,"Uncertainty can make tomorrow feel much bigger than it is. For now, focus on what you can handle today"
"Honestly, can we talk about my day this morning.",neutral,Absolutely. Tell me whatever part of your day you want to share
That is just gross after everything that happened.,disgust,I hear how strongly you dislike it. Sometimes the best response is simply to remove yourself from the unpleasant situation
"For some reason, this makes me furious today.",anger,I hear how strong the anger is. You can validate that feeling while still choosing a response you’ll feel good about later
"For some reason, that really grosses me out lately.",disgust,It sounds like that crossed a strong comfort boundary for you. It’s okay to step away from what feels unpleasant
I’m excited about what’s next after everything that happened.,joy,That excitement can be a great source of energy. Let it carry you forward one step at a time
I’m caught off guard lately.,surprise,It makes sense to need a moment after surprising news. You don’t have to react immediately
I’m really hurting at the moment.,sadness,That emptiness can be difficult to sit with. Be gentle with yourself while you move through it
"Lately, i’m annoyed beyond words for some reason.",anger,That sounds like a lot of irritation building up. A short break may help you sort out what specifically crossed the line You can take it one moment at a time
"Right now, i’m afraid I’ll mess this up honestly.",fear,Fear of making mistakes can put a lot of pressure on you. Remember that one imperfect moment does not define the whole experience
"Honestly, i’m excited about what’s next at the moment.",joy,That excitement can be a great source of energy. Let it carry you forward one step at a time
I guess i’m feeling really happy today tonight.,joy,That happiness sounds lovely. Give yourself permission to enjoy this moment There’s no need to rush your response.
"For some reason, i can't stop smiling.",joy,That smile says a lot. I hope you get to soak up this good feeling
"I guess well, that’s new today.",surprise,Something clearly caught you off guard. It’s okay to simply observe your reaction for a moment There’s no need to rush your response
"Honestly, i keep thinking about what I lost for some reason.",sadness,It makes sense that a loss can keep returning to your thoughts. You can acknowledge the sadness without judging yourself for it
"Honestly, i’m disappointed and sad after everything that happened.",sadness,That combination can weigh heavily. It’s okay to recognize both the disappointment and the sadness
"Right now, ugh, that was nasty tonight.",disgust,Sounds like a seriously unpleasant experience. Give yourself a little space from it
"Right now, i feel really down today more than usual.",sadness,I’m sorry today feels heavy. You don’t have to force yourself to feel better immediately
"Lately, i can’t stand the smell today.",disgust,"Strong unpleasant smells can be overwhelming. If you can, move somewhere with fresher air and give yourself a reset You can take it one moment at a time"
"Lately, i miss how things used to be this morning.",sadness,"Missing the past can hurt, especially when it carries meaningful memories. It’s okay to acknowledge that feeling You can take it one moment at a time."
"Lately, i’m trying to understand myself better lately.",neutral,That sounds like a worthwhile goal. We can look at what you’ve been noticing without rushing to conclusions You can take it one moment at a time
I don’t really know what to say tonight.,neutral,"That’s completely fine. You can start with whatever feels easiest, even if it’s just one sentence"
Things are finally going my way tonight.,joy,It’s great to hear that things are clicking into place. Take a moment to appreciate the progress
"Right now, i’m annoyed beyond words for some reason.",anger,That sounds like a lot of irritation building up. A short break may help you sort out what specifically crossed the line
Today feels special tonight.,joy,There’s something refreshing about a day that feels special. Enjoy it at your own pace
"Lately, i can’t believe it honestly.",surprise,That sounds like a big surprise. Let yourself absorb the moment before deciding what it means You can take it one moment at a time
"For some reason, i don’t really know what to say for some reason.",neutral,"That’s completely fine. You can start with whatever feels easiest, even if it’s just one sentence"
I guess i feel sickened by this today.,disgust,That reaction shows how strongly the situation affected you. Stepping back can help you regain some comfort There’s no need to rush your response
"Honestly, i’m scared about tomorrow lately.",fear,"Uncertainty can make tomorrow feel much bigger than it is. For now, focus on what you can handle today"
"For some reason, i’m proud of myself at the moment.",joy,You have every reason to pause and recognize what you accomplished
I’m genuinely thrilled lately.,joy,Wonderful news can brighten everything. What part of it feels best to you?
"Honestly, i hate seeing things like that today.",disgust,It makes sense that something so unpleasant would bother you. You can choose some distance from it when possible
"For some reason, i hate seeing things like that.",disgust,It makes sense that something so unpleasant would bother you. You can choose some distance from it when possible
"Right now, today feels special today.",joy,There’s something refreshing about a day that feels special. Enjoy it at your own pace
"Honestly, i’m excited about what’s next for some reason.",joy,That excitement can be a great source of energy. Let it carry you forward one step at a time
"For some reason, i’m fed up with this tonight.",anger,It sounds like you’ve reached your limit. You deserve a moment to step back and breathe before deciding what to do next
I’m caught off guard more than usual.,surprise,It makes sense to need a moment after surprising news. You don’t have to react immediately
"I guess whoa, seriously this morning.",surprise,That definitely sounds unexpected. Sometimes a little pause helps the surprise settle There’s no need to rush your response
Everything feels a little empty tonight.,sadness,That emptiness can be difficult to sit with. Be gentle with yourself while you move through it
"Lately, i’m having a rough time honestly.",sadness,I’m sorry you’re going through a rough patch. You don’t have to solve everything at once You can take it one moment at a time
"Right now, i’m afraid I’ll mess this up after everything that happened.",fear,Fear of making mistakes can put a lot of pressure on you. Remember that one imperfect moment does not define the whole experience
So frustrated honestly.,anger,"Being ignored can feel deeply disrespectful. Your frustration makes sense, and you can decide how you want to address it calmly There’s no need to rush your response"
"Lately, i can't stop smiling honestly.",joy,That smile says a lot. I hope you get to soak up this good feeling You can take it one moment at a time.
"For some reason, i feel really anxious about this.",fear,"It sounds like this situation has your mind on high alert. Try narrowing your attention to the next small, manageable step"
I’m disgusted by what happened at the moment.,disgust,Your reaction sounds strong and understandable given what you encountered. Creating some distance may help
"Lately, everything feels uncertain for some reason.",fear,Uncertainty can make even ordinary decisions feel harder. Focus on the next clear choice rather than solving everything at once You can take it one moment at a time
"For some reason, this came out of nowhere honestly.",surprise,Sudden changes can be startling. A little pause can help you figure out how you feel about it
"Lately, got some amazing news lately.",joy,Wonderful news can brighten everything. What part of it feels best to you? You can take it one moment at a time
"Honestly, well, that’s new this morning.",surprise,Something clearly caught you off guard. It’s okay to simply observe your reaction for a moment
Why does this keep happening lately.,anger,Repeated problems can wear down your patience. It’s understandable to feel angry when the same issue keeps returning
"For some reason, i wanted to talk for a bit for some reason.",neutral,Of course. We can take the conversation wherever you’d like
"I guess wait, that actually happened after everything that happened.",surprise,That sounds like quite a surprise. Give yourself a moment to take it in There’s no need to rush your response
"Honestly, that is just gross for some reason.",disgust,I hear how strongly you dislike it. Sometimes the best response is simply to remove yourself from the unpleasant situation
That was completely unexpected today.,surprise,Sounds like the situation changed quickly. Take some time to process what happened
"For some reason, today was pretty normal today.",neutral,"Sometimes a normal day is simply a normal day. What stood out, if anything?"
"Right now, i never imagined this would happen after everything that happened.",surprise,That kind of unexpected turn can leave you searching for words. Give yourself space to take it in
I guess i can't stop smiling today.,joy,That smile says a lot. I hope you get to soak up this good feeling There’s no need to rush your response.
"Lately, i keep thinking about what I lost honestly.",sadness,It makes sense that a loss can keep returning to your thoughts. You can acknowledge the sadness without judging yourself for it You can take it one moment at a time
"Lately, i wanted to talk for a bit and I’m trying to process it.",neutral,Of course. We can take the conversation wherever you’d like You can take it one moment at a time
"Honestly, i had such a good day at the moment.",joy,I’m happy your day treated you well. Those ordinary good days are worth noticing
"Lately, i’m disgusted by what happened honestly.",disgust,Your reaction sounds strong and understandable given what you encountered. Creating some distance may help You can take it one moment at a time
I guess nothing much is happening today this morning.,neutral,Sounds like a fairly ordinary day. Is there anything on your mind? There’s no need to rush your response
I’m really hurting honestly.,sadness,I’m sorry you’re going through a rough patch. You don’t have to solve everything at once There’s no need to rush your response.
"Lately, i’m deeply uncomfortable with this today.",disgust,"Your discomfort matters. You can pause, create some distance, and decide what boundary feels right You can take it one moment at a time"
I’m afraid I’ll mess this up today.,fear,Fear of making mistakes can put a lot of pressure on you. Remember that one imperfect moment does not define the whole experience
"For some reason, i have a question at the moment.",neutral,"Sure, go ahead. I’ll do my best to help you work through it"
"Lately, i’m feeling really happy today honestly.",joy,That happiness sounds lovely. Give yourself permission to enjoy this moment You can take it one moment at a time
I’m excited about what’s next lately.,joy,That excitement can be a great source of energy. Let it carry you forward one step at a time
"Honestly, that was completely unexpected at the moment.",surprise,Sounds like the situation changed quickly. Take some time to process what happened
"For some reason, i’m disgusted by what happened lately.",disgust,Your reaction sounds strong and understandable given what you encountered. Creating some distance may help
I’m fed up with this.,anger,It sounds like you’ve reached your limit. You deserve a moment to step back and breathe before deciding what to do next
I’m furious at the moment.,anger,That urge can be intense. Giving yourself a pause can create room to express what’s wrong without escalating things You can take it one moment at a time
Just thinking things over more than usual.,neutral,Taking time to think can be useful. What’s been occupying your thoughts?
"Honestly, wait, that actually happened?",surprise,That sounds like quite a surprise. Give yourself a moment to take it in
I guess i wanted to talk for a bit today.,neutral,Of course. We can take the conversation wherever you’d like There’s no need to rush your response
"Lately, i’m having a rough time tonight.",sadness,I’m sorry you’re going through a rough patch. You don’t have to solve everything at once You can take it one moment at a time
"For some reason, honestly, I feel fantastic tonight.",joy,I’m glad you’re having such a positive moment. Let yourself enjoy it without overthinking it
"Right now, that was completely unexpected honestly.",surprise,Sounds like the situation changed quickly. Take some time to process what happened
"Honestly, that was completely unexpected today.",surprise,Sounds like the situation changed quickly. Take some time to process what happened
"Honestly, i’m proud of myself this morning.",joy,You have every reason to pause and recognize what you accomplished
This makes me furious tonight.,anger,I hear how strong the anger is. You can validate that feeling while still choosing a response you’ll feel good about later
Just thinking things over lately.,neutral,Taking time to think can be useful. What’s been occupying your thoughts?
"Honestly, that behavior is so disturbing for some reason.",disgust,It sounds like what you saw really unsettled you. You’re allowed to recognize that it crossed your personal boundaries
I’m having a rough time.,sadness,I’m sorry you’re going through a rough patch. You don’t have to solve everything at once
I’m furious today.,anger,It sounds like something really pushed your limits. You can acknowledge the anger without letting it choose your next move
"Lately, i’m just checking in more than usual.",neutral,I’m here with you. What would you like to talk about? You can take it one moment at a time
I feel really anxious about this tonight.,fear,"It sounds like this situation has your mind on high alert. Try narrowing your attention to the next small, manageable step"
"I guess well, that’s new after everything that happened.",surprise,Something clearly caught you off guard. It’s okay to simply observe your reaction for a moment There’s no need to rush your response
I did not see that coming for some reason.,surprise,Unexpected moments can take a second to process. What part surprised you most?
"Right now, i feel sickened by this more than usual.",disgust,That reaction shows how strongly the situation affected you. Stepping back can help you regain some comfort
"Right now, today feels special lately.",joy,There’s something refreshing about a day that feels special. Enjoy it at your own pace
"Lately, i’m nervous about meeting them tonight.",fear,It’s understandable to feel nervous before an important interaction. You can prepare for what you can control and let the rest unfold You can take it one moment at a time
"Right now, that was absolutely revolting for some reason.",disgust,That sounds deeply unpleasant. You don’t have to stay around something that makes you feel that uncomfortable
"Right now, can we talk about my day for some reason.",neutral,Absolutely. Tell me whatever part of your day you want to share
"Right now, i can’t stand the smell lately.",disgust,"Strong unpleasant smells can be overwhelming. If you can, move somewhere with fresher air and give yourself a reset"
I guess i have a bad feeling lately.,fear,That uneasy feeling can be unsettling. Take a slow breath and give yourself a moment to separate the feeling from the facts you know There’s no need to rush your response
This is seriously frustrating for some reason.,anger,I can understand why that would feel frustrating. A little space before responding may help you regain control
"Honestly, i feel really down today at the moment.",sadness,I’m sorry today feels heavy. You don’t have to force yourself to feel better immediately
I guess i feel sickened by this honestly.,disgust,That reaction shows how strongly the situation affected you. Stepping back can help you regain some comfort There’s no need to rush your response
"For some reason, i keep thinking about what I lost lately.",sadness,It makes sense that a loss can keep returning to your thoughts. You can acknowledge the sadness without judging yourself for it
I’m repulsed.,disgust,That sounds deeply unpleasant. You don’t have to stay around something that makes you feel that uncomfortable
"Lately, i did not see that coming after everything that happened.",surprise,Unexpected moments can take a second to process. What part surprised you most? You can take it one moment at a time
"Honestly, everything feels a little empty this morning.",sadness,That emptiness can be difficult to sit with. Be gentle with yourself while you move through it
I can’t believe they did that this morning.,anger,It sounds like their action really crossed a boundary for you. Taking a breath before reacting could give you more options
I guess nothing much is happening today after everything that happened.,neutral,Sounds like a fairly ordinary day. Is there anything on your mind? There’s no need to rush your response
"Lately, well, that’s new for some reason.",surprise,Something clearly caught you off guard. It’s okay to simply observe your reaction for a moment You can take it one moment at a time
I’m having a rough time lately.,sadness,I’m sorry you’re going through a rough patch. You don’t have to solve everything at once
"Honestly, just thinking things over this morning.",neutral,Taking time to think can be useful. What’s been occupying your thoughts?
"For some reason, ugh, that was nasty today.",disgust,Sounds like a seriously unpleasant experience. Give yourself a little space from it
"Honestly, i’m excited about what’s next after everything that happened.",joy,That excitement can be a great source of energy. Let it carry you forward one step at a time
That’s gross more than usual.,disgust,It sounds like that crossed a strong comfort boundary for you. It’s okay to step away from what feels unpleasant
"Honestly, this came out of nowhere more than usual.",surprise,Sudden changes can be startling. A little pause can help you figure out how you feel about it
"Right now, i’m disappointed and sad more than usual.",sadness,That combination can weigh heavily. It’s okay to recognize both the disappointment and the sadness
That was absolutely revolting this morning.,disgust,That sounds deeply unpleasant. You don’t have to stay around something that makes you feel that uncomfortable
"Lately, i feel really anxious about this tonight.",fear,"It sounds like this situation has your mind on high alert. Try narrowing your attention to the next small, manageable step You can take it one moment at a time"
Got some amazing news this morning.,joy,Wonderful news can brighten everything. What part of it feels best to you?
"For some reason, i hate seeing things like that honestly.",disgust,It makes sense that something so unpleasant would bother you. You can choose some distance from it when possible
"Right now, just thinking things over honestly.",neutral,Taking time to think can be useful. What’s been occupying your thoughts?
I guess i’m feeling really happy today more than usual.,joy,That happiness sounds lovely. Give yourself permission to enjoy this moment There’s no need to rush your response
"Honestly, i’m not sure what I’m feeling at the moment.",neutral,That’s okay. You don’t need to label everything immediately; we can explore it together
"For some reason, i’m annoyed beyond words honestly.",anger,That sounds like a lot of irritation building up. A short break may help you sort out what specifically crossed the line
I guess i miss how things used to be lately.,sadness,"Missing the past can hurt, especially when it carries meaningful memories. It’s okay to acknowledge that feeling There’s no need to rush your response"
"For some reason, nothing feels exciting anymore for some reason.",sadness,It sounds like things feel unusually flat right now. Taking the day slowly may be kinder than demanding too much from yourself
Today feels heavy after everything that happened.,sadness,Sometimes tears are simply a way of letting emotion out. You can give yourself a quiet moment
"For some reason, i had such a good day more than usual.",joy,I’m happy your day treated you well. Those ordinary good days are worth noticing
"Right now, i’m shocked by the news more than usual.",surprise,It makes sense to need a moment after surprising news. You don’t have to react immediately
"Lately, i can’t stand the smell at the moment.",disgust,"Strong unpleasant smells can be overwhelming. If you can, move somewhere with fresher air and give yourself a reset You can take it one moment at a time"
"Honestly, I feel fantastic for some reason.",joy,I’m glad you’re having such a positive moment. Let yourself enjoy it without overthinking it
"Lately, i’m tired of being treated this way tonight.",anger,Being treated unfairly can build a lot of anger. It may help to separate what happened from what you want to happen next You can take it one moment at a time.
"Lately, they completely ignored me for some reason.",anger,"Being ignored can feel deeply disrespectful. Your frustration makes sense, and you can decide how you want to address it calmly You can take it one moment at a time"
"Honestly, things are finally going my way for some reason.",joy,It’s great to hear that things are clicking into place. Take a moment to appreciate the progress
"Right now, why does this keep happening this morning.",anger,Repeated problems can wear down your patience. It’s understandable to feel angry when the same issue keeps returning
I’m scared lately.,fear,"Uncertainty can make tomorrow feel much bigger than it is. For now, focus on what you can handle today"
"Honestly, i’m disappointed and sad lately.",sadness,That combination can weigh heavily. It’s okay to recognize both the disappointment and the sadness
"Right now, i can’t believe it!",surprise,That sounds like a big surprise. Let yourself absorb the moment before deciding what it means
"Lately, this came out of nowhere lately.",surprise,Sudden changes can be startling. A little pause can help you figure out how you feel about it You can take it one moment at a time
So frustrated today.,anger,I can understand why that would feel frustrating. A little space before responding may help you regain control
"Lately, i’m having a rough time today.",sadness,I’m sorry you’re going through a rough patch. You don’t have to solve everything at once You can take it one moment at a time
"Lately, i’m tired of being treated this way lately.",anger,Being treated unfairly can build a lot of anger. It may help to separate what happened from what you want to happen next You can take it one moment at a time
"Right now, today just hurts honestly.",sadness,"I hear how painful today feels. For now, being gentle with yourself is enough"
"Right now, i don’t really know what to say tonight.",neutral,"That’s completely fine. You can start with whatever feels easiest, even if it’s just one sentence"
"Lately, i’m shocked by the news today.",surprise,It makes sense to need a moment after surprising news. You don’t have to react immediately You can take it one moment at a time
What if everything goes wrong lately.,fear,That kind of what-if thinking can feel overwhelming. Gently return to what you know right now rather than every possible outcome
I keep thinking about what I lost after everything that happened.,sadness,It makes sense that a loss can keep returning to your thoughts. You can acknowledge the sadness without judging yourself for it
Just feeling sad lately.,sadness,"Missing the past can hurt, especially when it carries meaningful memories. It’s okay to acknowledge that feeling"
Everything feels uncertain.,fear,Uncertainty can make even ordinary decisions feel harder. Focus on the next clear choice rather than solving everything at once
So happy right now after everything that happened.,joy,You have every reason to pause and recognize what you accomplished There’s no need to rush your response
Absolutely unpleasant today.,disgust,Your reaction sounds strong and understandable given what you encountered. Creating some distance may help
"Honestly, i can’t believe they did that.",anger,It sounds like their action really crossed a boundary for you. Taking a breath before reacting could give you more options
I had such a good day.,joy,I’m happy your day treated you well. Those ordinary good days are worth noticing
"Honestly, today just hurts.",sadness,"I hear how painful today feels. For now, being gentle with yourself is enough"
That was completely unexpected more than usual.,surprise,Sounds like the situation changed quickly. Take some time to process what happened
I guess i’m afraid to find out honestly.,fear,Waiting for an answer can be frightening. You can take the moment one piece at a time instead of carrying the whole uncertainty at once There’s no need to rush your response.
I’m tired of being treated this way after everything that happened.,anger,Being treated unfairly can build a lot of anger. It may help to separate what happened from what you want to happen next
"For some reason, i’m afraid I’ll mess this up at the moment.",fear,Fear of making mistakes can put a lot of pressure on you. Remember that one imperfect moment does not define the whole experience
"Lately, i had such a good day honestly.",joy,I’m happy your day treated you well. Those ordinary good days are worth noticing You can take it one moment at a time.
"Honestly, things are finally going my way lately.",joy,It’s great to hear that things are clicking into place. Take a moment to appreciate the progress
"Right now, they completely ignored me tonight.",anger,"Being ignored can feel deeply disrespectful. Your frustration makes sense, and you can decide how you want to address it calmly"
"Honestly, i’m disappointed and sad today.",sadness,That combination can weigh heavily. It’s okay to recognize both the disappointment and the sadness
My mind won’t stop worrying tonight.,fear,"When worries keep looping, it can help to pause and notice what is actually happening in the present moment"
"Right now, that is just gross at the moment.",disgust,I hear how strongly you dislike it. Sometimes the best response is simply to remove yourself from the unpleasant situation
Feeling low.,sadness,I’m sorry today feels heavy. You don’t have to force yourself to feel better immediately
This annoys me at the moment.,anger,Repeated problems can wear down your patience. It’s understandable to feel angry when the same issue keeps returning
"Lately, ugh, that was nasty honestly.",disgust,Sounds like a seriously unpleasant experience. Give yourself a little space from it You can take it one moment at a time
"Honestly, this came out of nowhere this morning.",surprise,Sudden changes can be startling. A little pause can help you figure out how you feel about it
I never imagined this would happen this morning.,surprise,That kind of unexpected turn can leave you searching for words. Give yourself space to take it in
I guess i feel really anxious about this today.,fear,"It sounds like this situation has your mind on high alert. Try narrowing your attention to the next small, manageable step There’s no need to rush your response"
"Honestly, i feel really anxious about this after everything that happened.",fear,"It sounds like this situation has your mind on high alert. Try narrowing your attention to the next small, manageable step"
"Honestly, i can’t believe they did that more than usual.",anger,It sounds like their action really crossed a boundary for you. Taking a breath before reacting could give you more options
This annoys me after everything that happened.,anger,Repeated problems can wear down your patience. It’s understandable to feel angry when the same issue keeps returning
"Honestly, i hate seeing things like that tonight.",disgust,It makes sense that something so unpleasant would bother you. You can choose some distance from it when possible
I’m genuinely thrilled today.,joy,Wonderful news can brighten everything. What part of it feels best to you?
"Honestly, i never imagined this would happen honestly.",surprise,That kind of unexpected turn can leave you searching for words. Give yourself space to take it in
I’m nervous today.,fear,Waiting for an answer can be frightening. You can take the moment one piece at a time instead of carrying the whole uncertainty at once
"Honestly, today feels special after everything that happened.",joy,There’s something refreshing about a day that feels special. Enjoy it at your own pace
"For some reason, that was absolutely revolting lately.",disgust,That sounds deeply unpleasant. You don’t have to stay around something that makes you feel that uncomfortable
I’m really mad this morning.,anger,It sounds like you’ve reached your limit. You deserve a moment to step back and breathe before deciding what to do next
I can't stop smiling for some reason.,joy,That smile says a lot. I hope you get to soak up this good feeling
"Ugh, disgusting tonight.",disgust,"Strong unpleasant smells can be overwhelming. If you can, move somewhere with fresher air and give yourself a reset"
"Honestly, i’m excited about what’s next honestly.",joy,That excitement can be a great source of energy. Let it carry you forward one step at a time
"Lately, i’m disgusted by what happened this morning.",disgust,Your reaction sounds strong and understandable given what you encountered. Creating some distance may help You can take it one moment at a time
I’m really hurting more than usual.,sadness,That emptiness can be difficult to sit with. Be gentle with yourself while you move through it
"Honestly, i want to yell after everything that happened.",anger,That urge can be intense. Giving yourself a pause can create room to express what’s wrong without escalating things
"Honestly, i can’t stand the smell after everything that happened.",disgust,"Strong unpleasant smells can be overwhelming. If you can, move somewhere with fresher air and give yourself a reset"
I guess i can't stop smiling tonight.,joy,That smile says a lot. I hope you get to soak up this good feeling There’s no need to rush your response.
"Right now, i’m tired of being treated this way.",anger,Being treated unfairly can build a lot of anger. It may help to separate what happened from what you want to happen next
"Lately, i had such a good day lately.",joy,I’m happy your day treated you well. Those ordinary good days are worth noticing You can take it one moment at a time.
That behavior is so disturbing this morning.,disgust,It sounds like what you saw really unsettled you. You’re allowed to recognize that it crossed your personal boundaries
"Lately, i can’t believe it more than usual.",surprise,That sounds like a big surprise. Let yourself absorb the moment before deciding what it means You can take it one moment at a time
"Right now, i had such a good day this morning.",joy,I’m happy your day treated you well. Those ordinary good days are worth noticing
This feels frightening at the moment.,fear,That kind of what-if thinking can feel overwhelming. Gently return to what you know right now rather than every possible outcome
This feels frightening tonight.,fear,That kind of what-if thinking can feel overwhelming. Gently return to what you know right now rather than every possible outcome
"Right now, this makes me furious more than usual.",anger,I hear how strong the anger is. You can validate that feeling while still choosing a response you’ll feel good about later
Feeling great lately.,joy,That happiness sounds lovely. Give yourself permission to enjoy this moment
"Honestly, i’m not sure what I’m feeling honestly.",neutral,That’s okay. You don’t need to label everything immediately; we can explore it together
Can we talk this morning.,neutral,That’s okay. You don’t need to label everything immediately; we can explore it together
"Honestly, i’m disgusted by what happened at the moment.",disgust,Your reaction sounds strong and understandable given what you encountered. Creating some distance may help
Just thinking things over today.,neutral,Taking time to think can be useful. What’s been occupying your thoughts?
"Right now, i hate seeing things like that lately.",disgust,It makes sense that something so unpleasant would bother you. You can choose some distance from it when possible
Feeling low honestly.,sadness,I’m sorry today feels heavy. You don’t have to force yourself to feel better immediately
"Honestly, I feel fantastic.",joy,I’m glad you’re having such a positive moment. Let yourself enjoy it without overthinking it
"Right now, that behavior is so disturbing at the moment.",disgust,It sounds like what you saw really unsettled you. You’re allowed to recognize that it crossed your personal boundaries
"Honestly, they completely ignored me today.",anger,"Being ignored can feel deeply disrespectful. Your frustration makes sense, and you can decide how you want to address it calmly"
So frustrated this morning.,anger,"Being ignored can feel deeply disrespectful. Your frustration makes sense, and you can decide how you want to address it calmly There’s no need to rush your response"
"Honestly, nothing feels exciting anymore tonight.",sadness,It sounds like things feel unusually flat right now. Taking the day slowly may be kinder than demanding too much from yourself
"Lately, i never imagined this would happen tonight.",surprise,That kind of unexpected turn can leave you searching for words. Give yourself space to take it in You can take it one moment at a time
"Right now, i’m tired of being treated this way lately.",anger,Being treated unfairly can build a lot of anger. It may help to separate what happened from what you want to happen next
"Right now, i’m feeling really happy today tonight.",joy,That happiness sounds lovely. Give yourself permission to enjoy this moment
Got some amazing news lately.,joy,Wonderful news can brighten everything. What part of it feels best to you?
"For some reason, i wanted to talk for a bit honestly.",neutral,Of course. We can take the conversation wherever you’d like
"Ugh, that was nasty at the moment.",disgust,Sounds like a seriously unpleasant experience. Give yourself a little space from it
I guess why does this keep happening today.,anger,Repeated problems can wear down your patience. It’s understandable to feel angry when the same issue keeps returning There’s no need to rush your response
"Lately, i’m just checking in today.",neutral,I’m here with you. What would you like to talk about? You can take it one moment at a time
"For some reason, today feels special lately.",joy,There’s something refreshing about a day that feels special. Enjoy it at your own pace
"For some reason, my mind won’t stop worrying lately.",fear,"When worries keep looping, it can help to pause and notice what is actually happening in the present moment"
"Right now, that really grosses me out lately.",disgust,It sounds like that crossed a strong comfort boundary for you. It’s okay to step away from what feels unpleasant
I’m really mad for some reason.,anger,It sounds like you’ve reached your limit. You deserve a moment to step back and breathe before deciding what to do next
"Honestly, i’m excited about what’s next.",joy,That excitement can be a great source of energy. Let it carry you forward one step at a time
"For some reason, my mind won’t stop worrying honestly.",fear,"When worries keep looping, it can help to pause and notice what is actually happening in the present moment"
I don’t really know what to say this morning.,neutral,"That’s completely fine. You can start with whatever feels easiest, even if it’s just one sentence"
"Lately, i’m shocked by the news lately.",surprise,It makes sense to need a moment after surprising news. You don’t have to react immediately You can take it one moment at a time
"Right now, whoa, seriously after everything that happened.",surprise,That definitely sounds unexpected. Sometimes a little pause helps the surprise settle
"Lately, wait, that actually happened lately.",surprise,That sounds like quite a surprise. Give yourself a moment to take it in You can take it one moment at a time
"Lately, got some amazing news today.",joy,Wonderful news can brighten everything. What part of it feels best to you? You can take it one moment at a time
"Right now, why does this keep happening for some reason.",anger,Repeated problems can wear down your patience. It’s understandable to feel angry when the same issue keeps returning
"Lately, seriously? I’m stunned for some reason.",surprise,You sound genuinely surprised. Take a breath and give yourself time to process the new information You can take it one moment at a time
That was completely unexpected.,surprise,Sounds like the situation changed quickly. Take some time to process what happened
"Lately, i can’t believe they did that lately.",anger,It sounds like their action really crossed a boundary for you. Taking a breath before reacting could give you more options You can take it one moment at a time
"Honestly, can we talk about my day more than usual.",neutral,Absolutely. Tell me whatever part of your day you want to share
I did not see that coming honestly.,surprise,Unexpected moments can take a second to process. What part surprised you most?
"For some reason, that was absolutely revolting tonight.",disgust,That sounds deeply unpleasant. You don’t have to stay around something that makes you feel that uncomfortable
"Lately, things are finally going my way this morning.",joy,It’s great to hear that things are clicking into place. Take a moment to appreciate the progress You can take it one moment at a time
"Lately, i don’t really know what to say after everything that happened.",neutral,"That’s completely fine. You can start with whatever feels easiest, even if it’s just one sentence You can take it one moment at a time"
"For some reason, i have a bad feeling lately.",fear,That uneasy feeling can be unsettling. Take a slow breath and give yourself a moment to separate the feeling from the facts you know
"For some reason, my mind won’t stop worrying.",fear,"When worries keep looping, it can help to pause and notice what is actually happening in the present moment"
"Honestly, i’m tired of being treated this way after everything that happened.",anger,Being treated unfairly can build a lot of anger. It may help to separate what happened from what you want to happen next
"Right now, i want to yell honestly.",anger,That urge can be intense. Giving yourself a pause can create room to express what’s wrong without escalating things
Can we talk at the moment.,neutral,That’s okay. You don’t need to label everything immediately; we can explore it together
I guess i’m so angry right now at the moment.,anger,It sounds like something really pushed your limits. You can acknowledge the anger without letting it choose your next move There’s no need to rush your response
"Lately, i did not see that coming honestly.",surprise,Unexpected moments can take a second to process. What part surprised you most? You can take it one moment at a time
"Right now, i keep thinking about what I lost honestly.",sadness,It makes sense that a loss can keep returning to your thoughts. You can acknowledge the sadness without judging yourself for it
"Honestly, i had such a good day.",joy,I’m happy your day treated you well. Those ordinary good days are worth noticing
I’m disappointed and sad this morning.,sadness,That combination can weigh heavily. It’s okay to recognize both the disappointment and the sadness
"For some reason, i’m proud of myself this morning.",joy,You have every reason to pause and recognize what you accomplished
"Right now, this makes me furious at the moment.",anger,I hear how strong the anger is. You can validate that feeling while still choosing a response you’ll feel good about later
"Honestly, everything feels a little empty tonight.",sadness,That emptiness can be difficult to sit with. Be gentle with yourself while you move through it
I wanted to talk for a bit tonight.,neutral,Of course. We can take the conversation wherever you’d like
"Honestly, i’m nervous about meeting them this morning.",fear,It’s understandable to feel nervous before an important interaction. You can prepare for what you can control and let the rest unfold
"Lately, this makes me furious for some reason.",anger,I hear how strong the anger is. You can validate that feeling while still choosing a response you’ll feel good about later You can take it one moment at a time
"Right now, today just hurts today.",sadness,"I hear how painful today feels. For now, being gentle with yourself is enough"
"For some reason, that behavior is so disturbing after everything that happened.",disgust,It sounds like what you saw really unsettled you. You’re allowed to recognize that it crossed your personal boundaries
"Honestly, i’m having a rough time honestly.",sadness,I’m sorry you’re going through a rough patch. You don’t have to solve everything at once
Feeling low tonight.,sadness,It sounds like things feel unusually flat right now. Taking the day slowly may be kinder than demanding too much from yourself You can take it one moment at a time
"Lately, i’m shocked by the news more than usual.",surprise,It makes sense to need a moment after surprising news. You don’t have to react immediately You can take it one moment at a time
"Right now, just thinking things over more than usual.",neutral,Taking time to think can be useful. What’s been occupying your thoughts?
I feel sickened by this.,disgust,That reaction shows how strongly the situation affected you. Stepping back can help you regain some comfort
Just checking in lately.,neutral,I’m here with you. What would you like to talk about?
I guess nothing feels exciting anymore this morning.,sadness,It sounds like things feel unusually flat right now. Taking the day slowly may be kinder than demanding too much from yourself There’s no need to rush your response
"For some reason, that behavior is so disturbing more than usual.",disgust,It sounds like what you saw really unsettled you. You’re allowed to recognize that it crossed your personal boundaries
"Right now, i can’t believe it tonight.",surprise,That sounds like a big surprise. Let yourself absorb the moment before deciding what it means
"For some reason, i feel lonely even around people tonight.",sadness,Feeling alone while surrounded by others can be especially painful. It may help to name what kind of connection you’re missing
"Right now, i’m afraid I’ll mess this up.",fear,Fear of making mistakes can put a lot of pressure on you. Remember that one imperfect moment does not define the whole experience
I’m caught off guard for some reason.,surprise,It makes sense to need a moment after surprising news. You don’t have to react immediately
"Right now, ugh, that was nasty at the moment.",disgust,Sounds like a seriously unpleasant experience. Give yourself a little space from it
"Right now, my mind won’t stop worrying this morning.",fear,"When worries keep looping, it can help to pause and notice what is actually happening in the present moment"
Today feels heavy more than usual.,sadness,Sometimes tears are simply a way of letting emotion out. You can give yourself a quiet moment
I guess that was completely unexpected lately.,surprise,Sounds like the situation changed quickly. Take some time to process what happened There’s no need to rush your response
"For some reason, well, that’s new today.",surprise,Something clearly caught you off guard. It’s okay to simply observe your reaction for a moment
I’m nervous.,fear,Waiting for an answer can be frightening. You can take the moment one piece at a time instead of carrying the whole uncertainty at once
I’m furious at the moment.,anger,It sounds like something really pushed your limits. You can acknowledge the anger without letting it choose your next move
"Lately, i’m disappointed and sad tonight.",sadness,That combination can weigh heavily. It’s okay to recognize both the disappointment and the sadness You can take it one moment at a time
"Lately, i never imagined this would happen today.",surprise,That kind of unexpected turn can leave you searching for words. Give yourself space to take it in You can take it one moment at a time
Got some amazing news for some reason.,joy,Wonderful news can brighten everything. What part of it feels best to you?
"For some reason, that really grosses me out after everything that happened.",disgust,It sounds like that crossed a strong comfort boundary for you. It’s okay to step away from what feels unpleasant
"Right now, i’m excited about what’s next for some reason.",joy,That excitement can be a great source of energy. Let it carry you forward one step at a time
This makes me furious more than usual.,anger,I hear how strong the anger is. You can validate that feeling while still choosing a response you’ll feel good about later
"Right now, i keep thinking about what I lost more than usual.",sadness,It makes sense that a loss can keep returning to your thoughts. You can acknowledge the sadness without judging yourself for it
This made my whole day this morning.,joy,It sounds like that moment really lifted you. Hold onto what made it meaningful
"Lately, i’m scared about tomorrow today.",fear,"Uncertainty can make tomorrow feel much bigger than it is. For now, focus on what you can handle today You can take it one moment at a time"
I’m really hurting tonight.,sadness,I’m sorry you’re going through a rough patch. You don’t have to solve everything at once There’s no need to rush your response
"Lately, i’m tired of being treated this way at the moment.",anger,Being treated unfairly can build a lot of anger. It may help to separate what happened from what you want to happen next You can take it one moment at a time
"For some reason, i feel really down today.",sadness,I’m sorry today feels heavy. You don’t have to force yourself to feel better immediately
"Honestly, got some amazing news.",joy,Wonderful news can brighten everything. What part of it feels best to you?
I never imagined this would happen more than usual.,surprise,That kind of unexpected turn can leave you searching for words. Give yourself space to take it in
"Honestly, this makes me furious for some reason.",anger,I hear how strong the anger is. You can validate that feeling while still choosing a response you’ll feel good about later
I’m genuinely thrilled this morning.,joy,Wonderful news can brighten everything. What part of it feels best to you?
"Lately, just thinking things over.",neutral,Taking time to think can be useful. What’s been occupying your thoughts? You can take it one moment at a time.
"Lately, i’m deeply uncomfortable with this this morning.",disgust,"Your discomfort matters. You can pause, create some distance, and decide what boundary feels right You can take it one moment at a time"
I guess i’m scared about tomorrow this morning.,fear,"Uncertainty can make tomorrow feel much bigger than it is. For now, focus on what you can handle today There’s no need to rush your response"
That is just gross for some reason.,disgust,I hear how strongly you dislike it. Sometimes the best response is simply to remove yourself from the unpleasant situation
I feel lonely even around people tonight.,sadness,Feeling alone while surrounded by others can be especially painful. It may help to name what kind of connection you’re missing
Got some amazing news honestly.,joy,Wonderful news can brighten everything. What part of it feels best to you?
"Lately, i’m panicking a little.",fear,"That sounds intense. Try grounding yourself in what you can see, hear, and feel right now, one detail at a time You can take it one moment at a time"
I guess i just want to cry at the moment.,sadness,Sometimes tears are simply a way of letting emotion out. You can give yourself a quiet moment There’s no need to rush your response
"Honestly, that is just gross.",disgust,I hear how strongly you dislike it. Sometimes the best response is simply to remove yourself from the unpleasant situation
I’m caught off guard this morning.,surprise,It makes sense to need a moment after surprising news. You don’t have to react immediately
I’m stunned lately.,surprise,That sounds like quite a surprise. Give yourself a moment to take it in
"For some reason, i’m tired of being treated this way for some reason.",anger,Being treated unfairly can build a lot of anger. It may help to separate what happened from what you want to happen next
"Honestly, i’m nervous about meeting them honestly.",fear,It’s understandable to feel nervous before an important interaction. You can prepare for what you can control and let the rest unfold
I’m afraid I’ll mess this up at the moment.,fear,Fear of making mistakes can put a lot of pressure on you. Remember that one imperfect moment does not define the whole experience
I’m excited about what’s next honestly.,joy,That excitement can be a great source of energy. Let it carry you forward one step at a time
"Right now, this came out of nowhere more than usual.",surprise,Sudden changes can be startling. A little pause can help you figure out how you feel about it
"For some reason, can we talk about my day for some reason.",neutral,Absolutely. Tell me whatever part of your day you want to share
"Right now, this made my whole day honestly.",joy,It sounds like that moment really lifted you. Hold onto what made it meaningful
"Lately, i’m nervous about meeting them.",fear,It’s understandable to feel nervous before an important interaction. You can prepare for what you can control and let the rest unfold You can take it one moment at a time
"Right now, i feel sickened by this at the moment.",disgust,That reaction shows how strongly the situation affected you. Stepping back can help you regain some comfort
"Honestly, i’m feeling really happy today today.",joy,That happiness sounds lovely. Give yourself permission to enjoy this moment
I guess i’m disgusted by what happened tonight.,disgust,Your reaction sounds strong and understandable given what you encountered. Creating some distance may help There’s no need to rush your response
So happy right now after everything that happened.,joy,It’s great to hear that things are clicking into place. Take a moment to appreciate the progress
"Right now, everything feels uncertain.",fear,Uncertainty can make even ordinary decisions feel harder. Focus on the next clear choice rather than solving everything at once
I’m panicking a little after everything that happened.,fear,"That sounds intense. Try grounding yourself in what you can see, hear, and feel right now, one detail at a time"
I feel sickened by this this morning.,disgust,That reaction shows how strongly the situation affected you. Stepping back can help you regain some comfort
That is just gross this morning.,disgust,I hear how strongly you dislike it. Sometimes the best response is simply to remove yourself from the unpleasant situation
"For some reason, what if everything goes wrong today.",fear,That kind of what-if thinking can feel overwhelming. Gently return to what you know right now rather than every possible outcome
Just feeling sad.,sadness,"Missing the past can hurt, especially when it carries meaningful memories. It’s okay to acknowledge that feeling"
I’m having a rough time more than usual.,sadness,I’m sorry you’re going through a rough patch. You don’t have to solve everything at once
I’m really mad honestly.,anger,It sounds like you’ve reached your limit. You deserve a moment to step back and breathe before deciding what to do next
"For some reason, today feels special more than usual.",joy,There’s something refreshing about a day that feels special. Enjoy it at your own pace
"Lately, i’m feeling really happy today tonight.",joy,That happiness sounds lovely. Give yourself permission to enjoy this moment You can take it one moment at a time
I guess nothing feels exciting anymore at the moment.,sadness,It sounds like things feel unusually flat right now. Taking the day slowly may be kinder than demanding too much from yourself There’s no need to rush your response
"Lately, whoa, seriously at the moment.",surprise,That definitely sounds unexpected. Sometimes a little pause helps the surprise settle You can take it one moment at a time
"For some reason, this is seriously frustrating honestly.",anger,I can understand why that would feel frustrating. A little space before responding may help you regain control
"Right now, i have a bad feeling honestly.",fear,That uneasy feeling can be unsettling. Take a slow breath and give yourself a moment to separate the feeling from the facts you know
"Right now, i’m shocked by the news tonight.",surprise,It makes sense to need a moment after surprising news. You don’t have to react immediately
"Honestly, nothing feels exciting anymore lately.",sadness,It sounds like things feel unusually flat right now. Taking the day slowly may be kinder than demanding too much from yourself
Today was pretty normal tonight.,neutral,"Sometimes a normal day is simply a normal day. What stood out, if anything?"
"Lately, got some amazing news this morning.",joy,Wonderful news can brighten everything. What part of it feels best to you? You can take it one moment at a time
"Right now, seriously? I’m stunned honestly.",surprise,You sound genuinely surprised. Take a breath and give yourself time to process the new information
"Right now, i’m afraid I’ll mess this up lately.",fear,Fear of making mistakes can put a lot of pressure on you. Remember that one imperfect moment does not define the whole experience
"Right now, i hate seeing things like that after everything that happened.",disgust,It makes sense that something so unpleasant would bother you. You can choose some distance from it when possible
"Honestly, they completely ignored me honestly.",anger,"Being ignored can feel deeply disrespectful. Your frustration makes sense, and you can decide how you want to address it calmly"
"Lately, honestly, I feel fantastic honestly.",joy,I’m glad you’re having such a positive moment. Let yourself enjoy it without overthinking it You can take it one moment at a time.
"Lately, i had such a good day more than usual.",joy,I’m happy your day treated you well. Those ordinary good days are worth noticing You can take it one moment at a time.
So happy right now.,joy,It’s great to hear that things are clicking into place. Take a moment to appreciate the progress
I guess i want to yell at the moment.,anger,That urge can be intense. Giving yourself a pause can create room to express what’s wrong without escalating things There’s no need to rush your response
"Lately, i’m fed up with this lately.",anger,It sounds like you’ve reached your limit. You deserve a moment to step back and breathe before deciding what to do next You can take it one moment at a time
"Right now, i miss how things used to be more than usual.",sadness,"Missing the past can hurt, especially when it carries meaningful memories. It’s okay to acknowledge that feeling"
"For some reason, i’m fed up with this after everything that happened.",anger,It sounds like you’ve reached your limit. You deserve a moment to step back and breathe before deciding what to do next
I guess i can't stop smiling more than usual.,joy,That smile says a lot. I hope you get to soak up this good feeling There’s no need to rush your response.
"Lately, i’m afraid to find out more than usual.",fear,Waiting for an answer can be frightening. You can take the moment one piece at a time instead of carrying the whole uncertainty at once You can take it one moment at a time
"Right now, i’m just checking in for some reason.",neutral,I’m here with you. What would you like to talk about?
That behavior is so disturbing honestly.,disgust,It sounds like what you saw really unsettled you. You’re allowed to recognize that it crossed your personal boundaries
"Right now, that was completely unexpected tonight.",surprise,Sounds like the situation changed quickly. Take some time to process what happened
Can we talk today.,neutral,That’s okay. You don’t need to label everything immediately; we can explore it together
"Right now, i’m annoyed beyond words tonight.",anger,That sounds like a lot of irritation building up. A short break may help you sort out what specifically crossed the line
"Honestly, i feel lonely even around people for some reason.",sadness,Feeling alone while surrounded by others can be especially painful. It may help to name what kind of connection you’re missing
So happy right now tonight.,joy,It’s great to hear that things are clicking into place. Take a moment to appreciate the progress
"I guess well, that’s new honestly.",surprise,Something clearly caught you off guard. It’s okay to simply observe your reaction for a moment There’s no need to rush your response
"Lately, that was absolutely revolting for some reason.",disgust,That sounds deeply unpleasant. You don’t have to stay around something that makes you feel that uncomfortable You can take it one moment at a time
"For some reason, i have a bad feeling after everything that happened.",fear,That uneasy feeling can be unsettling. Take a slow breath and give yourself a moment to separate the feeling from the facts you know
"Right now, i’m feeling really happy today at the moment.",joy,That happiness sounds lovely. Give yourself permission to enjoy this moment
I guess i’m so angry right now more than usual.,anger,It sounds like something really pushed your limits. You can acknowledge the anger without letting it choose your next move There’s no need to rush your response
I guess i keep thinking about what I lost lately.,sadness,It makes sense that a loss can keep returning to your thoughts. You can acknowledge the sadness without judging yourself for it There’s no need to rush your response
"For some reason, i’m just checking in and I’m trying to process it.",neutral,I’m here with you. What would you like to talk about?
"Lately, i’m afraid I’ll mess this up today.",fear,Fear of making mistakes can put a lot of pressure on you. Remember that one imperfect moment does not define the whole experience You can take it one moment at a time
"Lately, today just hurts today.",sadness,"I hear how painful today feels. For now, being gentle with yourself is enough You can take it one moment at a time."
I’m afraid to find out lately.,fear,Waiting for an answer can be frightening. You can take the moment one piece at a time instead of carrying the whole uncertainty at once
I guess this is seriously frustrating tonight.,anger,I can understand why that would feel frustrating. A little space before responding may help you regain control There’s no need to rush your response
I’m afraid I’ll mess this up for some reason.,fear,Fear of making mistakes can put a lot of pressure on you. Remember that one imperfect moment does not define the whole experience
"Honestly, i feel lonely even around people at the moment.",sadness,Feeling alone while surrounded by others can be especially painful. It may help to name what kind of connection you’re missing
I’m really hurting for some reason.,sadness,That emptiness can be difficult to sit with. Be gentle with yourself while you move through it
"Honestly, i’m having a rough time more than usual.",sadness,I’m sorry you’re going through a rough patch. You don’t have to solve everything at once
I guess i’m feeling really happy today this morning.,joy,That happiness sounds lovely. Give yourself permission to enjoy this moment There’s no need to rush your response
I had such a good day at the moment.,joy,I’m happy your day treated you well. Those ordinary good days are worth noticing
"Right now, i wanted to talk for a bit today.",neutral,Of course. We can take the conversation wherever you’d like
"Honestly, this makes me furious this morning.",anger,I hear how strong the anger is. You can validate that feeling while still choosing a response you’ll feel good about later
"Whoa, seriously today.",surprise,That definitely sounds unexpected. Sometimes a little pause helps the surprise settle
"Honestly, well, that’s new more than usual.",surprise,Something clearly caught you off guard. It’s okay to simply observe your reaction for a moment
I’m really hurting this morning.,sadness,I’m sorry you’re going through a rough patch. You don’t have to solve everything at once There’s no need to rush your response
"Honestly, i can’t stand the smell today.",disgust,"Strong unpleasant smells can be overwhelming. If you can, move somewhere with fresher air and give yourself a reset"
"Lately, they completely ignored me this morning.",anger,"Being ignored can feel deeply disrespectful. Your frustration makes sense, and you can decide how you want to address it calmly You can take it one moment at a time"
"Honestly, i’m trying to understand myself better tonight.",neutral,That sounds like a worthwhile goal. We can look at what you’ve been noticing without rushing to conclusions
That’s gross honestly.,disgust,It sounds like that crossed a strong comfort boundary for you. It’s okay to step away from what feels unpleasant
I guess what if everything goes wrong?,fear,That kind of what-if thinking can feel overwhelming. Gently return to what you know right now rather than every possible outcome There’s no need to rush your response
I guess i can't stop smiling.,joy,That smile says a lot. I hope you get to soak up this good feeling There’s no need to rush your response.
"Honestly, i feel really down today for some reason.",sadness,I’m sorry today feels heavy. You don’t have to force yourself to feel better immediately
This feels frightening this morning.,fear,That kind of what-if thinking can feel overwhelming. Gently return to what you know right now rather than every possible outcome
I guess i’m annoyed beyond words this morning.,anger,That sounds like a lot of irritation building up. A short break may help you sort out what specifically crossed the line There’s no need to rush your response
So frustrated for some reason.,anger,I can understand why that would feel frustrating. A little space before responding may help you regain control
"For some reason, i’m disgusted by what happened more than usual.",disgust,Your reaction sounds strong and understandable given what you encountered. Creating some distance may help
"Right now, i’m nervous about meeting them more than usual.",fear,It’s understandable to feel nervous before an important interaction. You can prepare for what you can control and let the rest unfold
"Lately, ugh, that was nasty this morning.",disgust,Sounds like a seriously unpleasant experience. Give yourself a little space from it You can take it one moment at a time
I guess i feel really anxious about this more than usual.,fear,"It sounds like this situation has your mind on high alert. Try narrowing your attention to the next small, manageable step There’s no need to rush your response"
"For some reason, this came out of nowhere after everything that happened.",surprise,Sudden changes can be startling. A little pause can help you figure out how you feel about it
Everything feels a little empty more than usual.,sadness,That emptiness can be difficult to sit with. Be gentle with yourself while you move through it
"Honestly, that behavior is so disturbing today.",disgust,It sounds like what you saw really unsettled you. You’re allowed to recognize that it crossed your personal boundaries
I’m fed up with this today.,anger,It sounds like you’ve reached your limit. You deserve a moment to step back and breathe before deciding what to do next
I’m thinking at the moment.,neutral,Of course. We can take the conversation wherever you’d like
"For some reason, i’m tired of being treated this way honestly.",anger,Being treated unfairly can build a lot of anger. It may help to separate what happened from what you want to happen next
"Honestly, ugh, that was nasty at the moment.",disgust,Sounds like a seriously unpleasant experience. Give yourself a little space from it
Did not expect that at the moment.,surprise,That definitely sounds unexpected. Sometimes a little pause helps the surprise settle
That was completely unexpected this morning.,surprise,Sounds like the situation changed quickly. Take some time to process what happened
"For some reason, i’m trying to understand myself better at the moment.",neutral,That sounds like a worthwhile goal. We can look at what you’ve been noticing without rushing to conclusions
"Well, that’s new lately.",surprise,Something clearly caught you off guard. It’s okay to simply observe your reaction for a moment
"For some reason, things are finally going my way honestly.",joy,It’s great to hear that things are clicking into place. Take a moment to appreciate the progress
I guess i feel really anxious about this for some reason.,fear,"It sounds like this situation has your mind on high alert. Try narrowing your attention to the next small, manageable step There’s no need to rush your response"
"For some reason, i want to yell more than usual.",anger,That urge can be intense. Giving yourself a pause can create room to express what’s wrong without escalating things
I’m afraid to find out today.,fear,Waiting for an answer can be frightening. You can take the moment one piece at a time instead of carrying the whole uncertainty at once
I guess i’m not sure what I’m feeling.,neutral,That’s okay. You don’t need to label everything immediately; we can explore it together There’s no need to rush your response
"Lately, this came out of nowhere tonight.",surprise,Sudden changes can be startling. A little pause can help you figure out how you feel about it You can take it one moment at a time
"Right now, what if everything goes wrong?",fear,That kind of what-if thinking can feel overwhelming. Gently return to what you know right now rather than every possible outcome
"Right now, i keep thinking about what I lost at the moment.",sadness,It makes sense that a loss can keep returning to your thoughts. You can acknowledge the sadness without judging yourself for it
So frustrated today.,anger,"Being ignored can feel deeply disrespectful. Your frustration makes sense, and you can decide how you want to address it calmly There’s no need to rush your response"
"Honestly, that is just gross after everything that happened.",disgust,I hear how strongly you dislike it. Sometimes the best response is simply to remove yourself from the unpleasant situation
That is just gross honestly.,disgust,I hear how strongly you dislike it. Sometimes the best response is simply to remove yourself from the unpleasant situation
I guess i wanted to talk for a bit lately.,neutral,Of course. We can take the conversation wherever you’d like There’s no need to rush your response
"Honestly, i feel sickened by this tonight.",disgust,That reaction shows how strongly the situation affected you. Stepping back can help you regain some comfort
"Honestly, wait, that actually happened more than usual.",surprise,That sounds like quite a surprise. Give yourself a moment to take it in
"Honestly, well, that’s new for some reason.",surprise,Something clearly caught you off guard. It’s okay to simply observe your reaction for a moment
"Honestly, i’m afraid I’ll mess this up at the moment.",fear,Fear of making mistakes can put a lot of pressure on you. Remember that one imperfect moment does not define the whole experience
That is just gross lately.,disgust,I hear how strongly you dislike it. Sometimes the best response is simply to remove yourself from the unpleasant situation
"For some reason, that behavior is so disturbing for some reason.",disgust,It sounds like what you saw really unsettled you. You’re allowed to recognize that it crossed your personal boundaries
"Honestly, i’m tired of being treated this way this morning.",anger,Being treated unfairly can build a lot of anger. It may help to separate what happened from what you want to happen next
I’m nervous tonight.,fear,Waiting for an answer can be frightening. You can take the moment one piece at a time instead of carrying the whole uncertainty at once
"Honestly, ugh, that was nasty today.",disgust,Sounds like a seriously unpleasant experience. Give yourself a little space from it
"Right now, i’m fed up with this today.",anger,It sounds like you’ve reached your limit. You deserve a moment to step back and breathe before deciding what to do next
"Honestly, everything feels uncertain after everything that happened.",fear,Uncertainty can make even ordinary decisions feel harder. Focus on the next clear choice rather than solving everything at once
"Lately, i can’t stand the smell lately.",disgust,"Strong unpleasant smells can be overwhelming. If you can, move somewhere with fresher air and give yourself a reset You can take it one moment at a time"
"Lately, i’m disappointed and sad honestly.",sadness,That combination can weigh heavily. It’s okay to recognize both the disappointment and the sadness You can take it one moment at a time
"Honestly, why does this keep happening tonight.",anger,Repeated problems can wear down your patience. It’s understandable to feel angry when the same issue keeps returning
I have a bad feeling tonight.,fear,That uneasy feeling can be unsettling. Take a slow breath and give yourself a moment to separate the feeling from the facts you know
"Lately, i’m tired of being treated this way honestly.",anger,Being treated unfairly can build a lot of anger. It may help to separate what happened from what you want to happen next You can take it one moment at a time
"Honestly, i’m shocked by the news lately.",surprise,It makes sense to need a moment after surprising news. You don’t have to react immediately
I can't stop smiling after everything that happened.,joy,That smile says a lot. I hope you get to soak up this good feeling
Absolutely unpleasant this morning.,disgust,Sounds like a seriously unpleasant experience. Give yourself a little space from it There’s no need to rush your response
I’m really hurting more than usual.,sadness,I’m sorry you’re going through a rough patch. You don’t have to solve everything at once There’s no need to rush your response
I guess can we talk about my day at the moment.,neutral,Absolutely. Tell me whatever part of your day you want to share There’s no need to rush your response
I’m having a rough time today.,sadness,I’m sorry you’re going through a rough patch. You don’t have to solve everything at once
"Right now, this makes me furious lately.",anger,I hear how strong the anger is. You can validate that feeling while still choosing a response you’ll feel good about later
That was absolutely revolting today.,disgust,That sounds deeply unpleasant. You don’t have to stay around something that makes you feel that uncomfortable
I guess i’m annoyed beyond words tonight.,anger,That sounds like a lot of irritation building up. A short break may help you sort out what specifically crossed the line There’s no need to rush your response
"For some reason, i never imagined this would happen tonight.",surprise,That kind of unexpected turn can leave you searching for words. Give yourself space to take it in
I feel lonely even around people for some reason.,sadness,Feeling alone while surrounded by others can be especially painful. It may help to name what kind of connection you’re missing
I just want to cry honestly.,sadness,Sometimes tears are simply a way of letting emotion out. You can give yourself a quiet moment
"Honestly, I feel fantastic at the moment.",joy,I’m glad you’re having such a positive moment. Let yourself enjoy it without overthinking it
"Lately, everything feels uncertain after everything that happened.",fear,Uncertainty can make even ordinary decisions feel harder. Focus on the next clear choice rather than solving everything at once You can take it one moment at a time
"Whoa, seriously lately.",surprise,That definitely sounds unexpected. Sometimes a little pause helps the surprise settle
"For some reason, things are finally going my way this morning.",joy,It’s great to hear that things are clicking into place. Take a moment to appreciate the progress
"Honestly, i’m not sure what I’m feeling after everything that happened.",neutral,That’s okay. You don’t need to label everything immediately; we can explore it together
"For some reason, this is seriously frustrating at the moment.",anger,I can understand why that would feel frustrating. A little space before responding may help you regain control
"Lately, i can’t believe they did that today.",anger,It sounds like their action really crossed a boundary for you. Taking a breath before reacting could give you more options You can take it one moment at a time
"Lately, what if everything goes wrong lately.",fear,That kind of what-if thinking can feel overwhelming. Gently return to what you know right now rather than every possible outcome You can take it one moment at a time
"Honestly, i’m disgusted by what happened tonight.",disgust,Your reaction sounds strong and understandable given what you encountered. Creating some distance may help
I never imagined this would happen honestly.,surprise,That kind of unexpected turn can leave you searching for words. Give yourself space to take it in
I guess i have a bad feeling today.,fear,That uneasy feeling can be unsettling. Take a slow breath and give yourself a moment to separate the feeling from the facts you know There’s no need to rush your response
I’m having a rough time this morning.,sadness,I’m sorry you’re going through a rough patch. You don’t have to solve everything at once
"Right now, this makes me furious today.",anger,I hear how strong the anger is. You can validate that feeling while still choosing a response you’ll feel good about later
What a surprise for some reason.,surprise,Unexpected moments can take a second to process. What part surprised you most?
My mind won’t stop worrying today.,fear,"When worries keep looping, it can help to pause and notice what is actually happening in the present moment"
"Right now, i’m trying to understand myself better lately.",neutral,That sounds like a worthwhile goal. We can look at what you’ve been noticing without rushing to conclusions
"For some reason, this makes me furious this morning.",anger,I hear how strong the anger is. You can validate that feeling while still choosing a response you’ll feel good about later
What a good day honestly.,joy,That smile says a lot. I hope you get to soak up this good feeling
Everything feels uncertain today.,fear,Uncertainty can make even ordinary decisions feel harder. Focus on the next clear choice rather than solving everything at once
"Lately, why does this keep happening lately.",anger,Repeated problems can wear down your patience. It’s understandable to feel angry when the same issue keeps returning You can take it one moment at a time
I feel lonely even around people more than usual.,sadness,Feeling alone while surrounded by others can be especially painful. It may help to name what kind of connection you’re missing
I have a question at the moment.,neutral,"Sure, go ahead. I’ll do my best to help you work through it"
"Lately, just thinking things over more than usual.",neutral,Taking time to think can be useful. What’s been occupying your thoughts? You can take it one moment at a time
"Honestly, seriously? I’m stunned at the moment.",surprise,You sound genuinely surprised. Take a breath and give yourself time to process the new information
"Right now, i have a bad feeling today.",fear,That uneasy feeling can be unsettling. Take a slow breath and give yourself a moment to separate the feeling from the facts you know
Nothing much lately.,neutral,Sounds like a fairly ordinary day. Is there anything on your mind?
"Honestly, i can’t believe it honestly.",surprise,That sounds like a big surprise. Let yourself absorb the moment before deciding what it means
I guess i’m disgusted by what happened this morning.,disgust,Your reaction sounds strong and understandable given what you encountered. Creating some distance may help There’s no need to rush your response
I guess i feel really down today.,sadness,I’m sorry today feels heavy. You don’t have to force yourself to feel better immediately There’s no need to rush your response
"Lately, i’m annoyed beyond words today.",anger,That sounds like a lot of irritation building up. A short break may help you sort out what specifically crossed the line You can take it one moment at a time
"Ugh, that was nasty.",disgust,Sounds like a seriously unpleasant experience. Give yourself a little space from it
"Right now, i’m afraid to find out today.",fear,Waiting for an answer can be frightening. You can take the moment one piece at a time instead of carrying the whole uncertainty at once
"Lately, i’m not sure what I’m feeling.",neutral,That’s okay. You don’t need to label everything immediately; we can explore it together You can take it one moment at a time
"Right now, that is just gross for some reason.",disgust,I hear how strongly you dislike it. Sometimes the best response is simply to remove yourself from the unpleasant situation
I guess this is seriously frustrating after everything that happened.,anger,I can understand why that would feel frustrating. A little space before responding may help you regain control There’s no need to rush your response
"Honestly, i’m trying to understand myself better.",neutral,That sounds like a worthwhile goal. We can look at what you’ve been noticing without rushing to conclusions
"Honestly, why does this keep happening at the moment.",anger,Repeated problems can wear down your patience. It’s understandable to feel angry when the same issue keeps returning
"Right now, i have a bad feeling this morning.",fear,That uneasy feeling can be unsettling. Take a slow breath and give yourself a moment to separate the feeling from the facts you know
I’m stunned lately.,surprise,Sounds like the situation changed quickly. Take some time to process what happened You can take it one moment at a time
"Right now, i had such a good day.",joy,I’m happy your day treated you well. Those ordinary good days are worth noticing
"Right now, i can't stop smiling tonight.",joy,That smile says a lot. I hope you get to soak up this good feeling
"Honestly, got some amazing news honestly.",joy,Wonderful news can brighten everything. What part of it feels best to you?
I guess this made my whole day this morning.,joy,It sounds like that moment really lifted you. Hold onto what made it meaningful There’s no need to rush your response
"Right now, i’m nervous about meeting them honestly.",fear,It’s understandable to feel nervous before an important interaction. You can prepare for what you can control and let the rest unfold
"Lately, nothing much is happening today and I’m trying to process it.",neutral,Sounds like a fairly ordinary day. Is there anything on your mind? You can take it one moment at a time
"Lately, i’m trying to understand myself better today.",neutral,That sounds like a worthwhile goal. We can look at what you’ve been noticing without rushing to conclusions You can take it one moment at a time
I’m really hurting today.,sadness,I’m sorry you’re going through a rough patch. You don’t have to solve everything at once There’s no need to rush your response
Everything feels uncertain lately.,fear,Uncertainty can make even ordinary decisions feel harder. Focus on the next clear choice rather than solving everything at once
"Lately, seriously? I’m stunned tonight.",surprise,You sound genuinely surprised. Take a breath and give yourself time to process the new information You can take it one moment at a time
Got some amazing news more than usual.,joy,Wonderful news can brighten everything. What part of it feels best to you?
"For some reason, i have a question lately.",neutral,"Sure, go ahead. I’ll do my best to help you work through it"
"Honestly, ugh, that was nasty for some reason.",disgust,Sounds like a seriously unpleasant experience. Give yourself a little space from it
I guess i keep thinking about what I lost at the moment.,sadness,It makes sense that a loss can keep returning to your thoughts. You can acknowledge the sadness without judging yourself for it There’s no need to rush your response
I guess i’m fed up with this honestly.,anger,It sounds like you’ve reached your limit. You deserve a moment to step back and breathe before deciding what to do next There’s no need to rush your response
"For some reason, i hate seeing things like that this morning.",disgust,It makes sense that something so unpleasant would bother you. You can choose some distance from it when possible
"For some reason, honestly, I feel fantastic.",joy,I’m glad you’re having such a positive moment. Let yourself enjoy it without overthinking it
"For some reason, i have a bad feeling tonight.",fear,That uneasy feeling can be unsettling. Take a slow breath and give yourself a moment to separate the feeling from the facts you know
"Lately, i’m disgusted by what happened tonight.",disgust,Your reaction sounds strong and understandable given what you encountered. Creating some distance may help You can take it one moment at a time
"Right now, i’m deeply uncomfortable with this this morning.",disgust,"Your discomfort matters. You can pause, create some distance, and decide what boundary feels right"
That was absolutely revolting more than usual.,disgust,That sounds deeply unpleasant. You don’t have to stay around something that makes you feel that uncomfortable
I guess i’m shocked by the news today.,surprise,It makes sense to need a moment after surprising news. You don’t have to react immediately There’s no need to rush your response
"For some reason, i can’t believe it at the moment.",surprise,That sounds like a big surprise. Let yourself absorb the moment before deciding what it means
"Lately, they completely ignored me today.",anger,"Being ignored can feel deeply disrespectful. Your frustration makes sense, and you can decide how you want to address it calmly You can take it one moment at a time"
"For some reason, i miss how things used to be this morning.",sadness,"Missing the past can hurt, especially when it carries meaningful memories. It’s okay to acknowledge that feeling"
"Right now, that is just gross.",disgust,I hear how strongly you dislike it. Sometimes the best response is simply to remove yourself from the unpleasant situation
Seriously? I’m stunned this morning.,surprise,You sound genuinely surprised. Take a breath and give yourself time to process the new information
"Right now, i’m just checking in.",neutral,I’m here with you. What would you like to talk about?
I guess i just want to cry this morning.,sadness,Sometimes tears are simply a way of letting emotion out. You can give yourself a quiet moment There’s no need to rush your response
Today feels special today.,joy,There’s something refreshing about a day that feels special. Enjoy it at your own pace
Nothing much honestly.,neutral,Taking time to think can be useful. What’s been occupying your thoughts? There’s no need to rush your response
Just thinking things over this morning.,neutral,Taking time to think can be useful. What’s been occupying your thoughts?
"Right now, can we talk about my day?",neutral,Absolutely. Tell me whatever part of your day you want to share
I guess i’m not sure what I’m feeling after everything that happened.,neutral,That’s okay. You don’t need to label everything immediately; we can explore it together There’s no need to rush your response
I guess i want to yell honestly.,anger,That urge can be intense. Giving yourself a pause can create room to express what’s wrong without escalating things There’s no need to rush your response
Absolutely unpleasant.,disgust,Your reaction sounds strong and understandable given what you encountered. Creating some distance may help
"Lately, i’m fed up with this and I’m trying to process it.",anger,It sounds like you’ve reached your limit. You deserve a moment to step back and breathe before deciding what to do next You can take it one moment at a time
Absolutely unpleasant.,disgust,Sounds like a seriously unpleasant experience. Give yourself a little space from it There’s no need to rush your response
This feels frightening for some reason.,fear,That kind of what-if thinking can feel overwhelming. Gently return to what you know right now rather than every possible outcome
"Honestly, i can’t believe it more than usual.",surprise,That sounds like a big surprise. Let yourself absorb the moment before deciding what it means
I want to yell this morning.,anger,That urge can be intense. Giving yourself a pause can create room to express what’s wrong without escalating things
"For some reason, today feels special.",joy,There’s something refreshing about a day that feels special. Enjoy it at your own pace
"Lately, i’m feeling really happy today after everything that happened.",joy,That happiness sounds lovely. Give yourself permission to enjoy this moment You can take it one moment at a time
"Lately, i’m proud of myself tonight.",joy,You have every reason to pause and recognize what you accomplished You can take it one moment at a time
"Lately, that really grosses me out lately.",disgust,It sounds like that crossed a strong comfort boundary for you. It’s okay to step away from what feels unpleasant You can take it one moment at a time
I’m panicking a little for some reason.,fear,"That sounds intense. Try grounding yourself in what you can see, hear, and feel right now, one detail at a time"
Feeling low at the moment.,sadness,It sounds like things feel unusually flat right now. Taking the day slowly may be kinder than demanding too much from yourself You can take it one moment at a time
"Honestly, i’m tired of being treated this way lately.",anger,Being treated unfairly can build a lot of anger. It may help to separate what happened from what you want to happen next
Today feels heavy.,sadness,Sometimes tears are simply a way of letting emotion out. You can give yourself a quiet moment
"Lately, i’m afraid to find out lately.",fear,Waiting for an answer can be frightening. You can take the moment one piece at a time instead of carrying the whole uncertainty at once You can take it one moment at a time
"For some reason, today just hurts this morning.",sadness,"I hear how painful today feels. For now, being gentle with yourself is enough"
"Honestly, i’m not sure what I’m feeling more than usual.",neutral,That’s okay. You don’t need to label everything immediately; we can explore it together
"For some reason, i can’t believe it!",surprise,That sounds like a big surprise. Let yourself absorb the moment before deciding what it means
"Right now, i’m feeling really happy today after everything that happened.",joy,That happiness sounds lovely. Give yourself permission to enjoy this moment
So happy right now for some reason.,joy,It’s great to hear that things are clicking into place. Take a moment to appreciate the progress
"Right now, why does this keep happening honestly.",anger,Repeated problems can wear down your patience. It’s understandable to feel angry when the same issue keeps returning
I’m excited about what’s next today.,joy,That excitement can be a great source of energy. Let it carry you forward one step at a time
"Lately, things are finally going my way more than usual.",joy,It’s great to hear that things are clicking into place. Take a moment to appreciate the progress You can take it one moment at a time
"Right now, my mind won’t stop worrying lately.",fear,"When worries keep looping, it can help to pause and notice what is actually happening in the present moment"
"Right now, i feel really down today at the moment.",sadness,I’m sorry today feels heavy. You don’t have to force yourself to feel better immediately
"For some reason, that was completely unexpected more than usual.",surprise,Sounds like the situation changed quickly. Take some time to process what happened
"Lately, i feel really down today after everything that happened.",sadness,I’m sorry today feels heavy. You don’t have to force yourself to feel better immediately You can take it one moment at a time
"Honestly, i’m just checking in today.",neutral,I’m here with you. What would you like to talk about?
This makes me furious honestly.,anger,I hear how strong the anger is. You can validate that feeling while still choosing a response you’ll feel good about later
"Right now, today was pretty normal for some reason.",neutral,"Sometimes a normal day is simply a normal day. What stood out, if anything?"
"Lately, that is just gross today.",disgust,I hear how strongly you dislike it. Sometimes the best response is simply to remove yourself from the unpleasant situation You can take it one moment at a time
"For some reason, i’m deeply uncomfortable with this honestly.",disgust,"Your discomfort matters. You can pause, create some distance, and decide what boundary feels right"
I guess i feel really down today today.,sadness,I’m sorry today feels heavy. You don’t have to force yourself to feel better immediately There’s no need to rush your response
I guess i miss how things used to be more than usual.,sadness,"Missing the past can hurt, especially when it carries meaningful memories. It’s okay to acknowledge that feeling There’s no need to rush your response"
"Lately, today just hurts at the moment.",sadness,"I hear how painful today feels. For now, being gentle with yourself is enough You can take it one moment at a time"
"Right now, i’m having a rough time at the moment.",sadness,I’m sorry you’re going through a rough patch. You don’t have to solve everything at once
"For some reason, i can’t believe it honestly.",surprise,That sounds like a big surprise. Let yourself absorb the moment before deciding what it means
I guess i’m just checking in after everything that happened.,neutral,I’m here with you. What would you like to talk about? There’s no need to rush your response
"Honestly, i’m deeply uncomfortable with this after everything that happened.",disgust,"Your discomfort matters. You can pause, create some distance, and decide what boundary feels right"
"For some reason, that really grosses me out honestly.",disgust,It sounds like that crossed a strong comfort boundary for you. It’s okay to step away from what feels unpleasant
I’m furious this morning.,anger,That urge can be intense. Giving yourself a pause can create room to express what’s wrong without escalating things You can take it one moment at a time
"Lately, this makes me furious after everything that happened.",anger,I hear how strong the anger is. You can validate that feeling while still choosing a response you’ll feel good about later You can take it one moment at a time
I had such a good day today.,joy,I’m happy your day treated you well. Those ordinary good days are worth noticing
"For some reason, this made my whole day at the moment.",joy,It sounds like that moment really lifted you. Hold onto what made it meaningful
"Lately, today just hurts this morning.",sadness,"I hear how painful today feels. For now, being gentle with yourself is enough You can take it one moment at a time"
"For some reason, things are finally going my way more than usual.",joy,It’s great to hear that things are clicking into place. Take a moment to appreciate the progress
"For some reason, i don’t really know what to say lately.",neutral,"That’s completely fine. You can start with whatever feels easiest, even if it’s just one sentence"
"Lately, i’m annoyed beyond words tonight.",anger,That sounds like a lot of irritation building up. A short break may help you sort out what specifically crossed the line You can take it one moment at a time
I’m panicking a little tonight.,fear,"That sounds intense. Try grounding yourself in what you can see, hear, and feel right now, one detail at a time"
"For some reason, i’m having a rough time more than usual.",sadness,I’m sorry you’re going through a rough patch. You don’t have to solve everything at once
"For some reason, i’m just checking in honestly.",neutral,I’m here with you. What would you like to talk about?
"Right now, i’m afraid to find out tonight.",fear,Waiting for an answer can be frightening. You can take the moment one piece at a time instead of carrying the whole uncertainty at once
"Honestly, got some amazing news lately.",joy,Wonderful news can brighten everything. What part of it feels best to you?
"For some reason, i’m afraid I’ll mess this up for some reason.",fear,Fear of making mistakes can put a lot of pressure on you. Remember that one imperfect moment does not define the whole experience
"Lately, i just want to cry more than usual.",sadness,Sometimes tears are simply a way of letting emotion out. You can give yourself a quiet moment You can take it one moment at a time
"For some reason, i feel really anxious about this tonight.",fear,"It sounds like this situation has your mind on high alert. Try narrowing your attention to the next small, manageable step"
"Honestly, i can’t believe it today.",surprise,That sounds like a big surprise. Let yourself absorb the moment before deciding what it means
"Honestly, i feel sickened by this for some reason.",disgust,That reaction shows how strongly the situation affected you. Stepping back can help you regain some comfort
"Right now, i can’t believe it for some reason.",surprise,That sounds like a big surprise. Let yourself absorb the moment before deciding what it means
"Lately, i feel sickened by this tonight.",disgust,That reaction shows how strongly the situation affected you. Stepping back can help you regain some comfort You can take it one moment at a time
"Honestly, i can’t believe it this morning.",surprise,That sounds like a big surprise. Let yourself absorb the moment before deciding what it means
"Lately, i hate seeing things like that for some reason.",disgust,It makes sense that something so unpleasant would bother you. You can choose some distance from it when possible You can take it one moment at a time
I guess got some amazing news for some reason.,joy,Wonderful news can brighten everything. What part of it feels best to you? There’s no need to rush your response
Nothing feels exciting anymore tonight.,sadness,It sounds like things feel unusually flat right now. Taking the day slowly may be kinder than demanding too much from yourself
"For some reason, what if everything goes wrong lately.",fear,That kind of what-if thinking can feel overwhelming. Gently return to what you know right now rather than every possible outcome
I can't stop smiling lately.,joy,That smile says a lot. I hope you get to soak up this good feeling
"Honestly, i’m trying to understand myself better for some reason.",neutral,That sounds like a worthwhile goal. We can look at what you’ve been noticing without rushing to conclusions
What a surprise honestly.,surprise,Unexpected moments can take a second to process. What part surprised you most?
I guess i’m fed up with this.,anger,It sounds like you’ve reached your limit. You deserve a moment to step back and breathe before deciding what to do next There’s no need to rush your response
Feeling great.,joy,That happiness sounds lovely. Give yourself permission to enjoy this moment
"For some reason, nothing feels exciting anymore honestly.",sadness,It sounds like things feel unusually flat right now. Taking the day slowly may be kinder than demanding too much from yourself
I’m having a rough time after everything that happened.,sadness,I’m sorry you’re going through a rough patch. You don’t have to solve everything at once
"For some reason, i can't stop smiling honestly.",joy,That smile says a lot. I hope you get to soak up this good feeling
Seriously? I’m stunned more than usual.,surprise,You sound genuinely surprised. Take a breath and give yourself time to process the new information
"Lately, ugh, that was nasty today.",disgust,Sounds like a seriously unpleasant experience. Give yourself a little space from it You can take it one moment at a time
"Honestly, things are finally going my way more than usual.",joy,It’s great to hear that things are clicking into place. Take a moment to appreciate the progress
I’m furious.,anger,It sounds like something really pushed your limits. You can acknowledge the anger without letting it choose your next move
"Lately, i’m excited about what’s next lately.",joy,That excitement can be a great source of energy. Let it carry you forward one step at a time You can take it one moment at a time
"Honestly, i’m afraid to find out honestly.",fear,Waiting for an answer can be frightening. You can take the moment one piece at a time instead of carrying the whole uncertainty at once
I’m shocked by the news more than usual.,surprise,It makes sense to need a moment after surprising news. You don’t have to react immediately
"Lately, wait, that actually happened more than usual.",surprise,That sounds like quite a surprise. Give yourself a moment to take it in You can take it one moment at a time
I’m disappointed and sad lately.,sadness,That combination can weigh heavily. It’s okay to recognize both the disappointment and the sadness
"Lately, that is just gross at the moment.",disgust,I hear how strongly you dislike it. Sometimes the best response is simply to remove yourself from the unpleasant situation You can take it one moment at a time
That is just gross at the moment.,disgust,I hear how strongly you dislike it. Sometimes the best response is simply to remove yourself from the unpleasant situation
I guess i have a bad feeling more than usual.,fear,That uneasy feeling can be unsettling. Take a slow breath and give yourself a moment to separate the feeling from the facts you know There’s no need to rush your response
I have a bad feeling lately.,fear,That uneasy feeling can be unsettling. Take a slow breath and give yourself a moment to separate the feeling from the facts you know
"Right now, today was pretty normal this morning.",neutral,"Sometimes a normal day is simply a normal day. What stood out, if anything?"
Feeling great at the moment.,joy,That happiness sounds lovely. Give yourself permission to enjoy this moment
"For some reason, that really grosses me out for some reason.",disgust,It sounds like that crossed a strong comfort boundary for you. It’s okay to step away from what feels unpleasant
I’m scared at the moment.,fear,"When worries keep looping, it can help to pause and notice what is actually happening in the present moment You can take it one moment at a time"
"Honestly, I feel fantastic tonight.",joy,I’m glad you’re having such a positive moment. Let yourself enjoy it without overthinking it
I guess i’m shocked by the news.,surprise,It makes sense to need a moment after surprising news. You don’t have to react immediately There’s no need to rush your response
I guess that was completely unexpected for some reason.,surprise,Sounds like the situation changed quickly. Take some time to process what happened There’s no need to rush your response
"Lately, whoa, seriously tonight.",surprise,That definitely sounds unexpected. Sometimes a little pause helps the surprise settle You can take it one moment at a time
I guess i’m feeling really happy today at the moment.,joy,That happiness sounds lovely. Give yourself permission to enjoy this moment There’s no need to rush your response
"Right now, i just want to cry today.",sadness,Sometimes tears are simply a way of letting emotion out. You can give yourself a quiet moment
I can’t stand the smell lately.,disgust,"Strong unpleasant smells can be overwhelming. If you can, move somewhere with fresher air and give yourself a reset"
"Right now, i can't stop smiling for some reason.",joy,That smile says a lot. I hope you get to soak up this good feeling
"For some reason, i wanted to talk for a bit today.",neutral,Of course. We can take the conversation wherever you’d like
"For some reason, i don’t really know what to say today.",neutral,"That’s completely fine. You can start with whatever feels easiest, even if it’s just one sentence"
"For some reason, i’m trying to understand myself better lately.",neutral,That sounds like a worthwhile goal. We can look at what you’ve been noticing without rushing to conclusions
Everything feels a little empty at the moment.,sadness,That emptiness can be difficult to sit with. Be gentle with yourself while you move through it
"Right now, that was absolutely revolting after everything that happened.",disgust,That sounds deeply unpleasant. You don’t have to stay around something that makes you feel that uncomfortable
I’m proud of myself lately.,joy,You have every reason to pause and recognize what you accomplished
"Honestly, i don’t really know what to say for some reason.",neutral,"That’s completely fine. You can start with whatever feels easiest, even if it’s just one sentence"
"Lately, i’m having a rough time this morning.",sadness,I’m sorry you’re going through a rough patch. You don’t have to solve everything at once You can take it one moment at a time
"Lately, i can't stop smiling.",joy,That smile says a lot. I hope you get to soak up this good feeling You can take it one moment at a time.
"Honestly, this is seriously frustrating tonight.",anger,I can understand why that would feel frustrating. A little space before responding may help you regain control
I’m really mad after everything that happened.,anger,It sounds like you’ve reached your limit. You deserve a moment to step back and breathe before deciding what to do next
"Honestly, i’m feeling really happy today this morning.",joy,That happiness sounds lovely. Give yourself permission to enjoy this moment
"Lately, i had such a good day this morning.",joy,I’m happy your day treated you well. Those ordinary good days are worth noticing You can take it one moment at a time
I guess why does this keep happening after everything that happened.,anger,Repeated problems can wear down your patience. It’s understandable to feel angry when the same issue keeps returning There’s no need to rush your response
"For some reason, i’m deeply uncomfortable with this for some reason.",disgust,"Your discomfort matters. You can pause, create some distance, and decide what boundary feels right"
"For some reason, i feel really down today at the moment.",sadness,I’m sorry today feels heavy. You don’t have to force yourself to feel better immediately
"Honestly, today was pretty normal tonight.",neutral,"Sometimes a normal day is simply a normal day. What stood out, if anything?"
"For some reason, i’m feeling really happy today for some reason.",joy,That happiness sounds lovely. Give yourself permission to enjoy this moment
"Honestly, today was pretty normal after everything that happened.",neutral,"Sometimes a normal day is simply a normal day. What stood out, if anything?"
Nothing feels exciting anymore for some reason.,sadness,It sounds like things feel unusually flat right now. Taking the day slowly may be kinder than demanding too much from yourself
"Lately, i’m so angry right now more than usual.",anger,It sounds like something really pushed your limits. You can acknowledge the anger without letting it choose your next move You can take it one moment at a time
"For some reason, nothing much is happening today at the moment.",neutral,Sounds like a fairly ordinary day. Is there anything on your mind?
"For some reason, i can't stop smiling tonight.",joy,That smile says a lot. I hope you get to soak up this good feeling
Did not expect that after everything that happened.,surprise,That definitely sounds unexpected. Sometimes a little pause helps the surprise settle
"Honestly, everything feels a little empty today.",sadness,That emptiness can be difficult to sit with. Be gentle with yourself while you move through it
"Right now, i’m nervous about meeting them this morning.",fear,It’s understandable to feel nervous before an important interaction. You can prepare for what you can control and let the rest unfold
"Right now, i’m shocked by the news lately.",surprise,It makes sense to need a moment after surprising news. You don’t have to react immediately
"Honestly, i’m not sure what I’m feeling for some reason.",neutral,That’s okay. You don’t need to label everything immediately; we can explore it together
Got some amazing news today.,joy,Wonderful news can brighten everything. What part of it feels best to you?
"Lately, whoa, seriously today.",surprise,That definitely sounds unexpected. Sometimes a little pause helps the surprise settle You can take it one moment at a time
I feel really anxious about this.,fear,"It sounds like this situation has your mind on high alert. Try narrowing your attention to the next small, manageable step"
"For some reason, i feel lonely even around people after everything that happened.",sadness,Feeling alone while surrounded by others can be especially painful. It may help to name what kind of connection you’re missing
"Honestly, they completely ignored me at the moment.",anger,"Being ignored can feel deeply disrespectful. Your frustration makes sense, and you can decide how you want to address it calmly"
"Honestly, everything feels uncertain this morning.",fear,Uncertainty can make even ordinary decisions feel harder. Focus on the next clear choice rather than solving everything at once
That’s gross today.,disgust,It sounds like what you saw really unsettled you. You’re allowed to recognize that it crossed your personal boundaries You can take it one moment at a time
"Honestly, i’m tired of being treated this way today.",anger,Being treated unfairly can build a lot of anger. It may help to separate what happened from what you want to happen next
"Right now, i’m disappointed and sad.",sadness,That combination can weigh heavily. It’s okay to recognize both the disappointment and the sadness
"Right now, everything feels uncertain lately.",fear,Uncertainty can make even ordinary decisions feel harder. Focus on the next clear choice rather than solving everything at once
I guess i have a bad feeling this morning.,fear,That uneasy feeling can be unsettling. Take a slow breath and give yourself a moment to separate the feeling from the facts you know There’s no need to rush your response
"Right now, can we talk about my day honestly.",neutral,Absolutely. Tell me whatever part of your day you want to share
I’m tired of being treated this way this morning.,anger,Being treated unfairly can build a lot of anger. It may help to separate what happened from what you want to happen next
"Honestly, i’m trying to understand myself better honestly.",neutral,That sounds like a worthwhile goal. We can look at what you’ve been noticing without rushing to conclusions
"Honestly, i’m panicking a little for some reason.",fear,"That sounds intense. Try grounding yourself in what you can see, hear, and feel right now, one detail at a time"
"Lately, i’m proud of myself today.",joy,You have every reason to pause and recognize what you accomplished You can take it one moment at a time
"Right now, i’m just checking in honestly.",neutral,I’m here with you. What would you like to talk about?
"For some reason, i’m panicking a little honestly.",fear,"That sounds intense. Try grounding yourself in what you can see, hear, and feel right now, one detail at a time"
"Lately, i feel sickened by this more than usual.",disgust,That reaction shows how strongly the situation affected you. Stepping back can help you regain some comfort You can take it one moment at a time
"For some reason, that was completely unexpected at the moment.",surprise,Sounds like the situation changed quickly. Take some time to process what happened
I guess my mind won’t stop worrying honestly.,fear,"When worries keep looping, it can help to pause and notice what is actually happening in the present moment There’s no need to rush your response"
"Right now, i’m shocked by the news at the moment.",surprise,It makes sense to need a moment after surprising news. You don’t have to react immediately
"Lately, got some amazing news tonight.",joy,Wonderful news can brighten everything. What part of it feels best to you? You can take it one moment at a time
"Honestly, i’m deeply uncomfortable with this this morning.",disgust,"Your discomfort matters. You can pause, create some distance, and decide what boundary feels right"
I’m scared today.,fear,"Uncertainty can make tomorrow feel much bigger than it is. For now, focus on what you can handle today"
"For some reason, i feel really down today lately.",sadness,I’m sorry today feels heavy. You don’t have to force yourself to feel better immediately
I’m shocked by the news at the moment.,surprise,It makes sense to need a moment after surprising news. You don’t have to react immediately
"Right now, i miss how things used to be this morning.",sadness,"Missing the past can hurt, especially when it carries meaningful memories. It’s okay to acknowledge that feeling"
"Right now, i’m panicking a little for some reason.",fear,"That sounds intense. Try grounding yourself in what you can see, hear, and feel right now, one detail at a time"
"Right now, honestly, I feel fantastic at the moment.",joy,I’m glad you’re having such a positive moment. Let yourself enjoy it without overthinking it
Really worried.,fear,It’s understandable to feel nervous before an important interaction. You can prepare for what you can control and let the rest unfold There’s no need to rush your response
"For some reason, they completely ignored me at the moment.",anger,"Being ignored can feel deeply disrespectful. Your frustration makes sense, and you can decide how you want to address it calmly"
"Right now, i feel sickened by this after everything that happened.",disgust,That reaction shows how strongly the situation affected you. Stepping back can help you regain some comfort
"Right now, i just want to cry more than usual.",sadness,Sometimes tears are simply a way of letting emotion out. You can give yourself a quiet moment
"Honestly, that really grosses me out lately.",disgust,It sounds like that crossed a strong comfort boundary for you. It’s okay to step away from what feels unpleasant
"For some reason, i’m having a rough time this morning.",sadness,I’m sorry you’re going through a rough patch. You don’t have to solve everything at once
"Honestly, i can’t believe it after everything that happened.",surprise,That sounds like a big surprise. Let yourself absorb the moment before deciding what it means
"Honestly, this makes me furious lately.",anger,I hear how strong the anger is. You can validate that feeling while still choosing a response you’ll feel good about later
"Right now, i feel lonely even around people this morning.",sadness,Feeling alone while surrounded by others can be especially painful. It may help to name what kind of connection you’re missing
"Lately, i wanted to talk for a bit tonight.",neutral,Of course. We can take the conversation wherever you’d like You can take it one moment at a time
"Honestly, i want to yell today.",anger,That urge can be intense. Giving yourself a pause can create room to express what’s wrong without escalating things
"Lately, this came out of nowhere after everything that happened.",surprise,Sudden changes can be startling. A little pause can help you figure out how you feel about it You can take it one moment at a time
"Honestly, i want to yell lately.",anger,That urge can be intense. Giving yourself a pause can create room to express what’s wrong without escalating things
"Honestly, i’m feeling really happy today tonight.",joy,That happiness sounds lovely. Give yourself permission to enjoy this moment
Really worried this morning.,fear,"It sounds like this situation has your mind on high alert. Try narrowing your attention to the next small, manageable step"
"I guess wait, that actually happened lately.",surprise,That sounds like quite a surprise. Give yourself a moment to take it in There’s no need to rush your response
"Lately, got some amazing news for some reason.",joy,Wonderful news can brighten everything. What part of it feels best to you? You can take it one moment at a time
"Honestly, I feel fantastic lately.",joy,I’m glad you’re having such a positive moment. Let yourself enjoy it without overthinking it
"Right now, i had such a good day today.",joy,I’m happy your day treated you well. Those ordinary good days are worth noticing
"Lately, i wanted to talk for a bit.",neutral,Of course. We can take the conversation wherever you’d like You can take it one moment at a time
Really worried tonight.,fear,"It sounds like this situation has your mind on high alert. Try narrowing your attention to the next small, manageable step"
"For some reason, i feel lonely even around people at the moment.",sadness,Feeling alone while surrounded by others can be especially painful. It may help to name what kind of connection you’re missing
That behavior is so disturbing today.,disgust,It sounds like what you saw really unsettled you. You’re allowed to recognize that it crossed your personal boundaries
"Honestly, this makes me furious tonight.",anger,I hear how strong the anger is. You can validate that feeling while still choosing a response you’ll feel good about later
"Right now, this made my whole day this morning.",joy,It sounds like that moment really lifted you. Hold onto what made it meaningful
"Right now, got some amazing news today.",joy,Wonderful news can brighten everything. What part of it feels best to you?
Today feels special after everything that happened.,joy,There’s something refreshing about a day that feels special. Enjoy it at your own pace
I’m really mad at the moment.,anger,It sounds like you’ve reached your limit. You deserve a moment to step back and breathe before deciding what to do next
"Ugh, disgusting at the moment.",disgust,"Strong unpleasant smells can be overwhelming. If you can, move somewhere with fresher air and give yourself a reset"
"Honestly, ugh, that was nasty lately.",disgust,Sounds like a seriously unpleasant experience. Give yourself a little space from it
"For some reason, what if everything goes wrong tonight.",fear,That kind of what-if thinking can feel overwhelming. Gently return to what you know right now rather than every possible outcome
"Lately, i’m nervous about meeting them honestly.",fear,It’s understandable to feel nervous before an important interaction. You can prepare for what you can control and let the rest unfold You can take it one moment at a time
"Honestly, this came out of nowhere lately.",surprise,Sudden changes can be startling. A little pause can help you figure out how you feel about it
"Right now, i’m not sure what I’m feeling this morning.",neutral,That’s okay. You don’t need to label everything immediately; we can explore it together
"Right now, this came out of nowhere today.",surprise,Sudden changes can be startling. A little pause can help you figure out how you feel about it
"Lately, i hate seeing things like that lately.",disgust,It makes sense that something so unpleasant would bother you. You can choose some distance from it when possible You can take it one moment at a time
"Right now, i’m fed up with this this morning.",anger,It sounds like you’ve reached your limit. You deserve a moment to step back and breathe before deciding what to do next
"Lately, honestly, I feel fantastic this morning.",joy,I’m glad you’re having such a positive moment. Let yourself enjoy it without overthinking it You can take it one moment at a time
"Lately, well, that’s new.",surprise,Something clearly caught you off guard. It’s okay to simply observe your reaction for a moment You can take it one moment at a time
I’m scared at the moment.,fear,"Uncertainty can make tomorrow feel much bigger than it is. For now, focus on what you can handle today"
"Right now, i’m afraid to find out this morning.",fear,Waiting for an answer can be frightening. You can take the moment one piece at a time instead of carrying the whole uncertainty at once
I guess i can't stop smiling honestly.,joy,That smile says a lot. I hope you get to soak up this good feeling There’s no need to rush your response
I guess i can't stop smiling at the moment.,joy,That smile says a lot. I hope you get to soak up this good feeling There’s no need to rush your response
I guess i’m shocked by the news at the moment.,surprise,It makes sense to need a moment after surprising news. You don’t have to react immediately There’s no need to rush your response
"Lately, honestly, I feel fantastic for some reason.",joy,I’m glad you’re having such a positive moment. Let yourself enjoy it without overthinking it You can take it one moment at a time
"For some reason, i don’t really know what to say.",neutral,"That’s completely fine. You can start with whatever feels easiest, even if it’s just one sentence"
I guess i want to yell today.,anger,That urge can be intense. Giving yourself a pause can create room to express what’s wrong without escalating things There’s no need to rush your response
"For some reason, i keep thinking about what I lost after everything that happened.",sadness,It makes sense that a loss can keep returning to your thoughts. You can acknowledge the sadness without judging yourself for it
"Lately, i have a question more than usual.",neutral,"Sure, go ahead. I’ll do my best to help you work through it You can take it one moment at a time"
"Right now, i’m afraid I’ll mess this up tonight.",fear,Fear of making mistakes can put a lot of pressure on you. Remember that one imperfect moment does not define the whole experience
"Lately, i’m panicking a little this morning.",fear,"That sounds intense. Try grounding yourself in what you can see, hear, and feel right now, one detail at a time You can take it one moment at a time"
Just checking in.,neutral,Absolutely. Tell me whatever part of your day you want to share You can take it one moment at a time
This is seriously frustrating honestly.,anger,I can understand why that would feel frustrating. A little space before responding may help you regain control
I’m nervous lately.,fear,Waiting for an answer can be frightening. You can take the moment one piece at a time instead of carrying the whole uncertainty at once
"Lately, i’m just checking in tonight.",neutral,I’m here with you. What would you like to talk about? You can take it one moment at a time
"For some reason, that is just gross.",disgust,I hear how strongly you dislike it. Sometimes the best response is simply to remove yourself from the unpleasant situation
I hate seeing things like that lately.,disgust,It makes sense that something so unpleasant would bother you. You can choose some distance from it when possible
"Right now, i keep thinking about what I lost tonight.",sadness,It makes sense that a loss can keep returning to your thoughts. You can acknowledge the sadness without judging yourself for it
"Honestly, just thinking things over lately.",neutral,Taking time to think can be useful. What’s been occupying your thoughts?
"I guess wait, that actually happened?",surprise,That sounds like quite a surprise. Give yourself a moment to take it in There’s no need to rush your response
"Honestly, i never imagined this would happen tonight.",surprise,That kind of unexpected turn can leave you searching for words. Give yourself space to take it in
I’m trying to understand myself better honestly.,neutral,That sounds like a worthwhile goal. We can look at what you’ve been noticing without rushing to conclusions
I’m caught off guard at the moment.,surprise,It makes sense to need a moment after surprising news. You don’t have to react immediately
"Right now, i can’t stand the smell for some reason.",disgust,"Strong unpleasant smells can be overwhelming. If you can, move somewhere with fresher air and give yourself a reset"
"For some reason, i can’t believe it lately.",surprise,That sounds like a big surprise. Let yourself absorb the moment before deciding what it means
I’m annoyed beyond words this morning.,anger,That sounds like a lot of irritation building up. A short break may help you sort out what specifically crossed the line
"Lately, today was pretty normal for some reason.",neutral,"Sometimes a normal day is simply a normal day. What stood out, if anything? You can take it one moment at a time"
"For some reason, i’m disgusted by what happened after everything that happened.",disgust,Your reaction sounds strong and understandable given what you encountered. Creating some distance may help
I’m having a rough time for some reason.,sadness,I’m sorry you’re going through a rough patch. You don’t have to solve everything at once
"Honestly, today was pretty normal this morning.",neutral,"Sometimes a normal day is simply a normal day. What stood out, if anything?"
I feel sickened by this at the moment.,disgust,That reaction shows how strongly the situation affected you. Stepping back can help you regain some comfort
Things are finally going my way this morning.,joy,It’s great to hear that things are clicking into place. Take a moment to appreciate the progress
"Honestly, ugh, that was nasty tonight.",disgust,Sounds like a seriously unpleasant experience. Give yourself a little space from it
"Lately, i’m afraid to find out honestly.",fear,Waiting for an answer can be frightening. You can take the moment one piece at a time instead of carrying the whole uncertainty at once You can take it one moment at a time
"For some reason, nothing much is happening today.",neutral,Sounds like a fairly ordinary day. Is there anything on your mind?
"For some reason, i miss how things used to be after everything that happened.",sadness,"Missing the past can hurt, especially when it carries meaningful memories. It’s okay to acknowledge that feeling"
"Lately, i feel really anxious about this at the moment.",fear,"It sounds like this situation has your mind on high alert. Try narrowing your attention to the next small, manageable step You can take it one moment at a time"
"Right now, everything feels uncertain this morning.",fear,Uncertainty can make even ordinary decisions feel harder. Focus on the next clear choice rather than solving everything at once
I’m afraid I’ll mess this up honestly.,fear,Fear of making mistakes can put a lot of pressure on you. Remember that one imperfect moment does not define the whole experience
"Lately, honestly, I feel fantastic.",joy,I’m glad you’re having such a positive moment. Let yourself enjoy it without overthinking it You can take it one moment at a time
I guess i’m fed up with this tonight.,anger,It sounds like you’ve reached your limit. You deserve a moment to step back and breathe before deciding what to do next There’s no need to rush your response
"Lately, i’m annoyed beyond words more than usual.",anger,That sounds like a lot of irritation building up. A short break may help you sort out what specifically crossed the line You can take it one moment at a time
"For some reason, nothing much is happening today after everything that happened.",neutral,Sounds like a fairly ordinary day. Is there anything on your mind?
"Right now, that was absolutely revolting honestly.",disgust,That sounds deeply unpleasant. You don’t have to stay around something that makes you feel that uncomfortable
"For some reason, well, that’s new for some reason.",surprise,Something clearly caught you off guard. It’s okay to simply observe your reaction for a moment
"For some reason, well, that’s new more than usual.",surprise,Something clearly caught you off guard. It’s okay to simply observe your reaction for a moment
I’m really hurting.,sadness,I’m sorry you’re going through a rough patch. You don’t have to solve everything at once There’s no need to rush your response
"For some reason, i’m scared about tomorrow after everything that happened.",fear,"Uncertainty can make tomorrow feel much bigger than it is. For now, focus on what you can handle today"
"Lately, i’m proud of myself at the moment.",joy,You have every reason to pause and recognize what you accomplished You can take it one moment at a time
"Lately, what if everything goes wrong?",fear,That kind of what-if thinking can feel overwhelming. Gently return to what you know right now rather than every possible outcome You can take it one moment at a time
"Honestly, today just hurts lately.",sadness,"I hear how painful today feels. For now, being gentle with yourself is enough"
I’m scared today.,fear,"When worries keep looping, it can help to pause and notice what is actually happening in the present moment You can take it one moment at a time"
I can’t believe it for some reason.,surprise,That sounds like a big surprise. Let yourself absorb the moment before deciding what it means
"Honestly, today just hurts honestly.",sadness,"I hear how painful today feels. For now, being gentle with yourself is enough"
"Lately, i miss how things used to be at the moment.",sadness,"Missing the past can hurt, especially when it carries meaningful memories. It’s okay to acknowledge that feeling You can take it one moment at a time"
"Honestly, i had such a good day tonight.",joy,I’m happy your day treated you well. Those ordinary good days are worth noticing
"Lately, i hate seeing things like that tonight.",disgust,It makes sense that something so unpleasant would bother you. You can choose some distance from it when possible You can take it one moment at a time
"For some reason, that was completely unexpected after everything that happened.",surprise,Sounds like the situation changed quickly. Take some time to process what happened
"Right now, i’m just checking in tonight.",neutral,I’m here with you. What would you like to talk about?
"Right now, i hate seeing things like that for some reason.",disgust,It makes sense that something so unpleasant would bother you. You can choose some distance from it when possible
"Lately, this is seriously frustrating for some reason.",anger,I can understand why that would feel frustrating. A little space before responding may help you regain control You can take it one moment at a time
"For some reason, today was pretty normal lately.",neutral,"Sometimes a normal day is simply a normal day. What stood out, if anything?"
"For some reason, things are finally going my way tonight.",joy,It’s great to hear that things are clicking into place. Take a moment to appreciate the progress
Just checking in honestly.,neutral,I’m here with you. What would you like to talk about?
"Right now, i’m disappointed and sad for some reason.",sadness,That combination can weigh heavily. It’s okay to recognize both the disappointment and the sadness
"Right now, today feels special more than usual.",joy,There’s something refreshing about a day that feels special. Enjoy it at your own pace
"For some reason, i’m nervous about meeting them honestly.",fear,It’s understandable to feel nervous before an important interaction. You can prepare for what you can control and let the rest unfold
"Honestly, that behavior is so disturbing lately.",disgust,It sounds like what you saw really unsettled you. You’re allowed to recognize that it crossed your personal boundaries
"For some reason, i’m disgusted by what happened tonight.",disgust,Your reaction sounds strong and understandable given what you encountered. Creating some distance may help
I guess i’m scared about tomorrow today.,fear,"Uncertainty can make tomorrow feel much bigger than it is. For now, focus on what you can handle today There’s no need to rush your response"
"Honestly, i’m shocked by the news for some reason.",surprise,It makes sense to need a moment after surprising news. You don’t have to react immediately
"Right now, i want to yell at the moment.",anger,That urge can be intense. Giving yourself a pause can create room to express what’s wrong without escalating things
I guess i can’t stand the smell honestly.,disgust,"Strong unpleasant smells can be overwhelming. If you can, move somewhere with fresher air and give yourself a reset There’s no need to rush your response"
"For some reason, that really grosses me out.",disgust,It sounds like that crossed a strong comfort boundary for you. It’s okay to step away from what feels unpleasant
"Lately, i’m tired of being treated this way more than usual.",anger,Being treated unfairly can build a lot of anger. It may help to separate what happened from what you want to happen next You can take it one moment at a time
"Lately, i’m deeply uncomfortable with this after everything that happened.",disgust,"Your discomfort matters. You can pause, create some distance, and decide what boundary feels right You can take it one moment at a time"
I’m nervous about meeting them.,fear,It’s understandable to feel nervous before an important interaction. You can prepare for what you can control and let the rest unfold
"For some reason, everything feels uncertain.",fear,Uncertainty can make even ordinary decisions feel harder. Focus on the next clear choice rather than solving everything at once
"Honestly, i’m afraid I’ll mess this up tonight.",fear,Fear of making mistakes can put a lot of pressure on you. Remember that one imperfect moment does not define the whole experience
I’m really hurting today.,sadness,That emptiness can be difficult to sit with. Be gentle with yourself while you move through it
"Right now, i’m fed up with this more than usual.",anger,It sounds like you’ve reached your limit. You deserve a moment to step back and breathe before deciding what to do next
"For some reason, i’m deeply uncomfortable with this more than usual.",disgust,"Your discomfort matters. You can pause, create some distance, and decide what boundary feels right"
My mind won’t stop worrying for some reason.,fear,"When worries keep looping, it can help to pause and notice what is actually happening in the present moment"
I guess that was absolutely revolting tonight.,disgust,That sounds deeply unpleasant. You don’t have to stay around something that makes you feel that uncomfortable There’s no need to rush your response
"For some reason, i feel lonely even around people more than usual.",sadness,Feeling alone while surrounded by others can be especially painful. It may help to name what kind of connection you’re missing
"Right now, nothing feels exciting anymore this morning.",sadness,It sounds like things feel unusually flat right now. Taking the day slowly may be kinder than demanding too much from yourself
I guess that was absolutely revolting honestly.,disgust,That sounds deeply unpleasant. You don’t have to stay around something that makes you feel that uncomfortable There’s no need to rush your response
"Honestly, i keep thinking about what I lost honestly.",sadness,It makes sense that a loss can keep returning to your thoughts. You can acknowledge the sadness without judging yourself for it
"Right now, i’m panicking a little today.",fear,"That sounds intense. Try grounding yourself in what you can see, hear, and feel right now, one detail at a time"
"Right now, i can’t believe it this morning.",surprise,That sounds like a big surprise. Let yourself absorb the moment before deciding what it means
I don’t really know what to say honestly.,neutral,"That’s completely fine. You can start with whatever feels easiest, even if it’s just one sentence"
"Right now, i’m excited about what’s next more than usual.",joy,That excitement can be a great source of energy. Let it carry you forward one step at a time
"Right now, today just hurts lately.",sadness,"I hear how painful today feels. For now, being gentle with yourself is enough"
"Honestly, i’m nervous about meeting them more than usual.",fear,It’s understandable to feel nervous before an important interaction. You can prepare for what you can control and let the rest unfold
Feeling low today.,sadness,I’m sorry today feels heavy. You don’t have to force yourself to feel better immediately
That’s gross honestly.,disgust,It sounds like what you saw really unsettled you. You’re allowed to recognize that it crossed your personal boundaries You can take it one moment at a time
I guess i’m fed up with this lately.,anger,It sounds like you’ve reached your limit. You deserve a moment to step back and breathe before deciding what to do next There’s no need to rush your response
"Lately, i miss how things used to be tonight.",sadness,"Missing the past can hurt, especially when it carries meaningful memories. It’s okay to acknowledge that feeling You can take it one moment at a time"
"Lately, today was pretty normal this morning.",neutral,"Sometimes a normal day is simply a normal day. What stood out, if anything? You can take it one moment at a time"
"Honestly, i feel sickened by this at the moment.",disgust,That reaction shows how strongly the situation affected you. Stepping back can help you regain some comfort
"For some reason, i’m trying to understand myself better for some reason.",neutral,That sounds like a worthwhile goal. We can look at what you’ve been noticing without rushing to conclusions
"Honestly, why does this keep happening for some reason.",anger,Repeated problems can wear down your patience. It’s understandable to feel angry when the same issue keeps returning
"Honestly, i have a question lately.",neutral,"Sure, go ahead. I’ll do my best to help you work through it"
"For some reason, i hate seeing things like that after everything that happened.",disgust,It makes sense that something so unpleasant would bother you. You can choose some distance from it when possible
"Lately, things are finally going my way!",joy,It’s great to hear that things are clicking into place. Take a moment to appreciate the progress You can take it one moment at a time
"Lately, ugh, that was nasty lately.",disgust,Sounds like a seriously unpleasant experience. Give yourself a little space from it You can take it one moment at a time
"Lately, i had such a good day at the moment.",joy,I’m happy your day treated you well. Those ordinary good days are worth noticing You can take it one moment at a time
I’m scared more than usual.,fear,"Uncertainty can make tomorrow feel much bigger than it is. For now, focus on what you can handle today"
That behavior is so disturbing tonight.,disgust,It sounds like what you saw really unsettled you. You’re allowed to recognize that it crossed your personal boundaries
"For some reason, i miss how things used to be.",sadness,"Missing the past can hurt, especially when it carries meaningful memories. It’s okay to acknowledge that feeling"
I guess i want to yell lately.,anger,That urge can be intense. Giving yourself a pause can create room to express what’s wrong without escalating things There’s no need to rush your response
Everything feels a little empty today.,sadness,That emptiness can be difficult to sit with. Be gentle with yourself while you move through it
"Lately, i’m annoyed beyond words after everything that happened.",anger,That sounds like a lot of irritation building up. A short break may help you sort out what specifically crossed the line You can take it one moment at a time
"For some reason, wait, that actually happened tonight.",surprise,That sounds like quite a surprise. Give yourself a moment to take it in
"Honestly, everything feels uncertain lately.",fear,Uncertainty can make even ordinary decisions feel harder. Focus on the next clear choice rather than solving everything at once
Today feels special more than usual.,joy,There’s something refreshing about a day that feels special. Enjoy it at your own pace
"Honestly, i don’t really know what to say.",neutral,"That’s completely fine. You can start with whatever feels easiest, even if it’s just one sentence"
"Honestly, i’m tired of being treated this way more than usual.",anger,Being treated unfairly can build a lot of anger. It may help to separate what happened from what you want to happen next
I’m afraid to find out more than usual.,fear,Waiting for an answer can be frightening. You can take the moment one piece at a time instead of carrying the whole uncertainty at once
"Right now, i miss how things used to be for some reason.",sadness,"Missing the past can hurt, especially when it carries meaningful memories. It’s okay to acknowledge that feeling"
They completely ignored me today.,anger,"Being ignored can feel deeply disrespectful. Your frustration makes sense, and you can decide how you want to address it calmly"
I can’t stand the smell at the moment.,disgust,"Strong unpleasant smells can be overwhelming. If you can, move somewhere with fresher air and give yourself a reset"
"Lately, i’m scared about tomorrow after everything that happened.",fear,"Uncertainty can make tomorrow feel much bigger than it is. For now, focus on what you can handle today You can take it one moment at a time"
"Honestly, i don’t really know what to say this morning.",neutral,"That’s completely fine. You can start with whatever feels easiest, even if it’s just one sentence"
"Lately, wait, that actually happened honestly.",surprise,That sounds like quite a surprise. Give yourself a moment to take it in You can take it one moment at a time
"Honestly, this came out of nowhere for some reason.",surprise,Sudden changes can be startling. A little pause can help you figure out how you feel about it
"Right now, why does this keep happening after everything that happened.",anger,Repeated problems can wear down your patience. It’s understandable to feel angry when the same issue keeps returning
I guess i’m just checking in honestly.,neutral,I’m here with you. What would you like to talk about? There’s no need to rush your response
Seriously? I’m stunned tonight.,surprise,You sound genuinely surprised. Take a breath and give yourself time to process the new information
"Lately, today just hurts lately.",sadness,"I hear how painful today feels. For now, being gentle with yourself is enough You can take it one moment at a time"
"For some reason, i’m proud of myself lately.",joy,You have every reason to pause and recognize what you accomplished
"Lately, that really grosses me out today.",disgust,It sounds like that crossed a strong comfort boundary for you. It’s okay to step away from what feels unpleasant You can take it one moment at a time
"For some reason, today just hurts lately.",sadness,"I hear how painful today feels. For now, being gentle with yourself is enough"
"For some reason, that really grosses me out more than usual.",disgust,It sounds like that crossed a strong comfort boundary for you. It’s okay to step away from what feels unpleasant
"Right now, i’m just checking in after everything that happened.",neutral,I’m here with you. What would you like to talk about?
I guess got some amazing news after everything that happened.,joy,Wonderful news can brighten everything. What part of it feels best to you? There’s no need to rush your response
"Honestly, i have a question after everything that happened.",neutral,"Sure, go ahead. I’ll do my best to help you work through it"
I’m shocked by the news after everything that happened.,surprise,It makes sense to need a moment after surprising news. You don’t have to react immediately
"Lately, i have a bad feeling tonight.",fear,That uneasy feeling can be unsettling. Take a slow breath and give yourself a moment to separate the feeling from the facts you know You can take it one moment at a time.
"Lately, everything feels a little empty after everything that happened.",sadness,That emptiness can be difficult to sit with. Be gentle with yourself while you move through it You can take it one moment at a time
"Lately, i had such a good day after everything that happened.",joy,I’m happy your day treated you well. Those ordinary good days are worth noticing You can take it one moment at a time
"Honestly, i’m disappointed and sad at the moment.",sadness,That combination can weigh heavily. It’s okay to recognize both the disappointment and the sadness
"For some reason, i’m so angry right now today.",anger,It sounds like something really pushed your limits. You can acknowledge the anger without letting it choose your next move
I don’t really know what to say at the moment.,neutral,"That’s completely fine. You can start with whatever feels easiest, even if it’s just one sentence"
"Honestly, things are finally going my way at the moment.",joy,It’s great to hear that things are clicking into place. Take a moment to appreciate the progress
"Lately, i can’t believe it this morning.",surprise,That sounds like a big surprise. Let yourself absorb the moment before deciding what it means You can take it one moment at a time
"Lately, i’m excited about what’s next honestly.",joy,That excitement can be a great source of energy. Let it carry you forward one step at a time You can take it one moment at a time
"Lately, i did not see that coming today.",surprise,Unexpected moments can take a second to process. What part surprised you most? You can take it one moment at a time
"Lately, just thinking things over at the moment.",neutral,Taking time to think can be useful. What’s been occupying your thoughts? You can take it one moment at a time
"Lately, i’m trying to understand myself better for some reason.",neutral,That sounds like a worthwhile goal. We can look at what you’ve been noticing without rushing to conclusions You can take it one moment at a time
"Lately, i miss how things used to be.",sadness,"Missing the past can hurt, especially when it carries meaningful memories. It’s okay to acknowledge that feeling You can take it one moment at a time"
I hate seeing things like that at the moment.,disgust,It makes sense that something so unpleasant would bother you. You can choose some distance from it when possible
I guess i just want to cry.,sadness,Sometimes tears are simply a way of letting emotion out. You can give yourself a quiet moment There’s no need to rush your response
Nothing much is happening today tonight.,neutral,Sounds like a fairly ordinary day. Is there anything on your mind?
"For some reason, i’m nervous about meeting them after everything that happened.",fear,It’s understandable to feel nervous before an important interaction. You can prepare for what you can control and let the rest unfold
"For some reason, i never imagined this would happen lately.",surprise,That kind of unexpected turn can leave you searching for words. Give yourself space to take it in
I guess i miss how things used to be.,sadness,"Missing the past can hurt, especially when it carries meaningful memories. It’s okay to acknowledge that feeling There’s no need to rush your response"
"Honestly, i feel lonely even around people lately.",sadness,Feeling alone while surrounded by others can be especially painful. It may help to name what kind of connection you’re missing
I’m trying to understand myself better at the moment.,neutral,That sounds like a worthwhile goal. We can look at what you’ve been noticing without rushing to conclusions
That was absolutely revolting at the moment.,disgust,That sounds deeply unpleasant. You don’t have to stay around something that makes you feel that uncomfortable
"Honestly, i’m shocked by the news honestly.",surprise,It makes sense to need a moment after surprising news. You don’t have to react immediately
I guess what if everything goes wrong tonight.,fear,That kind of what-if thinking can feel overwhelming. Gently return to what you know right now rather than every possible outcome There’s no need to rush your response
"Honestly, i’m tired of being treated this way tonight.",anger,Being treated unfairly can build a lot of anger. It may help to separate what happened from what you want to happen next
"Honestly, that was completely unexpected more than usual.",surprise,Sounds like the situation changed quickly. Take some time to process what happened
"Right now, i’m not sure what I’m feeling tonight.",neutral,That’s okay. You don’t need to label everything immediately; we can explore it together
I guess can we talk about my day lately.,neutral,Absolutely. Tell me whatever part of your day you want to share There’s no need to rush your response
"Lately, nothing much is happening today honestly.",neutral,Sounds like a fairly ordinary day. Is there anything on your mind? You can take it one moment at a time
I wanted to talk for a bit.,neutral,Of course. We can take the conversation wherever you’d like
"I guess honestly, I feel fantastic after everything that happened.",joy,I’m glad you’re having such a positive moment. Let yourself enjoy it without overthinking it There’s no need to rush your response
"Right now, i’m afraid I’ll mess this up for some reason.",fear,Fear of making mistakes can put a lot of pressure on you. Remember that one imperfect moment does not define the whole experience
I’m deeply uncomfortable with this for some reason.,disgust,"Your discomfort matters. You can pause, create some distance, and decide what boundary feels right"
"Lately, today just hurts after everything that happened.",sadness,"I hear how painful today feels. For now, being gentle with yourself is enough You can take it one moment at a time"
"Right now, i feel really down today for some reason.",sadness,I’m sorry today feels heavy. You don’t have to force yourself to feel better immediately
"Right now, i’m afraid to find out more than usual.",fear,Waiting for an answer can be frightening. You can take the moment one piece at a time instead of carrying the whole uncertainty at once
"Lately, i can’t stand the smell this morning.",disgust,"Strong unpleasant smells can be overwhelming. If you can, move somewhere with fresher air and give yourself a reset You can take it one moment at a time"
"Lately, i have a bad feeling this morning.",fear,That uneasy feeling can be unsettling. Take a slow breath and give yourself a moment to separate the feeling from the facts you know You can take it one moment at a time
"Honestly, i’m afraid I’ll mess this up more than usual.",fear,Fear of making mistakes can put a lot of pressure on you. Remember that one imperfect moment does not define the whole experience
"Lately, i have a bad feeling.",fear,That uneasy feeling can be unsettling. Take a slow breath and give yourself a moment to separate the feeling from the facts you know You can take it one moment at a time
"Lately, i just want to cry honestly.",sadness,Sometimes tears are simply a way of letting emotion out. You can give yourself a quiet moment You can take it one moment at a time
"For some reason, i feel really down today this morning.",sadness,I’m sorry today feels heavy. You don’t have to force yourself to feel better immediately
"For some reason, everything feels uncertain lately.",fear,Uncertainty can make even ordinary decisions feel harder. Focus on the next clear choice rather than solving everything at once
I guess got some amazing news at the moment.,joy,Wonderful news can brighten everything. What part of it feels best to you? There’s no need to rush your response
"Lately, i miss how things used to be for some reason.",sadness,"Missing the past can hurt, especially when it carries meaningful memories. It’s okay to acknowledge that feeling You can take it one moment at a time"
"For some reason, i did not see that coming lately.",surprise,Unexpected moments can take a second to process. What part surprised you most?
"Lately, i feel sickened by this this morning.",disgust,That reaction shows how strongly the situation affected you. Stepping back can help you regain some comfort You can take it one moment at a time
"Right now, wait, that actually happened for some reason.",surprise,That sounds like quite a surprise. Give yourself a moment to take it in
"For some reason, i’m so angry right now this morning.",anger,It sounds like something really pushed your limits. You can acknowledge the anger without letting it choose your next move
I’m nervous about meeting them this morning.,fear,It’s understandable to feel nervous before an important interaction. You can prepare for what you can control and let the rest unfold
"Right now, what if everything goes wrong this morning.",fear,That kind of what-if thinking can feel overwhelming. Gently return to what you know right now rather than every possible outcome
"For some reason, today just hurts tonight.",sadness,"I hear how painful today feels. For now, being gentle with yourself is enough"
Nothing feels exciting anymore at the moment.,sadness,It sounds like things feel unusually flat right now. Taking the day slowly may be kinder than demanding too much from yourself
What a surprise.,surprise,Unexpected moments can take a second to process. What part surprised you most?
Feeling great for some reason.,joy,That happiness sounds lovely. Give yourself permission to enjoy this moment
"Lately, i just want to cry at the moment.",sadness,Sometimes tears are simply a way of letting emotion out. You can give yourself a quiet moment You can take it one moment at a time
"Right now, i can’t stand the smell after everything that happened.",disgust,"Strong unpleasant smells can be overwhelming. If you can, move somewhere with fresher air and give yourself a reset"
I’m fed up with this honestly.,anger,It sounds like you’ve reached your limit. You deserve a moment to step back and breathe before deciding what to do next
"Honestly, wait, that actually happened this morning.",surprise,That sounds like quite a surprise. Give yourself a moment to take it in
This is seriously frustrating at the moment.,anger,I can understand why that would feel frustrating. A little space before responding may help you regain control
I’m scared for some reason.,fear,"When worries keep looping, it can help to pause and notice what is actually happening in the present moment You can take it one moment at a time"
I’m deeply uncomfortable with this more than usual.,disgust,"Your discomfort matters. You can pause, create some distance, and decide what boundary feels right"
"Honestly, well, that’s new at the moment.",surprise,Something clearly caught you off guard. It’s okay to simply observe your reaction for a moment
My mind won’t stop worrying this morning.,fear,"When worries keep looping, it can help to pause and notice what is actually happening in the present moment"
"For some reason, i’m nervous about meeting them more than usual.",fear,It’s understandable to feel nervous before an important interaction. You can prepare for what you can control and let the rest unfold
"Lately, i have a question tonight.",neutral,"Sure, go ahead. I’ll do my best to help you work through it You can take it one moment at a time"
I’m stunned honestly.,surprise,That sounds like quite a surprise. Give yourself a moment to take it in
I’m nervous honestly.,fear,Waiting for an answer can be frightening. You can take the moment one piece at a time instead of carrying the whole uncertainty at once
"For some reason, they completely ignored me today.",anger,"Being ignored can feel deeply disrespectful. Your frustration makes sense, and you can decide how you want to address it calmly"
I’m afraid I’ll mess this up tonight.,fear,Fear of making mistakes can put a lot of pressure on you. Remember that one imperfect moment does not define the whole experience
"Whoa, seriously tonight.",surprise,That definitely sounds unexpected. Sometimes a little pause helps the surprise settle
I’m panicking a little more than usual.,fear,"That sounds intense. Try grounding yourself in what you can see, hear, and feel right now, one detail at a time"
Just checking in tonight.,neutral,Absolutely. Tell me whatever part of your day you want to share You can take it one moment at a time
I did not see that coming more than usual.,surprise,Unexpected moments can take a second to process. What part surprised you most?
"Lately, i don’t really know what to say this morning.",neutral,"That’s completely fine. You can start with whatever feels easiest, even if it’s just one sentence You can take it one moment at a time"
I guess i’m disgusted by what happened at the moment.,disgust,Your reaction sounds strong and understandable given what you encountered. Creating some distance may help There’s no need to rush your response
I guess i’m feeling really happy today honestly.,joy,That happiness sounds lovely. Give yourself permission to enjoy this moment There’s no need to rush your response
"For some reason, i’m so angry right now after everything that happened.",anger,It sounds like something really pushed your limits. You can acknowledge the anger without letting it choose your next move
What a good day lately.,joy,That smile says a lot. I hope you get to soak up this good feeling
I’m shocked by the news today.,surprise,It makes sense to need a moment after surprising news. You don’t have to react immediately
I’m disappointed and sad for some reason.,sadness,That combination can weigh heavily. It’s okay to recognize both the disappointment and the sadness
This is seriously frustrating today.,anger,I can understand why that would feel frustrating. A little space before responding may help you regain control
"Right now, why does this keep happening tonight.",anger,Repeated problems can wear down your patience. It’s understandable to feel angry when the same issue keeps returning
"For some reason, i hate seeing things like that at the moment.",disgust,It makes sense that something so unpleasant would bother you. You can choose some distance from it when possible
"For some reason, i feel really anxious about this more than usual.",fear,"It sounds like this situation has your mind on high alert. Try narrowing your attention to the next small, manageable step"
Nothing feels exciting anymore after everything that happened.,sadness,It sounds like things feel unusually flat right now. Taking the day slowly may be kinder than demanding too much from yourself
I’m fed up with this more than usual.,anger,It sounds like you’ve reached your limit. You deserve a moment to step back and breathe before deciding what to do next
Today was pretty normal more than usual.,neutral,"Sometimes a normal day is simply a normal day. What stood out, if anything?"
"Honestly, i’m afraid I’ll mess this up lately.",fear,Fear of making mistakes can put a lot of pressure on you. Remember that one imperfect moment does not define the whole experience
"Right now, i feel really down today tonight.",sadness,I’m sorry today feels heavy. You don’t have to force yourself to feel better immediately
"Lately, i can’t believe they did that more than usual.",anger,It sounds like their action really crossed a boundary for you. Taking a breath before reacting could give you more options You can take it one moment at a time
My mind won’t stop worrying honestly.,fear,"When worries keep looping, it can help to pause and notice what is actually happening in the present moment"
"For some reason, i had such a good day today.",joy,I’m happy your day treated you well. Those ordinary good days are worth noticing
Nothing much honestly.,neutral,Sounds like a fairly ordinary day. Is there anything on your mind?
I guess my mind won’t stop worrying for some reason.,fear,"When worries keep looping, it can help to pause and notice what is actually happening in the present moment There’s no need to rush your response"
"I guess wait, that actually happened more than usual.",surprise,That sounds like quite a surprise. Give yourself a moment to take it in There’s no need to rush your response
Things are finally going my way at the moment.,joy,It’s great to hear that things are clicking into place. Take a moment to appreciate the progress
"Lately, i’m disappointed and sad this morning.",sadness,That combination can weigh heavily. It’s okay to recognize both the disappointment and the sadness You can take it one moment at a time
"For some reason, this is seriously frustrating lately.",anger,I can understand why that would feel frustrating. A little space before responding may help you regain control
Really worried for some reason.,fear,It’s understandable to feel nervous before an important interaction. You can prepare for what you can control and let the rest unfold There’s no need to rush your response
"Right now, nothing feels exciting anymore tonight.",sadness,It sounds like things feel unusually flat right now. Taking the day slowly may be kinder than demanding too much from yourself
"Honestly, everything feels uncertain honestly.",fear,Uncertainty can make even ordinary decisions feel harder. Focus on the next clear choice rather than solving everything at once
"For some reason, whoa, seriously lately.",surprise,That definitely sounds unexpected. Sometimes a little pause helps the surprise settle
"Lately, they completely ignored me at the moment.",anger,"Being ignored can feel deeply disrespectful. Your frustration makes sense, and you can decide how you want to address it calmly You can take it one moment at a time"
"Right now, i can’t believe they did that honestly.",anger,It sounds like their action really crossed a boundary for you. Taking a breath before reacting could give you more options
"Honestly, i’m trying to understand myself better this morning.",neutral,That sounds like a worthwhile goal. We can look at what you’ve been noticing without rushing to conclusions
"For some reason, i’m so angry right now honestly.",anger,It sounds like something really pushed your limits. You can acknowledge the anger without letting it choose your next move
"Right now, whoa, seriously this morning.",surprise,That definitely sounds unexpected. Sometimes a little pause helps the surprise settle
"Right now, i’m deeply uncomfortable with this after everything that happened.",disgust,"Your discomfort matters. You can pause, create some distance, and decide what boundary feels right"
"Lately, i have a bad feeling lately.",fear,That uneasy feeling can be unsettling. Take a slow breath and give yourself a moment to separate the feeling from the facts you know You can take it one moment at a time
I guess i’m not sure what I’m feeling lately.,neutral,That’s okay. You don’t need to label everything immediately; we can explore it together There’s no need to rush your response
Everything feels uncertain more than usual.,fear,Uncertainty can make even ordinary decisions feel harder. Focus on the next clear choice rather than solving everything at once
"Honestly, i can’t stand the smell at the moment.",disgust,"Strong unpleasant smells can be overwhelming. If you can, move somewhere with fresher air and give yourself a reset"
My mind won’t stop worrying after everything that happened.,fear,"When worries keep looping, it can help to pause and notice what is actually happening in the present moment"
"Honestly, i keep thinking about what I lost lately.",sadness,It makes sense that a loss can keep returning to your thoughts. You can acknowledge the sadness without judging yourself for it
I guess can we talk about my day after everything that happened.,neutral,Absolutely. Tell me whatever part of your day you want to share There’s no need to rush your response
I’m scared.,fear,"When worries keep looping, it can help to pause and notice what is actually happening in the present moment You can take it one moment at a time"
"For some reason, i’m having a rough time after everything that happened.",sadness,I’m sorry you’re going through a rough patch. You don’t have to solve everything at once
I guess this made my whole day today.,joy,It sounds like that moment really lifted you. Hold onto what made it meaningful There’s no need to rush your response
"For some reason, i can't stop smiling this morning.",joy,That smile says a lot. I hope you get to soak up this good feeling
"Lately, i can't stop smiling after everything that happened.",joy,That smile says a lot. I hope you get to soak up this good feeling You can take it one moment at a time
"Honestly, i did not see that coming.",surprise,Unexpected moments can take a second to process. What part surprised you most?
"Right now, this came out of nowhere at the moment.",surprise,Sudden changes can be startling. A little pause can help you figure out how you feel about it
"Honestly, i can’t believe it tonight.",surprise,That sounds like a big surprise. Let yourself absorb the moment before deciding what it means
"Honestly, i’m afraid I’ll mess this up this morning.",fear,Fear of making mistakes can put a lot of pressure on you. Remember that one imperfect moment does not define the whole experience
"Right now, that is just gross today.",disgust,I hear how strongly you dislike it. Sometimes the best response is simply to remove yourself from the unpleasant situation
"Right now, i can’t believe they did that after everything that happened.",anger,It sounds like their action really crossed a boundary for you. Taking a breath before reacting could give you more options
"For some reason, i did not see that coming.",surprise,Unexpected moments can take a second to process. What part surprised you most?
I guess can we talk about my day for some reason.,neutral,Absolutely. Tell me whatever part of your day you want to share There’s no need to rush your response
"Lately, i’m annoyed beyond words at the moment.",anger,That sounds like a lot of irritation building up. A short break may help you sort out what specifically crossed the line You can take it one moment at a time
"Right now, i’m deeply uncomfortable with this.",disgust,"Your discomfort matters. You can pause, create some distance, and decide what boundary feels right"
"Honestly, i can’t stand the smell this morning.",disgust,"Strong unpleasant smells can be overwhelming. If you can, move somewhere with fresher air and give yourself a reset"
I did not see that coming tonight.,surprise,Unexpected moments can take a second to process. What part surprised you most?
"Lately, well, that’s new lately.",surprise,Something clearly caught you off guard. It’s okay to simply observe your reaction for a moment You can take it one moment at a time
"Honestly, i feel really down today honestly.",sadness,I’m sorry today feels heavy. You don’t have to force yourself to feel better immediately
"For some reason, i’m scared about tomorrow lately.",fear,"Uncertainty can make tomorrow feel much bigger than it is. For now, focus on what you can handle today"
"For some reason, i keep thinking about what I lost for some reason.",sadness,It makes sense that a loss can keep returning to your thoughts. You can acknowledge the sadness without judging yourself for it
"Lately, this makes me furious lately.",anger,I hear how strong the anger is. You can validate that feeling while still choosing a response you’ll feel good about later You can take it one moment at a time
"For some reason, i feel really down today today.",sadness,I’m sorry today feels heavy. You don’t have to force yourself to feel better immediately
I guess things are finally going my way more than usual.,joy,It’s great to hear that things are clicking into place. Take a moment to appreciate the progress There’s no need to rush your response
I’m disgusted by what happened after everything that happened.,disgust,Your reaction sounds strong and understandable given what you encountered. Creating some distance may help
Absolutely unpleasant tonight.,disgust,Your reaction sounds strong and understandable given what you encountered. Creating some distance may help
"Lately, i’m having a rough time lately.",sadness,I’m sorry you’re going through a rough patch. You don’t have to solve everything at once You can take it one moment at a time
"Right now, i don’t really know what to say for some reason.",neutral,"That’s completely fine. You can start with whatever feels easiest, even if it’s just one sentence"
"Right now, today was pretty normal at the moment.",neutral,"Sometimes a normal day is simply a normal day. What stood out, if anything?"
"Honestly, this made my whole day for some reason.",joy,It sounds like that moment really lifted you. Hold onto what made it meaningful
"Honestly, they completely ignored me more than usual.",anger,"Being ignored can feel deeply disrespectful. Your frustration makes sense, and you can decide how you want to address it calmly"
I’m stunned for some reason.,surprise,That sounds like quite a surprise. Give yourself a moment to take it in
"Honestly, that was completely unexpected honestly.",surprise,Sounds like the situation changed quickly. Take some time to process what happened
Feeling low after everything that happened.,sadness,I’m sorry today feels heavy. You don’t have to force yourself to feel better immediately
"Honestly, that really grosses me out this morning.",disgust,It sounds like that crossed a strong comfort boundary for you. It’s okay to step away from what feels unpleasant
"Honestly, i’m panicking a little at the moment.",fear,"That sounds intense. Try grounding yourself in what you can see, hear, and feel right now, one detail at a time"
"Honestly, i just want to cry honestly.",sadness,Sometimes tears are simply a way of letting emotion out. You can give yourself a quiet moment
So happy right now today.,joy,It’s great to hear that things are clicking into place. Take a moment to appreciate the progress
"For some reason, they completely ignored me lately.",anger,"Being ignored can feel deeply disrespectful. Your frustration makes sense, and you can decide how you want to address it calmly"
Today just hurts after everything that happened.,sadness,"I hear how painful today feels. For now, being gentle with yourself is enough"
"Right now, i never imagined this would happen this morning.",surprise,That kind of unexpected turn can leave you searching for words. Give yourself space to take it in
"Lately, i wanted to talk for a bit more than usual.",neutral,Of course. We can take the conversation wherever you’d like You can take it one moment at a time
"For some reason, i can’t believe it for some reason.",surprise,That sounds like a big surprise. Let yourself absorb the moment before deciding what it means
Today feels heavy for some reason.,sadness,Sometimes tears are simply a way of letting emotion out. You can give yourself a quiet moment
"Lately, i hate seeing things like that honestly.",disgust,It makes sense that something so unpleasant would bother you. You can choose some distance from it when possible You can take it one moment at a time
"For some reason, i feel sickened by this tonight.",disgust,That reaction shows how strongly the situation affected you. Stepping back can help you regain some comfort
"Lately, i had such a good day.",joy,I’m happy your day treated you well. Those ordinary good days are worth noticing You can take it one moment at a time
"Lately, why does this keep happening honestly.",anger,Repeated problems can wear down your patience. It’s understandable to feel angry when the same issue keeps returning You can take it one moment at a time
I guess i feel really anxious about this honestly.,fear,"It sounds like this situation has your mind on high alert. Try narrowing your attention to the next small, manageable step There’s no need to rush your response"
I wanted to talk for a bit honestly.,neutral,Of course. We can take the conversation wherever you’d like
"Right now, i’m so angry right now after everything that happened.",anger,It sounds like something really pushed your limits. You can acknowledge the anger without letting it choose your next move
What a surprise lately.,surprise,That sounds like a big surprise. Let yourself absorb the moment before deciding what it means There’s no need to rush your response
"Right now, wait, that actually happened more than usual.",surprise,That sounds like quite a surprise. Give yourself a moment to take it in
"For some reason, i never imagined this would happen today.",surprise,That kind of unexpected turn can leave you searching for words. Give yourself space to take it in
"Honestly, i’m annoyed beyond words lately.",anger,That sounds like a lot of irritation building up. A short break may help you sort out what specifically crossed the line
"For some reason, this made my whole day after everything that happened.",joy,It sounds like that moment really lifted you. Hold onto what made it meaningful
"Lately, i just want to cry this morning.",sadness,Sometimes tears are simply a way of letting emotion out. You can give yourself a quiet moment You can take it one moment at a time
I guess that was absolutely revolting.,disgust,That sounds deeply unpleasant. You don’t have to stay around something that makes you feel that uncomfortable There’s no need to rush your response
"Lately, i did not see that coming.",surprise,Unexpected moments can take a second to process. What part surprised you most? You can take it one moment at a time
I guess i feel lonely even around people tonight.,sadness,Feeling alone while surrounded by others can be especially painful. It may help to name what kind of connection you’re missing There’s no need to rush your response
I guess things are finally going my way!,joy,It’s great to hear that things are clicking into place. Take a moment to appreciate the progress There’s no need to rush your response
I guess everything feels a little empty at the moment.,sadness,That emptiness can be difficult to sit with. Be gentle with yourself while you move through it There’s no need to rush your response
That’s gross today.,disgust,It sounds like that crossed a strong comfort boundary for you. It’s okay to step away from what feels unpleasant
I’m furious tonight.,anger,That urge can be intense. Giving yourself a pause can create room to express what’s wrong without escalating things You can take it one moment at a time
This made my whole day honestly.,joy,It sounds like that moment really lifted you. Hold onto what made it meaningful
"Right now, i’m just checking in today.",neutral,I’m here with you. What would you like to talk about?
"Right now, i’m trying to understand myself better honestly.",neutral,That sounds like a worthwhile goal. We can look at what you’ve been noticing without rushing to conclusions
"Lately, i can’t believe they did that for some reason.",anger,It sounds like their action really crossed a boundary for you. Taking a breath before reacting could give you more options You can take it one moment at a time
"Honestly, i’m afraid I’ll mess this up.",fear,Fear of making mistakes can put a lot of pressure on you. Remember that one imperfect moment does not define the whole experience
I guess i just want to cry honestly.,sadness,Sometimes tears are simply a way of letting emotion out. You can give yourself a quiet moment There’s no need to rush your response
"Right now, i’m panicking a little this morning.",fear,"That sounds intense. Try grounding yourself in what you can see, hear, and feel right now, one detail at a time"
"Honestly, i’m just checking in more than usual.",neutral,I’m here with you. What would you like to talk about?
"Honestly, that behavior is so disturbing honestly.",disgust,It sounds like what you saw really unsettled you. You’re allowed to recognize that it crossed your personal boundaries
I guess that behavior is so disturbing this morning.,disgust,It sounds like what you saw really unsettled you. You’re allowed to recognize that it crossed your personal boundaries There’s no need to rush your response.
I guess i can’t stand the smell after everything that happened.,disgust,"Strong unpleasant smells can be overwhelming. If you can, move somewhere with fresher air and give yourself a reset There’s no need to rush your response"
"For some reason, i can’t believe it tonight.",surprise,That sounds like a big surprise. Let yourself absorb the moment before deciding what it means
"Lately, that was absolutely revolting after everything that happened.",disgust,That sounds deeply unpleasant. You don’t have to stay around something that makes you feel that uncomfortable You can take it one moment at a time
"Ugh, that was nasty for some reason.",disgust,Sounds like a seriously unpleasant experience. Give yourself a little space from it
"Honestly, that really grosses me out after everything that happened.",disgust,It sounds like that crossed a strong comfort boundary for you. It’s okay to step away from what feels unpleasant
"Honestly, i’m excited about what’s next more than usual.",joy,That excitement can be a great source of energy. Let it carry you forward one step at a time
So frustrated honestly.,anger,I can understand why that would feel frustrating. A little space before responding may help you regain control
"Lately, this is seriously frustrating after everything that happened.",anger,I can understand why that would feel frustrating. A little space before responding may help you regain control You can take it one moment at a time
"Lately, i’m just checking in this morning.",neutral,I’m here with you. What would you like to talk about? You can take it one moment at a time
"Honestly, i can’t believe they did that lately.",anger,It sounds like their action really crossed a boundary for you. Taking a breath before reacting could give you more options
"For some reason, i wanted to talk for a bit after everything that happened.",neutral,Of course. We can take the conversation wherever you’d like
"Honestly, i’m afraid I’ll mess this up after everything that happened.",fear,Fear of making mistakes can put a lot of pressure on you. Remember that one imperfect moment does not define the whole experience
"Lately, things are finally going my way today.",joy,It’s great to hear that things are clicking into place. Take a moment to appreciate the progress You can take it one moment at a time
"Lately, this makes me furious tonight.",anger,I hear how strong the anger is. You can validate that feeling while still choosing a response you’ll feel good about later You can take it one moment at a time
"Lately, they completely ignored me tonight.",anger,"Being ignored can feel deeply disrespectful. Your frustration makes sense, and you can decide how you want to address it calmly You can take it one moment at a time"
"Lately, this came out of nowhere for some reason.",surprise,Sudden changes can be startling. A little pause can help you figure out how you feel about it You can take it one moment at a time
I’m trying to understand myself better this morning.,neutral,That sounds like a worthwhile goal. We can look at what you’ve been noticing without rushing to conclusions
"Honestly, nothing much is happening today for some reason.",neutral,Sounds like a fairly ordinary day. Is there anything on your mind?
"Lately, i’m tired of being treated this way today.",anger,Being treated unfairly can build a lot of anger. It may help to separate what happened from what you want to happen next You can take it one moment at a time
"Right now, i feel really down today after everything that happened.",sadness,I’m sorry today feels heavy. You don’t have to force yourself to feel better immediately
I’m genuinely thrilled tonight.,joy,Wonderful news can brighten everything. What part of it feels best to you?
"For some reason, that was absolutely revolting this morning.",disgust,That sounds deeply unpleasant. You don’t have to stay around something that makes you feel that uncomfortable
I guess that was completely unexpected.,surprise,Sounds like the situation changed quickly. Take some time to process what happened There’s no need to rush your response
"For some reason, i’m having a rough time.",sadness,I’m sorry you’re going through a rough patch. You don’t have to solve everything at once
"Right now, that is just gross tonight.",disgust,I hear how strongly you dislike it. Sometimes the best response is simply to remove yourself from the unpleasant situation
Just feeling sad more than usual.,sadness,"Missing the past can hurt, especially when it carries meaningful memories. It’s okay to acknowledge that feeling"
"Lately, today was pretty normal at the moment.",neutral,"Sometimes a normal day is simply a normal day. What stood out, if anything? You can take it one moment at a time"
I’m repulsed after everything that happened.,disgust,That sounds deeply unpleasant. You don’t have to stay around something that makes you feel that uncomfortable
Today was pretty normal lately.,neutral,"Sometimes a normal day is simply a normal day. What stood out, if anything?"
"Lately, i keep thinking about what I lost.",sadness,It makes sense that a loss can keep returning to your thoughts. You can acknowledge the sadness without judging yourself for it You can take it one moment at a time
"Honestly, can we talk about my day lately.",neutral,Absolutely. Tell me whatever part of your day you want to share
"Right now, what if everything goes wrong today.",fear,That kind of what-if thinking can feel overwhelming. Gently return to what you know right now rather than every possible outcome
"For some reason, i’m trying to understand myself better tonight.",neutral,That sounds like a worthwhile goal. We can look at what you’ve been noticing without rushing to conclusions
I guess i’m annoyed beyond words at the moment.,anger,That sounds like a lot of irritation building up. A short break may help you sort out what specifically crossed the line There’s no need to rush your response
"Lately, i’m excited about what’s next tonight.",joy,That excitement can be a great source of energy. Let it carry you forward one step at a time You can take it one moment at a time
I’m tired of being treated this way lately.,anger,Being treated unfairly can build a lot of anger. It may help to separate what happened from what you want to happen next
"Right now, i’m disappointed and sad after everything that happened.",sadness,That combination can weigh heavily. It’s okay to recognize both the disappointment and the sadness
"Right now, i’m scared about tomorrow.",fear,"Uncertainty can make tomorrow feel much bigger than it is. For now, focus on what you can handle today"
"For some reason, i’m excited about what’s next after everything that happened.",joy,That excitement can be a great source of energy. Let it carry you forward one step at a time
"For some reason, i feel sickened by this at the moment.",disgust,That reaction shows how strongly the situation affected you. Stepping back can help you regain some comfort
"Honestly, seriously? I’m stunned this morning.",surprise,You sound genuinely surprised. Take a breath and give yourself time to process the new information
"Lately, whoa, seriously?",surprise,That definitely sounds unexpected. Sometimes a little pause helps the surprise settle You can take it one moment at a time
I’m thinking more than usual.,neutral,Of course. We can take the conversation wherever you’d like
"Lately, what if everything goes wrong today.",fear,That kind of what-if thinking can feel overwhelming. Gently return to what you know right now rather than every possible outcome You can take it one moment at a time
"Right now, i’m disappointed and sad today.",sadness,That combination can weigh heavily. It’s okay to recognize both the disappointment and the sadness
"Right now, nothing feels exciting anymore for some reason.",sadness,It sounds like things feel unusually flat right now. Taking the day slowly may be kinder than demanding too much from yourself
"Lately, this is seriously frustrating this morning.",anger,I can understand why that would feel frustrating. A little space before responding may help you regain control You can take it one moment at a time
What a surprise at the moment.,surprise,Unexpected moments can take a second to process. What part surprised you most?
"For some reason, i’m annoyed beyond words after everything that happened.",anger,That sounds like a lot of irritation building up. A short break may help you sort out what specifically crossed the line
Nothing much today.,neutral,Taking time to think can be useful. What’s been occupying your thoughts? There’s no need to rush your response
"Right now, i hate seeing things like that honestly.",disgust,It makes sense that something so unpleasant would bother you. You can choose some distance from it when possible
I can’t believe they did that honestly.,anger,It sounds like their action really crossed a boundary for you. Taking a breath before reacting could give you more options
"Lately, i never imagined this would happen after everything that happened.",surprise,That kind of unexpected turn can leave you searching for words. Give yourself space to take it in You can take it one moment at a time
Just feeling sad for some reason.,sadness,"Missing the past can hurt, especially when it carries meaningful memories. It’s okay to acknowledge that feeling"
I guess what if everything goes wrong lately.,fear,That kind of what-if thinking can feel overwhelming. Gently return to what you know right now rather than every possible outcome There’s no need to rush your response
"For some reason, i feel lonely even around people honestly.",sadness,Feeling alone while surrounded by others can be especially painful. It may help to name what kind of connection you’re missing
"Honestly, nothing feels exciting anymore at the moment.",sadness,It sounds like things feel unusually flat right now. Taking the day slowly may be kinder than demanding too much from yourself
Just thinking things over at the moment.,neutral,Taking time to think can be useful. What’s been occupying your thoughts?
"For some reason, i want to yell tonight.",anger,That urge can be intense. Giving yourself a pause can create room to express what’s wrong without escalating things
"Right now, everything feels uncertain for some reason.",fear,Uncertainty can make even ordinary decisions feel harder. Focus on the next clear choice rather than solving everything at once
"Honestly, i’m shocked by the news this morning.",surprise,It makes sense to need a moment after surprising news. You don’t have to react immediately
I’m repulsed today.,disgust,That sounds deeply unpleasant. You don’t have to stay around something that makes you feel that uncomfortable
"Right now, i want to yell lately.",anger,That urge can be intense. Giving yourself a pause can create room to express what’s wrong without escalating things
"Lately, they completely ignored me lately.",anger,"Being ignored can feel deeply disrespectful. Your frustration makes sense, and you can decide how you want to address it calmly You can take it one moment at a time"
"Lately, i hate seeing things like that after everything that happened.",disgust,It makes sense that something so unpleasant would bother you. You can choose some distance from it when possible You can take it one moment at a time
"Lately, everything feels uncertain more than usual.",fear,Uncertainty can make even ordinary decisions feel harder. Focus on the next clear choice rather than solving everything at once You can take it one moment at a time
"Lately, i’m afraid to find out.",fear,Waiting for an answer can be frightening. You can take the moment one piece at a time instead of carrying the whole uncertainty at once You can take it one moment at a time
"Honestly, why does this keep happening lately.",anger,Repeated problems can wear down your patience. It’s understandable to feel angry when the same issue keeps returning
"Lately, everything feels a little empty at the moment.",sadness,That emptiness can be difficult to sit with. Be gentle with yourself while you move through it You can take it one moment at a time
"For some reason, i’m disappointed and sad more than usual.",sadness,That combination can weigh heavily. It’s okay to recognize both the disappointment and the sadness
"For some reason, well, that’s new this morning.",surprise,Something clearly caught you off guard. It’s okay to simply observe your reaction for a moment
"Ugh, that was nasty honestly.",disgust,Sounds like a seriously unpleasant experience. Give yourself a little space from it
I guess that really grosses me out after everything that happened.,disgust,It sounds like that crossed a strong comfort boundary for you. It’s okay to step away from what feels unpleasant There’s no need to rush your response
"Right now, that is just gross after everything that happened.",disgust,I hear how strongly you dislike it. Sometimes the best response is simply to remove yourself from the unpleasant situation
"For some reason, i feel sickened by this for some reason.",disgust,That reaction shows how strongly the situation affected you. Stepping back can help you regain some comfort
I have a bad feeling for some reason.,fear,That uneasy feeling can be unsettling. Take a slow breath and give yourself a moment to separate the feeling from the facts you know
"Right now, i’m feeling really happy today more than usual.",joy,That happiness sounds lovely. Give yourself permission to enjoy this moment
"Honestly, i’m deeply uncomfortable with this for some reason.",disgust,"Your discomfort matters. You can pause, create some distance, and decide what boundary feels right"
"Right now, got some amazing news honestly.",joy,Wonderful news can brighten everything. What part of it feels best to you?
"Lately, i had such a good day for some reason.",joy,I’m happy your day treated you well. Those ordinary good days are worth noticing You can take it one moment at a time
"Right now, i’m so angry right now honestly.",anger,It sounds like something really pushed your limits. You can acknowledge the anger without letting it choose your next move
I can’t believe it today.,surprise,That sounds like a big surprise. Let yourself absorb the moment before deciding what it means
Can we talk about my day today.,neutral,Absolutely. Tell me whatever part of your day you want to share
"Right now, seriously? I’m stunned after everything that happened.",surprise,You sound genuinely surprised. Take a breath and give yourself time to process the new information
"Right now, i’m tired of being treated this way for some reason.",anger,Being treated unfairly can build a lot of anger. It may help to separate what happened from what you want to happen next
I just want to cry this morning.,sadness,Sometimes tears are simply a way of letting emotion out. You can give yourself a quiet moment
"Lately, i’m afraid I’ll mess this up this morning.",fear,Fear of making mistakes can put a lot of pressure on you. Remember that one imperfect moment does not define the whole experience You can take it one moment at a time
"Right now, i’m afraid to find out after everything that happened.",fear,Waiting for an answer can be frightening. You can take the moment one piece at a time instead of carrying the whole uncertainty at once
"For some reason, i had such a good day tonight.",joy,I’m happy your day treated you well. Those ordinary good days are worth noticing
"Lately, i have a bad feeling for some reason.",fear,That uneasy feeling can be unsettling. Take a slow breath and give yourself a moment to separate the feeling from the facts you know You can take it one moment at a time
Really worried honestly.,fear,It’s understandable to feel nervous before an important interaction. You can prepare for what you can control and let the rest unfold There’s no need to rush your response
"Right now, i’m trying to understand myself better after everything that happened.",neutral,That sounds like a worthwhile goal. We can look at what you’ve been noticing without rushing to conclusions
"Honestly, i’m proud of myself tonight.",joy,You have every reason to pause and recognize what you accomplished
This came out of nowhere more than usual.,surprise,Sudden changes can be startling. A little pause can help you figure out how you feel about it
"Honestly, i can’t believe they did that today.",anger,It sounds like their action really crossed a boundary for you. Taking a breath before reacting could give you more options
I guess that was completely unexpected honestly.,surprise,Sounds like the situation changed quickly. Take some time to process what happened There’s no need to rush your response
Just feeling sad tonight.,sadness,"Missing the past can hurt, especially when it carries meaningful memories. It’s okay to acknowledge that feeling"
This annoys me this morning.,anger,Repeated problems can wear down your patience. It’s understandable to feel angry when the same issue keeps returning
"Honestly, I feel fantastic for some reason.",joy,I’m glad you’re having such a positive moment. Let yourself enjoy it without overthinking it
"For some reason, ugh, that was nasty at the moment.",disgust,Sounds like a seriously unpleasant experience. Give yourself a little space from it
"Honestly, this made my whole day this morning.",joy,It sounds like that moment really lifted you. Hold onto what made it meaningful
"For some reason, i feel really anxious about this honestly.",fear,"It sounds like this situation has your mind on high alert. Try narrowing your attention to the next small, manageable step"
"For some reason, i’m annoyed beyond words lately.",anger,That sounds like a lot of irritation building up. A short break may help you sort out what specifically crossed the line
"Honestly, i don’t really know what to say at the moment.",neutral,"That’s completely fine. You can start with whatever feels easiest, even if it’s just one sentence"
Feeling great tonight.,joy,There’s something refreshing about a day that feels special. Enjoy it at your own pace You can take it one moment at a time
Today feels heavy this morning.,sadness,Sometimes tears are simply a way of letting emotion out. You can give yourself a quiet moment
"I guess well, that’s new lately.",surprise,Something clearly caught you off guard. It’s okay to simply observe your reaction for a moment There’s no need to rush your response
"Honestly, this came out of nowhere at the moment.",surprise,Sudden changes can be startling. A little pause can help you figure out how you feel about it
"Lately, everything feels a little empty today.",sadness,That emptiness can be difficult to sit with. Be gentle with yourself while you move through it You can take it one moment at a time
"Lately, i’m scared about tomorrow tonight.",fear,"Uncertainty can make tomorrow feel much bigger than it is. For now, focus on what you can handle today You can take it one moment at a time"
"Lately, i keep thinking about what I lost for some reason.",sadness,It makes sense that a loss can keep returning to your thoughts. You can acknowledge the sadness without judging yourself for it You can take it one moment at a time
"Right now, why does this keep happening today.",anger,Repeated problems can wear down your patience. It’s understandable to feel angry when the same issue keeps returning
"For some reason, i’m annoyed beyond words more than usual.",anger,That sounds like a lot of irritation building up. A short break may help you sort out what specifically crossed the line
Today feels special honestly.,joy,There’s something refreshing about a day that feels special. Enjoy it at your own pace
I feel sickened by this after everything that happened.,disgust,That reaction shows how strongly the situation affected you. Stepping back can help you regain some comfort
"Lately, i’m proud of myself.",joy,You have every reason to pause and recognize what you accomplished You can take it one moment at a time
"Right now, i’m just checking in this morning.",neutral,I’m here with you. What would you like to talk about?
"Right now, that was completely unexpected more than usual.",surprise,Sounds like the situation changed quickly. Take some time to process what happened
I guess i feel sickened by this.,disgust,That reaction shows how strongly the situation affected you. Stepping back can help you regain some comfort There’s no need to rush your response
"Well, that’s new this morning.",surprise,Something clearly caught you off guard. It’s okay to simply observe your reaction for a moment
"Honestly, i feel really anxious about this more than usual.",fear,"It sounds like this situation has your mind on high alert. Try narrowing your attention to the next small, manageable step"
This made my whole day tonight.,joy,It sounds like that moment really lifted you. Hold onto what made it meaningful
"Right now, i wanted to talk for a bit.",neutral,Of course. We can take the conversation wherever you’d like
"Honestly, i feel really down today today.",sadness,I’m sorry today feels heavy. You don’t have to force yourself to feel better immediately
I guess everything feels a little empty.,sadness,That emptiness can be difficult to sit with. Be gentle with yourself while you move through it There’s no need to rush your response
"Lately, what if everything goes wrong tonight.",fear,That kind of what-if thinking can feel overwhelming. Gently return to what you know right now rather than every possible outcome You can take it one moment at a time
"Lately, i wanted to talk for a bit at the moment.",neutral,Of course. We can take the conversation wherever you’d like You can take it one moment at a time
"Honestly, i’m having a rough time at the moment.",sadness,I’m sorry you’re going through a rough patch. You don’t have to solve everything at once
I can't stop smiling at the moment.,joy,That smile says a lot. I hope you get to soak up this good feeling
Really worried this morning.,fear,It’s understandable to feel nervous before an important interaction. You can prepare for what you can control and let the rest unfold There’s no need to rush your response
I can’t stand the smell today.,disgust,"Strong unpleasant smells can be overwhelming. If you can, move somewhere with fresher air and give yourself a reset"
"Honestly, today was pretty normal honestly.",neutral,"Sometimes a normal day is simply a normal day. What stood out, if anything?"
"For some reason, i’m nervous about meeting them tonight.",fear,It’s understandable to feel nervous before an important interaction. You can prepare for what you can control and let the rest unfold
"Right now, i’m trying to understand myself better.",neutral,That sounds like a worthwhile goal. We can look at what you’ve been noticing without rushing to conclusions
Absolutely unpleasant for some reason.,disgust,Your reaction sounds strong and understandable given what you encountered. Creating some distance may help
"Honestly, they completely ignored me for some reason.",anger,"Being ignored can feel deeply disrespectful. Your frustration makes sense, and you can decide how you want to address it calmly"
"Lately, everything feels uncertain.",fear,Uncertainty can make even ordinary decisions feel harder. Focus on the next clear choice rather than solving everything at once You can take it one moment at a time
"Honestly, i’m afraid I’ll mess this up honestly.",fear,Fear of making mistakes can put a lot of pressure on you. Remember that one imperfect moment does not define the whole experience
"Right now, i don’t really know what to say.",neutral,"That’s completely fine. You can start with whatever feels easiest, even if it’s just one sentence"
This came out of nowhere lately.,surprise,Sudden changes can be startling. A little pause can help you figure out how you feel about it
"Honestly, today feels special.",joy,There’s something refreshing about a day that feels special. Enjoy it at your own pace
"I guess wait, that actually happened for some reason.",surprise,That sounds like quite a surprise. Give yourself a moment to take it in There’s no need to rush your response
I’m disgusted by what happened lately.,disgust,Your reaction sounds strong and understandable given what you encountered. Creating some distance may help
"Right now, i wanted to talk for a bit honestly.",neutral,Of course. We can take the conversation wherever you’d like
"For some reason, i’m fed up with this this morning.",anger,It sounds like you’ve reached your limit. You deserve a moment to step back and breathe before deciding what to do next
"Honestly, i’m feeling really happy today after everything that happened.",joy,That happiness sounds lovely. Give yourself permission to enjoy this moment
I guess i wanted to talk for a bit for some reason.,neutral,Of course. We can take the conversation wherever you’d like There’s no need to rush your response
"For some reason, i’m so angry right now.",anger,It sounds like something really pushed your limits. You can acknowledge the anger without letting it choose your next move
"Lately, that really grosses me out after everything that happened.",disgust,It sounds like that crossed a strong comfort boundary for you. It’s okay to step away from what feels unpleasant You can take it one moment at a time
This makes me furious today.,anger,I hear how strong the anger is. You can validate that feeling while still choosing a response you’ll feel good about later
I can’t believe they did that.,anger,It sounds like their action really crossed a boundary for you. Taking a breath before reacting could give you more options
"Honestly, today was pretty normal.",neutral,"Sometimes a normal day is simply a normal day. What stood out, if anything?"
Feeling low lately.,sadness,It sounds like things feel unusually flat right now. Taking the day slowly may be kinder than demanding too much from yourself You can take it one moment at a time
"Honestly, that really grosses me out more than usual.",disgust,It sounds like that crossed a strong comfort boundary for you. It’s okay to step away from what feels unpleasant
"For some reason, whoa, seriously this morning.",surprise,That definitely sounds unexpected. Sometimes a little pause helps the surprise settle
"For some reason, whoa, seriously at the moment.",surprise,That definitely sounds unexpected. Sometimes a little pause helps the surprise settle
"For some reason, that behavior is so disturbing at the moment.",disgust,It sounds like what you saw really unsettled you. You’re allowed to recognize that it crossed your personal boundaries
Feeling great at the moment.,joy,There’s something refreshing about a day that feels special. Enjoy it at your own pace You can take it one moment at a time
"Lately, i can’t believe they did that at the moment.",anger,It sounds like their action really crossed a boundary for you. Taking a breath before reacting could give you more options You can take it one moment at a time
"For some reason, nothing feels exciting anymore tonight.",sadness,It sounds like things feel unusually flat right now. Taking the day slowly may be kinder than demanding too much from yourself
I guess i’m afraid to find out after everything that happened.,fear,Waiting for an answer can be frightening. You can take the moment one piece at a time instead of carrying the whole uncertainty at once There’s no need to rush your response
"Right now, i can’t believe they did that lately.",anger,It sounds like their action really crossed a boundary for you. Taking a breath before reacting could give you more options
"Lately, nothing much is happening today for some reason.",neutral,Sounds like a fairly ordinary day. Is there anything on your mind? You can take it one moment at a time
I’m deeply uncomfortable with this at the moment.,disgust,"Your discomfort matters. You can pause, create some distance, and decide what boundary feels right"
"Right now, nothing feels exciting anymore.",sadness,It sounds like things feel unusually flat right now. Taking the day slowly may be kinder than demanding too much from yourself
I guess got some amazing news more than usual.,joy,Wonderful news can brighten everything. What part of it feels best to you? There’s no need to rush your response
"Lately, i can't stop smiling this morning.",joy,That smile says a lot. I hope you get to soak up this good feeling You can take it one moment at a time
I guess that behavior is so disturbing after everything that happened.,disgust,It sounds like what you saw really unsettled you. You’re allowed to recognize that it crossed your personal boundaries There’s no need to rush your response
"Lately, i miss how things used to be today.",sadness,"Missing the past can hurt, especially when it carries meaningful memories. It’s okay to acknowledge that feeling You can take it one moment at a time"
"Lately, well, that’s new this morning.",surprise,Something clearly caught you off guard. It’s okay to simply observe your reaction for a moment You can take it one moment at a time
I’m stunned more than usual.,surprise,That sounds like quite a surprise. Give yourself a moment to take it in
I hate seeing things like that tonight.,disgust,It makes sense that something so unpleasant would bother you. You can choose some distance from it when possible
"Right now, i’m afraid I’ll mess this up this morning.",fear,Fear of making mistakes can put a lot of pressure on you. Remember that one imperfect moment does not define the whole experience
"Honestly, i have a bad feeling tonight.",fear,That uneasy feeling can be unsettling. Take a slow breath and give yourself a moment to separate the feeling from the facts you know
"Lately, why does this keep happening this morning.",anger,Repeated problems can wear down your patience. It’s understandable to feel angry when the same issue keeps returning You can take it one moment at a time
"For some reason, i’m tired of being treated this way tonight.",anger,Being treated unfairly can build a lot of anger. It may help to separate what happened from what you want to happen next
"Honestly, i’m trying to understand myself better more than usual.",neutral,That sounds like a worthwhile goal. We can look at what you’ve been noticing without rushing to conclusions
"Right now, just thinking things over after everything that happened.",neutral,Taking time to think can be useful. What’s been occupying your thoughts?
I can’t believe they did that today.,anger,It sounds like their action really crossed a boundary for you. Taking a breath before reacting could give you more options
Seriously? I’m stunned today.,surprise,You sound genuinely surprised. Take a breath and give yourself time to process the new information
"Lately, i’m shocked by the news after everything that happened.",surprise,It makes sense to need a moment after surprising news. You don’t have to react immediately You can take it one moment at a time
I miss how things used to be for some reason.,sadness,"Missing the past can hurt, especially when it carries meaningful memories. It’s okay to acknowledge that feeling"
"For some reason, everything feels uncertain tonight.",fear,Uncertainty can make even ordinary decisions feel harder. Focus on the next clear choice rather than solving everything at once
"Honestly, i’m proud of myself today.",joy,You have every reason to pause and recognize what you accomplished
"For some reason, today feels special this morning.",joy,There’s something refreshing about a day that feels special. Enjoy it at your own pace
"Right now, that is just gross lately.",disgust,I hear how strongly you dislike it. Sometimes the best response is simply to remove yourself from the unpleasant situation
I hate seeing things like that today.,disgust,It makes sense that something so unpleasant would bother you. You can choose some distance from it when possible
I guess things are finally going my way after everything that happened.,joy,It’s great to hear that things are clicking into place. Take a moment to appreciate the progress There’s no need to rush your response
I’m having a rough time tonight.,sadness,I’m sorry you’re going through a rough patch. You don’t have to solve everything at once
"Honestly, can we talk about my day at the moment.",neutral,Absolutely. Tell me whatever part of your day you want to share
"Lately, i’m afraid I’ll mess this up after everything that happened.",fear,Fear of making mistakes can put a lot of pressure on you. Remember that one imperfect moment does not define the whole experience You can take it one moment at a time
"Right now, i’m tired of being treated this way more than usual.",anger,Being treated unfairly can build a lot of anger. It may help to separate what happened from what you want to happen next
"Lately, i’m so angry right now today.",anger,It sounds like something really pushed your limits. You can acknowledge the anger without letting it choose your next move You can take it one moment at a time
Feeling great for some reason.,joy,There’s something refreshing about a day that feels special. Enjoy it at your own pace You can take it one moment at a time
"For some reason, today just hurts at the moment.",sadness,"I hear how painful today feels. For now, being gentle with yourself is enough"
That was completely unexpected for some reason.,surprise,Sounds like the situation changed quickly. Take some time to process what happened
"I guess honestly, I feel fantastic at the moment.",joy,I’m glad you’re having such a positive moment. Let yourself enjoy it without overthinking it There’s no need to rush your response
"Right now, that is just gross this morning.",disgust,I hear how strongly you dislike it. Sometimes the best response is simply to remove yourself from the unpleasant situation
"Lately, why does this keep happening after everything that happened.",anger,Repeated problems can wear down your patience. It’s understandable to feel angry when the same issue keeps returning You can take it one moment at a time
"Right now, i can’t stand the smell.",disgust,"Strong unpleasant smells can be overwhelming. If you can, move somewhere with fresher air and give yourself a reset"
"Lately, nothing much is happening today tonight.",neutral,Sounds like a fairly ordinary day. Is there anything on your mind? You can take it one moment at a time
"Honestly, that is just gross tonight.",disgust,I hear how strongly you dislike it. Sometimes the best response is simply to remove yourself from the unpleasant situation
"For some reason, they completely ignored me for some reason.",anger,"Being ignored can feel deeply disrespectful. Your frustration makes sense, and you can decide how you want to address it calmly"
"Right now, just thinking things over for some reason.",neutral,Taking time to think can be useful. What’s been occupying your thoughts?
"Lately, i have a bad feeling honestly.",fear,That uneasy feeling can be unsettling. Take a slow breath and give yourself a moment to separate the feeling from the facts you know You can take it one moment at a time
I guess i feel lonely even around people.,sadness,Feeling alone while surrounded by others can be especially painful. It may help to name what kind of connection you’re missing There’s no need to rush your response
"For some reason, this is seriously frustrating after everything that happened.",anger,I can understand why that would feel frustrating. A little space before responding may help you regain control
"Right now, well, that’s new for some reason.",surprise,Something clearly caught you off guard. It’s okay to simply observe your reaction for a moment
"For some reason, today just hurts today.",sadness,"I hear how painful today feels. For now, being gentle with yourself is enough"
"Lately, i keep thinking about what I lost lately.",sadness,It makes sense that a loss can keep returning to your thoughts. You can acknowledge the sadness without judging yourself for it You can take it one moment at a time
"Lately, this is seriously frustrating at the moment.",anger,I can understand why that would feel frustrating. A little space before responding may help you regain control You can take it one moment at a time
"Honestly, i don’t really know what to say more than usual.",neutral,"That’s completely fine. You can start with whatever feels easiest, even if it’s just one sentence"
What a surprise tonight.,surprise,Unexpected moments can take a second to process. What part surprised you most?
I’m disgusted by what happened more than usual.,disgust,Your reaction sounds strong and understandable given what you encountered. Creating some distance may help
"Lately, i feel really anxious about this lately.",fear,"It sounds like this situation has your mind on high alert. Try narrowing your attention to the next small, manageable step You can take it one moment at a time"
"Lately, i’m deeply uncomfortable with this tonight.",disgust,"Your discomfort matters. You can pause, create some distance, and decide what boundary feels right You can take it one moment at a time"
Really worried after everything that happened.,fear,"It sounds like this situation has your mind on high alert. Try narrowing your attention to the next small, manageable step"
"Right now, i’m not sure what I’m feeling more than usual.",neutral,That’s okay. You don’t need to label everything immediately; we can explore it together
"For some reason, i did not see that coming for some reason.",surprise,Unexpected moments can take a second to process. What part surprised you most?
"Honestly, i feel really anxious about this at the moment.",fear,"It sounds like this situation has your mind on high alert. Try narrowing your attention to the next small, manageable step"
"Right now, i’m so angry right now for some reason.",anger,It sounds like something really pushed your limits. You can acknowledge the anger without letting it choose your next move
"For some reason, i’m fed up with this more than usual.",anger,It sounds like you’ve reached your limit. You deserve a moment to step back and breathe before deciding what to do next
I’m really hurting honestly.,sadness,That emptiness can be difficult to sit with. Be gentle with yourself while you move through it
"For some reason, i can’t believe they did that honestly.",anger,It sounds like their action really crossed a boundary for you. Taking a breath before reacting could give you more options
"Honestly, nothing feels exciting anymore after everything that happened.",sadness,It sounds like things feel unusually flat right now. Taking the day slowly may be kinder than demanding too much from yourself
"For some reason, this came out of nowhere.",surprise,Sudden changes can be startling. A little pause can help you figure out how you feel about it
I’m disappointed and sad more than usual.,sadness,That combination can weigh heavily. It’s okay to recognize both the disappointment and the sadness
"For some reason, that is just gross more than usual.",disgust,I hear how strongly you dislike it. Sometimes the best response is simply to remove yourself from the unpleasant situation
"Right now, i wanted to talk for a bit this morning.",neutral,Of course. We can take the conversation wherever you’d like
"For some reason, that was absolutely revolting.",disgust,That sounds deeply unpleasant. You don’t have to stay around something that makes you feel that uncomfortable
I have a question honestly.,neutral,"Sure, go ahead. I’ll do my best to help you work through it"
I guess that behavior is so disturbing lately.,disgust,It sounds like what you saw really unsettled you. You’re allowed to recognize that it crossed your personal boundaries There’s no need to rush your response
"Honestly, i’m disappointed and sad.",sadness,That combination can weigh heavily. It’s okay to recognize both the disappointment and the sadness
I have a bad feeling more than usual.,fear,That uneasy feeling can be unsettling. Take a slow breath and give yourself a moment to separate the feeling from the facts you know
I’m shocked by the news tonight.,surprise,It makes sense to need a moment after surprising news. You don’t have to react immediately
"Lately, i’m disappointed and sad for some reason.",sadness,That combination can weigh heavily. It’s okay to recognize both the disappointment and the sadness You can take it one moment at a time
"For some reason, today feels special honestly.",joy,There’s something refreshing about a day that feels special. Enjoy it at your own pace
"For some reason, i feel really anxious about this lately.",fear,"It sounds like this situation has your mind on high alert. Try narrowing your attention to the next small, manageable step"
"For some reason, everything feels a little empty this morning.",sadness,That emptiness can be difficult to sit with. Be gentle with yourself while you move through it
"Right now, seriously? I’m stunned for some reason.",surprise,You sound genuinely surprised. Take a breath and give yourself time to process the new information
"Lately, i’m feeling really happy today.",joy,That happiness sounds lovely. Give yourself permission to enjoy this moment You can take it one moment at a time
"Right now, i’m shocked by the news this morning.",surprise,It makes sense to need a moment after surprising news. You don’t have to react immediately
"Right now, i can't stop smiling lately.",joy,That smile says a lot. I hope you get to soak up this good feeling
"Honestly, this is seriously frustrating at the moment.",anger,I can understand why that would feel frustrating. A little space before responding may help you regain control
"Honestly, i feel sickened by this lately.",disgust,That reaction shows how strongly the situation affected you. Stepping back can help you regain some comfort
"For some reason, ugh, that was nasty honestly.",disgust,Sounds like a seriously unpleasant experience. Give yourself a little space from it
"Lately, i’m nervous about meeting them this morning.",fear,It’s understandable to feel nervous before an important interaction. You can prepare for what you can control and let the rest unfold You can take it one moment at a time
"Right now, i never imagined this would happen for some reason.",surprise,That kind of unexpected turn can leave you searching for words. Give yourself space to take it in
"Lately, i’m so angry right now honestly.",anger,It sounds like something really pushed your limits. You can acknowledge the anger without letting it choose your next move You can take it one moment at a time
I guess i miss how things used to be tonight.,sadness,"Missing the past can hurt, especially when it carries meaningful memories. It’s okay to acknowledge that feeling There’s no need to rush your response"
"Honestly, that behavior is so disturbing tonight.",disgust,It sounds like what you saw really unsettled you. You’re allowed to recognize that it crossed your personal boundaries
"Right now, what if everything goes wrong more than usual.",fear,That kind of what-if thinking can feel overwhelming. Gently return to what you know right now rather than every possible outcome
That’s gross after everything that happened.,disgust,It sounds like what you saw really unsettled you. You’re allowed to recognize that it crossed your personal boundaries You can take it one moment at a time
"For some reason, i can’t believe it more than usual.",surprise,That sounds like a big surprise. Let yourself absorb the moment before deciding what it means
"Right now, i have a question today.",neutral,"Sure, go ahead. I’ll do my best to help you work through it"
"Lately, what if everything goes wrong after everything that happened.",fear,That kind of what-if thinking can feel overwhelming. Gently return to what you know right now rather than every possible outcome You can take it one moment at a time
"Lately, i’m disappointed and sad at the moment.",sadness,That combination can weigh heavily. It’s okay to recognize both the disappointment and the sadness You can take it one moment at a time
"Lately, i’m excited about what’s next more than usual.",joy,That excitement can be a great source of energy. Let it carry you forward one step at a time You can take it one moment at a time
"For some reason, seriously? I’m stunned at the moment.",surprise,You sound genuinely surprised. Take a breath and give yourself time to process the new information
I’m stunned honestly.,surprise,Sounds like the situation changed quickly. Take some time to process what happened You can take it one moment at a time
"For some reason, i’m proud of myself after everything that happened.",joy,You have every reason to pause and recognize what you accomplished
I guess i’m fed up with this at the moment.,anger,It sounds like you’ve reached your limit. You deserve a moment to step back and breathe before deciding what to do next There’s no need to rush your response
I guess nothing much is happening today at the moment.,neutral,Sounds like a fairly ordinary day. Is there anything on your mind? There’s no need to rush your response
"Lately, just thinking things over for some reason.",neutral,Taking time to think can be useful. What’s been occupying your thoughts? You can take it one moment at a time
"Right now, i don’t really know what to say this morning.",neutral,"That’s completely fine. You can start with whatever feels easiest, even if it’s just one sentence"
Everything feels uncertain tonight.,fear,Uncertainty can make even ordinary decisions feel harder. Focus on the next clear choice rather than solving everything at once
"Lately, today was pretty normal tonight.",neutral,"Sometimes a normal day is simply a normal day. What stood out, if anything? You can take it one moment at a time"
"Honestly, I feel fantastic today.",joy,I’m glad you’re having such a positive moment. Let yourself enjoy it without overthinking it
"I guess honestly, I feel fantastic today.",joy,I’m glad you’re having such a positive moment. Let yourself enjoy it without overthinking it There’s no need to rush your response
"Lately, today just hurts more than usual.",sadness,"I hear how painful today feels. For now, being gentle with yourself is enough You can take it one moment at a time"
I’m disappointed and sad.,sadness,That combination can weigh heavily. It’s okay to recognize both the disappointment and the sadness
"Right now, that really grosses me out more than usual.",disgust,It sounds like that crossed a strong comfort boundary for you. It’s okay to step away from what feels unpleasant
"For some reason, i feel really down today tonight.",sadness,I’m sorry today feels heavy. You don’t have to force yourself to feel better immediately
"For some reason, i’m so angry right now tonight.",anger,It sounds like something really pushed your limits. You can acknowledge the anger without letting it choose your next move
"For some reason, what if everything goes wrong after everything that happened.",fear,That kind of what-if thinking can feel overwhelming. Gently return to what you know right now rather than every possible outcome
"Right now, well, that’s new after everything that happened.",surprise,Something clearly caught you off guard. It’s okay to simply observe your reaction for a moment
"Right now, i have a bad feeling tonight.",fear,That uneasy feeling can be unsettling. Take a slow breath and give yourself a moment to separate the feeling from the facts you know
"Right now, i hate seeing things like that today.",disgust,It makes sense that something so unpleasant would bother you. You can choose some distance from it when possible
This came out of nowhere this morning.,surprise,Sudden changes can be startling. A little pause can help you figure out how you feel about it
"For some reason, i’m excited about what’s next at the moment.",joy,That excitement can be a great source of energy. Let it carry you forward one step at a time
"Honestly, i feel really anxious about this tonight.",fear,"It sounds like this situation has your mind on high alert. Try narrowing your attention to the next small, manageable step"
"For some reason, i’m disappointed and sad lately.",sadness,That combination can weigh heavily. It’s okay to recognize both the disappointment and the sadness
"Lately, i had such a good day tonight.",joy,I’m happy your day treated you well. Those ordinary good days are worth noticing You can take it one moment at a time
"Right now, i’m deeply uncomfortable with this for some reason.",disgust,"Your discomfort matters. You can pause, create some distance, and decide what boundary feels right"
"Right now, today just hurts for some reason.",sadness,"I hear how painful today feels. For now, being gentle with yourself is enough"
"For some reason, i never imagined this would happen this morning.",surprise,That kind of unexpected turn can leave you searching for words. Give yourself space to take it in
I’m afraid I’ll mess this up.,fear,Fear of making mistakes can put a lot of pressure on you. Remember that one imperfect moment does not define the whole experience
"Honestly, nothing much is happening today after everything that happened.",neutral,Sounds like a fairly ordinary day. Is there anything on your mind?
"Right now, i’m disappointed and sad this morning.",sadness,That combination can weigh heavily. It’s okay to recognize both the disappointment and the sadness
"Lately, i’m tired of being treated this way this morning.",anger,Being treated unfairly can build a lot of anger. It may help to separate what happened from what you want to happen next You can take it one moment at a time
They completely ignored me this morning.,anger,"Being ignored can feel deeply disrespectful. Your frustration makes sense, and you can decide how you want to address it calmly"
This is seriously frustrating after everything that happened.,anger,I can understand why that would feel frustrating. A little space before responding may help you regain control
So frustrated for some reason.,anger,"Being ignored can feel deeply disrespectful. Your frustration makes sense, and you can decide how you want to address it calmly There’s no need to rush your response"
"Right now, honestly, I feel fantastic tonight.",joy,I’m glad you’re having such a positive moment. Let yourself enjoy it without overthinking it
"Lately, well, that’s new today.",surprise,Something clearly caught you off guard. It’s okay to simply observe your reaction for a moment You can take it one moment at a time
I’m scared.,fear,"Uncertainty can make tomorrow feel much bigger than it is. For now, focus on what you can handle today"
"Lately, got some amazing news at the moment.",joy,Wonderful news can brighten everything. What part of it feels best to you? You can take it one moment at a time
"Lately, this makes me furious today.",anger,I hear how strong the anger is. You can validate that feeling while still choosing a response you’ll feel good about later You can take it one moment at a time
"Right now, well, that’s new this morning.",surprise,Something clearly caught you off guard. It’s okay to simply observe your reaction for a moment
"Lately, well, that’s new more than usual.",surprise,Something clearly caught you off guard. It’s okay to simply observe your reaction for a moment You can take it one moment at a time
"Lately, i can’t believe it at the moment.",surprise,That sounds like a big surprise. Let yourself absorb the moment before deciding what it means You can take it one moment at a time
"For some reason, i’m annoyed beyond words for some reason.",anger,That sounds like a lot of irritation building up. A short break may help you sort out what specifically crossed the line
I have a bad feeling this morning.,fear,That uneasy feeling can be unsettling. Take a slow breath and give yourself a moment to separate the feeling from the facts you know
"Right now, got some amazing news tonight.",joy,Wonderful news can brighten everything. What part of it feels best to you?
"For some reason, i can't stop smiling at the moment.",joy,That smile says a lot. I hope you get to soak up this good feeling
"Right now, i’m excited about what’s next tonight.",joy,That excitement can be a great source of energy. Let it carry you forward one step at a time
"Honestly, today feels special tonight.",joy,There’s something refreshing about a day that feels special. Enjoy it at your own pace
"Right now, i never imagined this would happen honestly.",surprise,That kind of unexpected turn can leave you searching for words. Give yourself space to take it in
"For some reason, nothing feels exciting anymore today.",sadness,It sounds like things feel unusually flat right now. Taking the day slowly may be kinder than demanding too much from yourself
I guess i can't stop smiling this morning.,joy,That smile says a lot. I hope you get to soak up this good feeling There’s no need to rush your response
"Right now, that was absolutely revolting today.",disgust,That sounds deeply unpleasant. You don’t have to stay around something that makes you feel that uncomfortable
I guess i can't stop smiling lately.,joy,That smile says a lot. I hope you get to soak up this good feeling There’s no need to rush your response
"Right now, wait, that actually happened?",surprise,That sounds like quite a surprise. Give yourself a moment to take it in
Everything feels a little empty honestly.,sadness,That emptiness can be difficult to sit with. Be gentle with yourself while you move through it
They completely ignored me honestly.,anger,"Being ignored can feel deeply disrespectful. Your frustration makes sense, and you can decide how you want to address it calmly"
"Honestly, i’m scared about tomorrow tonight.",fear,"Uncertainty can make tomorrow feel much bigger than it is. For now, focus on what you can handle today"
Today was pretty normal honestly.,neutral,"Sometimes a normal day is simply a normal day. What stood out, if anything?"
"Honestly, this came out of nowhere today.",surprise,Sudden changes can be startling. A little pause can help you figure out how you feel about it
"For some reason, i’m fed up with this at the moment.",anger,It sounds like you’ve reached your limit. You deserve a moment to step back and breathe before deciding what to do next
I’m furious after everything that happened.,anger,It sounds like something really pushed your limits. You can acknowledge the anger without letting it choose your next move
That was absolutely revolting for some reason.,disgust,That sounds deeply unpleasant. You don’t have to stay around something that makes you feel that uncomfortable
"Lately, why does this keep happening today.",anger,Repeated problems can wear down your patience. It’s understandable to feel angry when the same issue keeps returning You can take it one moment at a time
"I guess honestly, I feel fantastic tonight.",joy,I’m glad you’re having such a positive moment. Let yourself enjoy it without overthinking it There’s no need to rush your response
"Honestly, that is just gross this morning.",disgust,I hear how strongly you dislike it. Sometimes the best response is simply to remove yourself from the unpleasant situation
"Lately, i feel sickened by this for some reason.",disgust,That reaction shows how strongly the situation affected you. Stepping back can help you regain some comfort You can take it one moment at a time
"For some reason, i’m deeply uncomfortable with this at the moment.",disgust,"Your discomfort matters. You can pause, create some distance, and decide what boundary feels right"
"Honestly, this is seriously frustrating.",anger,I can understand why that would feel frustrating. A little space before responding may help you regain control
"Lately, nothing much is happening today lately.",neutral,Sounds like a fairly ordinary day. Is there anything on your mind? You can take it one moment at a time
What a surprise after everything that happened.,surprise,That sounds like a big surprise. Let yourself absorb the moment before deciding what it means There’s no need to rush your response
This makes me furious.,anger,I hear how strong the anger is. You can validate that feeling while still choosing a response you’ll feel good about later
"Honestly, today feels special today.",joy,There’s something refreshing about a day that feels special. Enjoy it at your own pace
"Lately, everything feels uncertain today.",fear,Uncertainty can make even ordinary decisions feel harder. Focus on the next clear choice rather than solving everything at once You can take it one moment at a time
"Honestly, i feel sickened by this today.",disgust,That reaction shows how strongly the situation affected you. Stepping back can help you regain some comfort
"Right now, that was absolutely revolting at the moment.",disgust,That sounds deeply unpleasant. You don’t have to stay around something that makes you feel that uncomfortable
I can't stop smiling honestly.,joy,That smile says a lot. I hope you get to soak up this good feeling
"For some reason, i wanted to talk for a bit at the moment.",neutral,Of course. We can take the conversation wherever you’d like
"Lately, today was pretty normal after everything that happened.",neutral,"Sometimes a normal day is simply a normal day. What stood out, if anything? You can take it one moment at a time"
"Right now, i can’t believe they did that.",anger,It sounds like their action really crossed a boundary for you. Taking a breath before reacting could give you more options
"For some reason, i want to yell this morning.",anger,That urge can be intense. Giving yourself a pause can create room to express what’s wrong without escalating things
"Honestly, just thinking things over after everything that happened.",neutral,Taking time to think can be useful. What’s been occupying your thoughts?
"Well, that’s new tonight.",surprise,Something clearly caught you off guard. It’s okay to simply observe your reaction for a moment
I feel really anxious about this for some reason.,fear,"It sounds like this situation has your mind on high alert. Try narrowing your attention to the next small, manageable step"
I’m really mad more than usual.,anger,It sounds like you’ve reached your limit. You deserve a moment to step back and breathe before deciding what to do next
"Right now, this came out of nowhere after everything that happened.",surprise,Sudden changes can be startling. A little pause can help you figure out how you feel about it
"Honestly, things are finally going my way tonight.",joy,It’s great to hear that things are clicking into place. Take a moment to appreciate the progress
"For some reason, well, that’s new tonight.",surprise,Something clearly caught you off guard. It’s okay to simply observe your reaction for a moment
"For some reason, i’m nervous about meeting them.",fear,It’s understandable to feel nervous before an important interaction. You can prepare for what you can control and let the rest unfold
I’m afraid I’ll mess this up lately.,fear,Fear of making mistakes can put a lot of pressure on you. Remember that one imperfect moment does not define the whole experience
I never imagined this would happen at the moment.,surprise,That kind of unexpected turn can leave you searching for words. Give yourself space to take it in
I’m really hurting for some reason.,sadness,I’m sorry you’re going through a rough patch. You don’t have to solve everything at once There’s no need to rush your response
"Right now, i can’t believe it lately.",surprise,That sounds like a big surprise. Let yourself absorb the moment before deciding what it means
"Lately, this makes me furious at the moment.",anger,I hear how strong the anger is. You can validate that feeling while still choosing a response you’ll feel good about later You can take it one moment at a time
I can’t believe they did that tonight.,anger,It sounds like their action really crossed a boundary for you. Taking a breath before reacting could give you more options
"Lately, honestly, I feel fantastic at the moment.",joy,I’m glad you’re having such a positive moment. Let yourself enjoy it without overthinking it You can take it one moment at a time
"Honestly, seriously? I’m stunned honestly.",surprise,You sound genuinely surprised. Take a breath and give yourself time to process the new information
"For some reason, i’m disgusted by what happened today.",disgust,Your reaction sounds strong and understandable given what you encountered. Creating some distance may help
I’m stunned more than usual.,surprise,Sounds like the situation changed quickly. Take some time to process what happened You can take it one moment at a time
What a surprise honestly.,surprise,That sounds like a big surprise. Let yourself absorb the moment before deciding what it means There’s no need to rush your response
"Right now, whoa, seriously lately.",surprise,That definitely sounds unexpected. Sometimes a little pause helps the surprise settle
"Lately, i’m panicking a little at the moment.",fear,"That sounds intense. Try grounding yourself in what you can see, hear, and feel right now, one detail at a time You can take it one moment at a time"
"Right now, that behavior is so disturbing for some reason.",disgust,It sounds like what you saw really unsettled you. You’re allowed to recognize that it crossed your personal boundaries
I’m tired of being treated this way at the moment.,anger,Being treated unfairly can build a lot of anger. It may help to separate what happened from what you want to happen next
"Honestly, i’m tired of being treated this way for some reason.",anger,Being treated unfairly can build a lot of anger. It may help to separate what happened from what you want to happen next
"Lately, just thinking things over today.",neutral,Taking time to think can be useful. What’s been occupying your thoughts? You can take it one moment at a time
"For some reason, that was completely unexpected today.",surprise,Sounds like the situation changed quickly. Take some time to process what happened
"Right now, this came out of nowhere.",surprise,Sudden changes can be startling. A little pause can help you figure out how you feel about it
I’m stunned after everything that happened.,surprise,That sounds like quite a surprise. Give yourself a moment to take it in
"For some reason, i can't stop smiling more than usual.",joy,That smile says a lot. I hope you get to soak up this good feeling
"Lately, honestly, I feel fantastic tonight.",joy,I’m glad you’re having such a positive moment. Let yourself enjoy it without overthinking it You can take it one moment at a time
I want to yell at the moment.,anger,That urge can be intense. Giving yourself a pause can create room to express what’s wrong without escalating things
"For some reason, i can't stop smiling today.",joy,That smile says a lot. I hope you get to soak up this good feeling
"Right now, i’m having a rough time more than usual.",sadness,I’m sorry you’re going through a rough patch. You don’t have to solve everything at once
"Right now, can we talk about my day more than usual.",neutral,Absolutely. Tell me whatever part of your day you want to share
I guess got some amazing news honestly.,joy,Wonderful news can brighten everything. What part of it feels best to you? There’s no need to rush your response
So happy right now today.,joy,You have every reason to pause and recognize what you accomplished There’s no need to rush your response
"Right now, i’m tired of being treated this way after everything that happened.",anger,Being treated unfairly can build a lot of anger. It may help to separate what happened from what you want to happen next
"For some reason, everything feels a little empty tonight.",sadness,That emptiness can be difficult to sit with. Be gentle with yourself while you move through it
"For some reason, that was absolutely revolting for some reason.",disgust,That sounds deeply unpleasant. You don’t have to stay around something that makes you feel that uncomfortable
So frustrated after everything that happened.,anger,"Being ignored can feel deeply disrespectful. Your frustration makes sense, and you can decide how you want to address it calmly There’s no need to rush your response"
"Right now, i can't stop smiling.",joy,That smile says a lot. I hope you get to soak up this good feeling
"Honestly, things are finally going my way honestly.",joy,It’s great to hear that things are clicking into place. Take a moment to appreciate the progress
"Right now, i feel lonely even around people tonight.",sadness,Feeling alone while surrounded by others can be especially painful. It may help to name what kind of connection you’re missing
I’m disappointed and sad tonight.,sadness,That combination can weigh heavily. It’s okay to recognize both the disappointment and the sadness
Feeling low today.,sadness,It sounds like things feel unusually flat right now. Taking the day slowly may be kinder than demanding too much from yourself You can take it one moment at a time
They completely ignored me at the moment.,anger,"Being ignored can feel deeply disrespectful. Your frustration makes sense, and you can decide how you want to address it calmly"
"For some reason, i’m fed up with this.",anger,It sounds like you’ve reached your limit. You deserve a moment to step back and breathe before deciding what to do next
Feeling great honestly.,joy,That happiness sounds lovely. Give yourself permission to enjoy this moment
"Honestly, i’m just checking in.",neutral,I’m here with you. What would you like to talk about?
Can we talk about my day for some reason.,neutral,Absolutely. Tell me whatever part of your day you want to share
Just feeling sad after everything that happened.,sadness,"Missing the past can hurt, especially when it carries meaningful memories. It’s okay to acknowledge that feeling"
"Right now, they completely ignored me at the moment.",anger,"Being ignored can feel deeply disrespectful. Your frustration makes sense, and you can decide how you want to address it calmly"
I’m nervous about meeting them more than usual.,fear,It’s understandable to feel nervous before an important interaction. You can prepare for what you can control and let the rest unfold
Feeling great this morning.,joy,That happiness sounds lovely. Give yourself permission to enjoy this moment
"Right now, i’m shocked by the news for some reason.",surprise,It makes sense to need a moment after surprising news. You don’t have to react immediately
I guess i’m shocked by the news more than usual.,surprise,It makes sense to need a moment after surprising news. You don’t have to react immediately There’s no need to rush your response
"Right now, i feel lonely even around people lately.",sadness,Feeling alone while surrounded by others can be especially painful. It may help to name what kind of connection you’re missing
"For some reason, that really grosses me out this morning.",disgust,It sounds like that crossed a strong comfort boundary for you. It’s okay to step away from what feels unpleasant
"For some reason, i feel sickened by this today.",disgust,That reaction shows how strongly the situation affected you. Stepping back can help you regain some comfort
They completely ignored me for some reason.,anger,"Being ignored can feel deeply disrespectful. Your frustration makes sense, and you can decide how you want to address it calmly"
I guess that behavior is so disturbing honestly.,disgust,It sounds like what you saw really unsettled you. You’re allowed to recognize that it crossed your personal boundaries There’s no need to rush your response
"Honestly, I feel fantastic honestly.",joy,I’m glad you’re having such a positive moment. Let yourself enjoy it without overthinking it
"Honestly, i did not see that coming after everything that happened.",surprise,Unexpected moments can take a second to process. What part surprised you most?
Nothing much is happening today for some reason.,neutral,Sounds like a fairly ordinary day. Is there anything on your mind?
"Right now, i feel lonely even around people at the moment.",sadness,Feeling alone while surrounded by others can be especially painful. It may help to name what kind of connection you’re missing
I guess i’m afraid to find out today.,fear,Waiting for an answer can be frightening. You can take the moment one piece at a time instead of carrying the whole uncertainty at once There’s no need to rush your response
"Lately, i’m feeling really happy today more than usual.",joy,That happiness sounds lovely. Give yourself permission to enjoy this moment You can take it one moment at a time
I guess i feel really down today tonight.,sadness,I’m sorry today feels heavy. You don’t have to force yourself to feel better immediately There’s no need to rush your response
I guess i’m disgusted by what happened more than usual.,disgust,Your reaction sounds strong and understandable given what you encountered. Creating some distance may help There’s no need to rush your response
"Honestly, I feel fantastic this morning.",joy,I’m glad you’re having such a positive moment. Let yourself enjoy it without overthinking it
"For some reason, i’m feeling really happy today after everything that happened.",joy,That happiness sounds lovely. Give yourself permission to enjoy this moment
"Honestly, today was pretty normal at the moment.",neutral,"Sometimes a normal day is simply a normal day. What stood out, if anything?"
"Right now, i wanted to talk for a bit lately.",neutral,Of course. We can take the conversation wherever you’d like
Everything feels a little empty after everything that happened.,sadness,That emptiness can be difficult to sit with. Be gentle with yourself while you move through it
I guess i did not see that coming.,surprise,Unexpected moments can take a second to process. What part surprised you most? There’s no need to rush your response
"Right now, i want to yell today.",anger,That urge can be intense. Giving yourself a pause can create room to express what’s wrong without escalating things
What a surprise.,surprise,That sounds like a big surprise. Let yourself absorb the moment before deciding what it means There’s no need to rush your response
"For some reason, everything feels a little empty for some reason.",sadness,That emptiness can be difficult to sit with. Be gentle with yourself while you move through it
"Right now, i hate seeing things like that at the moment.",disgust,It makes sense that something so unpleasant would bother you. You can choose some distance from it when possible
"Honestly, well, that’s new.",surprise,Something clearly caught you off guard. It’s okay to simply observe your reaction for a moment
"For some reason, that behavior is so disturbing lately.",disgust,It sounds like what you saw really unsettled you. You’re allowed to recognize that it crossed your personal boundaries
"Right now, what if everything goes wrong after everything that happened.",fear,That kind of what-if thinking can feel overwhelming. Gently return to what you know right now rather than every possible outcome
"Honestly, this makes me furious.",anger,I hear how strong the anger is. You can validate that feeling while still choosing a response you’ll feel good about later
"Lately, that was absolutely revolting today.",disgust,That sounds deeply unpleasant. You don’t have to stay around something that makes you feel that uncomfortable You can take it one moment at a time
"For some reason, i never imagined this would happen honestly.",surprise,That kind of unexpected turn can leave you searching for words. Give yourself space to take it in
I guess things are finally going my way this morning.,joy,It’s great to hear that things are clicking into place. Take a moment to appreciate the progress There’s no need to rush your response
"For some reason, i miss how things used to be for some reason.",sadness,"Missing the past can hurt, especially when it carries meaningful memories. It’s okay to acknowledge that feeling"
"For some reason, i’m panicking a little tonight.",fear,"That sounds intense. Try grounding yourself in what you can see, hear, and feel right now, one detail at a time"
"For some reason, i feel sickened by this more than usual.",disgust,That reaction shows how strongly the situation affected you. Stepping back can help you regain some comfort
"Right now, well, that’s new today.",surprise,Something clearly caught you off guard. It’s okay to simply observe your reaction for a moment
I did not see that coming after everything that happened.,surprise,Unexpected moments can take a second to process. What part surprised you most?
I did not see that coming.,surprise,Unexpected moments can take a second to process. What part surprised you most?
I want to yell for some reason.,anger,That urge can be intense. Giving yourself a pause can create room to express what’s wrong without escalating things
"Honestly, i keep thinking about what I lost today.",sadness,It makes sense that a loss can keep returning to your thoughts. You can acknowledge the sadness without judging yourself for it
Nothing much.,neutral,Taking time to think can be useful. What’s been occupying your thoughts? There’s no need to rush your response
I guess this is seriously frustrating for some reason.,anger,I can understand why that would feel frustrating. A little space before responding may help you regain control There’s no need to rush your response
"Right now, honestly, I feel fantastic today.",joy,I’m glad you’re having such a positive moment. Let yourself enjoy it without overthinking it
"Lately, everything feels a little empty lately.",sadness,That emptiness can be difficult to sit with. Be gentle with yourself while you move through it You can take it one moment at a time
"Lately, i did not see that coming tonight.",surprise,Unexpected moments can take a second to process. What part surprised you most? You can take it one moment at a time
"Honestly, can we talk about my day?",neutral,Absolutely. Tell me whatever part of your day you want to share
I’m thinking.,neutral,Of course. We can take the conversation wherever you’d like
"For some reason, i feel sickened by this after everything that happened.",disgust,That reaction shows how strongly the situation affected you. Stepping back can help you regain some comfort
Just checking in for some reason.,neutral,I’m here with you. What would you like to talk about?
"Honestly, i’m nervous about meeting them after everything that happened.",fear,It’s understandable to feel nervous before an important interaction. You can prepare for what you can control and let the rest unfold
I guess i want to yell after everything that happened.,anger,That urge can be intense. Giving yourself a pause can create room to express what’s wrong without escalating things There’s no need to rush your response
"Right now, why does this keep happening lately.",anger,Repeated problems can wear down your patience. It’s understandable to feel angry when the same issue keeps returning
"Lately, i wanted to talk for a bit honestly.",neutral,Of course. We can take the conversation wherever you’d like You can take it one moment at a time
"Right now, my mind won’t stop worrying at the moment.",fear,"When worries keep looping, it can help to pause and notice what is actually happening in the present moment"
"Honestly, i’m not sure what I’m feeling lately.",neutral,That’s okay. You don’t need to label everything immediately; we can explore it together
"Honestly, this made my whole day more than usual.",joy,It sounds like that moment really lifted you. Hold onto what made it meaningful
"Right now, i’m excited about what’s next.",joy,That excitement can be a great source of energy. Let it carry you forward one step at a time
I miss how things used to be more than usual.,sadness,"Missing the past can hurt, especially when it carries meaningful memories. It’s okay to acknowledge that feeling"
"For some reason, i’m having a rough time for some reason.",sadness,I’m sorry you’re going through a rough patch. You don’t have to solve everything at once
I’m thinking tonight.,neutral,Of course. We can take the conversation wherever you’d like
"Lately, honestly, I feel fantastic more than usual.",joy,I’m glad you’re having such a positive moment. Let yourself enjoy it without overthinking it You can take it one moment at a time
I’m deeply uncomfortable with this tonight.,disgust,"Your discomfort matters. You can pause, create some distance, and decide what boundary feels right"
I miss how things used to be after everything that happened.,sadness,"Missing the past can hurt, especially when it carries meaningful memories. It’s okay to acknowledge that feeling"
"For some reason, i’m deeply uncomfortable with this this morning.",disgust,"Your discomfort matters. You can pause, create some distance, and decide what boundary feels right"
I guess i feel really anxious about this this morning.,fear,"It sounds like this situation has your mind on high alert. Try narrowing your attention to the next small, manageable step There’s no need to rush your response"
"Lately, that is just gross this morning.",disgust,I hear how strongly you dislike it. Sometimes the best response is simply to remove yourself from the unpleasant situation You can take it one moment at a time
Everything feels uncertain this morning.,fear,Uncertainty can make even ordinary decisions feel harder. Focus on the next clear choice rather than solving everything at once
"Right now, today feels special tonight.",joy,There’s something refreshing about a day that feels special. Enjoy it at your own pace
"Honestly, i’m scared about tomorrow today.",fear,"Uncertainty can make tomorrow feel much bigger than it is. For now, focus on what you can handle today"
I’m not sure what I’m feeling tonight.,neutral,That’s okay. You don’t need to label everything immediately; we can explore it together
"For some reason, everything feels uncertain this morning.",fear,Uncertainty can make even ordinary decisions feel harder. Focus on the next clear choice rather than solving everything at once
I’m fed up with this lately.,anger,It sounds like you’ve reached your limit. You deserve a moment to step back and breathe before deciding what to do next
"For some reason, i keep thinking about what I lost at the moment.",sadness,It makes sense that a loss can keep returning to your thoughts. You can acknowledge the sadness without judging yourself for it
"Honestly, i’m afraid to find out lately.",fear,Waiting for an answer can be frightening. You can take the moment one piece at a time instead of carrying the whole uncertainty at once
"Lately, i wanted to talk for a bit after everything that happened.",neutral,Of course. We can take the conversation wherever you’d like You can take it one moment at a time
I guess i’m so angry right now after everything that happened.,anger,It sounds like something really pushed your limits. You can acknowledge the anger without letting it choose your next move There’s no need to rush your response
"Honestly, that really grosses me out tonight.",disgust,It sounds like that crossed a strong comfort boundary for you. It’s okay to step away from what feels unpleasant
That’s gross for some reason.,disgust,It sounds like that crossed a strong comfort boundary for you. It’s okay to step away from what feels unpleasant
"Honestly, nothing much is happening today honestly.",neutral,Sounds like a fairly ordinary day. Is there anything on your mind?
I guess i’m afraid to find out lately.,fear,Waiting for an answer can be frightening. You can take the moment one piece at a time instead of carrying the whole uncertainty at once There’s no need to rush your response
"Right now, i’m having a rough time tonight.",sadness,I’m sorry you’re going through a rough patch. You don’t have to solve everything at once
I miss how things used to be at the moment.,sadness,"Missing the past can hurt, especially when it carries meaningful memories. It’s okay to acknowledge that feeling"
I’m furious honestly.,anger,That urge can be intense. Giving yourself a pause can create room to express what’s wrong without escalating things You can take it one moment at a time
I guess everything feels a little empty lately.,sadness,That emptiness can be difficult to sit with. Be gentle with yourself while you move through it There’s no need to rush your response
"Honestly, i’m so angry right now today.",anger,It sounds like something really pushed your limits. You can acknowledge the anger without letting it choose your next move
"Right now, they completely ignored me this morning.",anger,"Being ignored can feel deeply disrespectful. Your frustration makes sense, and you can decide how you want to address it calmly"
I guess i’m feeling really happy today for some reason.,joy,That happiness sounds lovely. Give yourself permission to enjoy this moment There’s no need to rush your response
I guess i’m not sure what I’m feeling honestly.,neutral,That’s okay. You don’t need to label everything immediately; we can explore it together There’s no need to rush your response
"Right now, i’m fed up with this after everything that happened.",anger,It sounds like you’ve reached your limit. You deserve a moment to step back and breathe before deciding what to do next
"For some reason, i’m scared about tomorrow tonight.",fear,"Uncertainty can make tomorrow feel much bigger than it is. For now, focus on what you can handle today"
"For some reason, i don’t really know what to say tonight.",neutral,"That’s completely fine. You can start with whatever feels easiest, even if it’s just one sentence"
"Lately, i keep thinking about what I lost after everything that happened.",sadness,It makes sense that a loss can keep returning to your thoughts. You can acknowledge the sadness without judging yourself for it You can take it one moment at a time
Why does this keep happening this morning.,anger,Repeated problems can wear down your patience. It’s understandable to feel angry when the same issue keeps returning
"For some reason, i’m having a rough time lately.",sadness,I’m sorry you’re going through a rough patch. You don’t have to solve everything at once
"Right now, can we talk about my day tonight.",neutral,Absolutely. Tell me whatever part of your day you want to share
"Lately, i never imagined this would happen this morning.",surprise,That kind of unexpected turn can leave you searching for words. Give yourself space to take it in You can take it one moment at a time
Nothing feels exciting anymore today.,sadness,It sounds like things feel unusually flat right now. Taking the day slowly may be kinder than demanding too much from yourself
"For some reason, honestly, I feel fantastic after everything that happened.",joy,I’m glad you’re having such a positive moment. Let yourself enjoy it without overthinking it
I’m scared this morning.,fear,"When worries keep looping, it can help to pause and notice what is actually happening in the present moment You can take it one moment at a time"
"For some reason, i wanted to talk for a bit lately.",neutral,Of course. We can take the conversation wherever you’d like
"Lately, that was absolutely revolting more than usual.",disgust,That sounds deeply unpleasant. You don’t have to stay around something that makes you feel that uncomfortable You can take it one moment at a time
I just want to cry for some reason.,sadness,Sometimes tears are simply a way of letting emotion out. You can give yourself a quiet moment
"Lately, i’m afraid to find out this morning.",fear,Waiting for an answer can be frightening. You can take the moment one piece at a time instead of carrying the whole uncertainty at once You can take it one moment at a time
What a surprise more than usual.,surprise,Unexpected moments can take a second to process. What part surprised you most?
"Honestly, i don’t really know what to say tonight.",neutral,"That’s completely fine. You can start with whatever feels easiest, even if it’s just one sentence"
"Honestly, things are finally going my way today.",joy,It’s great to hear that things are clicking into place. Take a moment to appreciate the progress
"For some reason, just thinking things over at the moment.",neutral,Taking time to think can be useful. What’s been occupying your thoughts?
"Right now, i have a question honestly.",neutral,"Sure, go ahead. I’ll do my best to help you work through it"
"Right now, ugh, that was nasty.",disgust,Sounds like a seriously unpleasant experience. Give yourself a little space from it
"Lately, i’m panicking a little honestly.",fear,"That sounds intense. Try grounding yourself in what you can see, hear, and feel right now, one detail at a time You can take it one moment at a time"
Nothing feels exciting anymore lately.,sadness,It sounds like things feel unusually flat right now. Taking the day slowly may be kinder than demanding too much from yourself
I’m stunned for some reason.,surprise,Sounds like the situation changed quickly. Take some time to process what happened You can take it one moment at a time
"Lately, that is just gross honestly.",disgust,I hear how strongly you dislike it. Sometimes the best response is simply to remove yourself from the unpleasant situation You can take it one moment at a time
I guess i’m not sure what I’m feeling at the moment.,neutral,That’s okay. You don’t need to label everything immediately; we can explore it together There’s no need to rush your response
"Honestly, everything feels uncertain at the moment.",fear,Uncertainty can make even ordinary decisions feel harder. Focus on the next clear choice rather than solving everything at once
"Lately, i can't stop smiling lately.",joy,That smile says a lot. I hope you get to soak up this good feeling You can take it one moment at a time
"For some reason, i’m just checking in.",neutral,I’m here with you. What would you like to talk about?
I’m scared after everything that happened.,fear,"When worries keep looping, it can help to pause and notice what is actually happening in the present moment You can take it one moment at a time"
"For some reason, whoa, seriously more than usual.",surprise,That definitely sounds unexpected. Sometimes a little pause helps the surprise settle
"Right now, i’m feeling really happy today lately.",joy,That happiness sounds lovely. Give yourself permission to enjoy this moment
"Lately, i’m having a rough time at the moment.",sadness,I’m sorry you’re going through a rough patch. You don’t have to solve everything at once You can take it one moment at a time
"Lately, i never imagined this would happen more than usual.",surprise,That kind of unexpected turn can leave you searching for words. Give yourself space to take it in You can take it one moment at a time
"Lately, i just want to cry lately.",sadness,Sometimes tears are simply a way of letting emotion out. You can give yourself a quiet moment You can take it one moment at a time
"Lately, i can't stop smiling at the moment.",joy,That smile says a lot. I hope you get to soak up this good feeling You can take it one moment at a time
"For some reason, this makes me furious tonight.",anger,I hear how strong the anger is. You can validate that feeling while still choosing a response you’ll feel good about later
"For some reason, everything feels uncertain after everything that happened.",fear,Uncertainty can make even ordinary decisions feel harder. Focus on the next clear choice rather than solving everything at once
"Right now, i’m proud of myself honestly.",joy,You have every reason to pause and recognize what you accomplished
"Right now, just thinking things over tonight.",neutral,Taking time to think can be useful. What’s been occupying your thoughts?
"Honestly, that was completely unexpected tonight.",surprise,Sounds like the situation changed quickly. Take some time to process what happened
"Honestly, nothing feels exciting anymore more than usual.",sadness,It sounds like things feel unusually flat right now. Taking the day slowly may be kinder than demanding too much from yourself
"Lately, i’m shocked by the news at the moment.",surprise,It makes sense to need a moment after surprising news. You don’t have to react immediately You can take it one moment at a time
I’m afraid to find out at the moment.,fear,Waiting for an answer can be frightening. You can take the moment one piece at a time instead of carrying the whole uncertainty at once
"Honestly, i’m tired of being treated this way honestly.",anger,Being treated unfairly can build a lot of anger. It may help to separate what happened from what you want to happen next
I’m shocked by the news honestly.,surprise,It makes sense to need a moment after surprising news. You don’t have to react immediately
"Honestly, i’m nervous about meeting them today.",fear,It’s understandable to feel nervous before an important interaction. You can prepare for what you can control and let the rest unfold
"Right now, i’m having a rough time honestly.",sadness,I’m sorry you’re going through a rough patch. You don’t have to solve everything at once
I guess i’m afraid to find out this morning.,fear,Waiting for an answer can be frightening. You can take the moment one piece at a time instead of carrying the whole uncertainty at once There’s no need to rush your response
"Right now, i never imagined this would happen at the moment.",surprise,That kind of unexpected turn can leave you searching for words. Give yourself space to take it in
"For some reason, i feel lonely even around people today.",sadness,Feeling alone while surrounded by others can be especially painful. It may help to name what kind of connection you’re missing
I feel lonely even around people at the moment.,sadness,Feeling alone while surrounded by others can be especially painful. It may help to name what kind of connection you’re missing
"Honestly, i have a question tonight.",neutral,"Sure, go ahead. I’ll do my best to help you work through it"
I guess i did not see that coming honestly.,surprise,Unexpected moments can take a second to process. What part surprised you most? There’s no need to rush your response
"Honestly, this came out of nowhere.",surprise,Sudden changes can be startling. A little pause can help you figure out how you feel about it
"For some reason, i have a question this morning.",neutral,"Sure, go ahead. I’ll do my best to help you work through it"
"Lately, i’m panicking a little for some reason.",fear,"That sounds intense. Try grounding yourself in what you can see, hear, and feel right now, one detail at a time You can take it one moment at a time"
"Honestly, this made my whole day tonight.",joy,It sounds like that moment really lifted you. Hold onto what made it meaningful
"Lately, this is seriously frustrating lately.",anger,I can understand why that would feel frustrating. A little space before responding may help you regain control You can take it one moment at a time
I guess i’m afraid to find out at the moment.,fear,Waiting for an answer can be frightening. You can take the moment one piece at a time instead of carrying the whole uncertainty at once There’s no need to rush your response
"Honestly, this is seriously frustrating today.",anger,I can understand why that would feel frustrating. A little space before responding may help you regain control
I can’t believe it tonight.,surprise,That sounds like a big surprise. Let yourself absorb the moment before deciding what it means
"Honestly, they completely ignored me lately.",anger,"Being ignored can feel deeply disrespectful. Your frustration makes sense, and you can decide how you want to address it calmly"
What if everything goes wrong honestly.,fear,That kind of what-if thinking can feel overwhelming. Gently return to what you know right now rather than every possible outcome
I’m nervous more than usual.,fear,Waiting for an answer can be frightening. You can take the moment one piece at a time instead of carrying the whole uncertainty at once
"Lately, i’m feeling really happy today today.",joy,That happiness sounds lovely. Give yourself permission to enjoy this moment You can take it one moment at a time
What a good day today.,joy,That smile says a lot. I hope you get to soak up this good feeling
"Lately, i’m deeply uncomfortable with this for some reason.",disgust,"Your discomfort matters. You can pause, create some distance, and decide what boundary feels right You can take it one moment at a time"
This annoys me for some reason.,anger,Repeated problems can wear down your patience. It’s understandable to feel angry when the same issue keeps returning
I guess i did not see that coming more than usual.,surprise,Unexpected moments can take a second to process. What part surprised you most? There’s no need to rush your response
I’m furious honestly.,anger,It sounds like something really pushed your limits. You can acknowledge the anger without letting it choose your next move
"Honestly, that behavior is so disturbing after everything that happened.",disgust,It sounds like what you saw really unsettled you. You’re allowed to recognize that it crossed your personal boundaries
"For some reason, i can't stop smiling lately.",joy,That smile says a lot. I hope you get to soak up this good feeling
"For some reason, things are finally going my way for some reason.",joy,It’s great to hear that things are clicking into place. Take a moment to appreciate the progress
I guess i’m just checking in lately.,neutral,I’m here with you. What would you like to talk about? There’s no need to rush your response
"Right now, i can’t believe they did that this morning.",anger,It sounds like their action really crossed a boundary for you. Taking a breath before reacting could give you more options
Today feels special this morning.,joy,There’s something refreshing about a day that feels special. Enjoy it at your own pace
I’m trying to understand myself better more than usual.,neutral,That sounds like a worthwhile goal. We can look at what you’ve been noticing without rushing to conclusions
Why does this keep happening more than usual.,anger,Repeated problems can wear down your patience. It’s understandable to feel angry when the same issue keeps returning
"Lately, everything feels a little empty honestly.",sadness,That emptiness can be difficult to sit with. Be gentle with yourself while you move through it You can take it one moment at a time
"For some reason, that behavior is so disturbing this morning.",disgust,It sounds like what you saw really unsettled you. You’re allowed to recognize that it crossed your personal boundaries
"Lately, everything feels uncertain this morning.",fear,Uncertainty can make even ordinary decisions feel harder. Focus on the next clear choice rather than solving everything at once You can take it one moment at a time
"For some reason, i keep thinking about what I lost.",sadness,It makes sense that a loss can keep returning to your thoughts. You can acknowledge the sadness without judging yourself for it
"Honestly, i’m just checking in this morning.",neutral,I’m here with you. What would you like to talk about?
"Honestly, i want to yell this morning.",anger,That urge can be intense. Giving yourself a pause can create room to express what’s wrong without escalating things
They completely ignored me after everything that happened.,anger,"Being ignored can feel deeply disrespectful. Your frustration makes sense, and you can decide how you want to address it calmly"
"For some reason, my mind won’t stop worrying more than usual.",fear,"When worries keep looping, it can help to pause and notice what is actually happening in the present moment"
I guess i’m annoyed beyond words today.,anger,That sounds like a lot of irritation building up. A short break may help you sort out what specifically crossed the line There’s no need to rush your response
"Right now, seriously? I’m stunned at the moment.",surprise,You sound genuinely surprised. Take a breath and give yourself time to process the new information
"For some reason, ugh, that was nasty more than usual.",disgust,Sounds like a seriously unpleasant experience. Give yourself a little space from it
I’m thinking after everything that happened.,neutral,Of course. We can take the conversation wherever you’d like
I guess i’m feeling really happy today after everything that happened.,joy,That happiness sounds lovely. Give yourself permission to enjoy this moment There’s no need to rush your response
"Lately, i feel lonely even around people today.",sadness,Feeling alone while surrounded by others can be especially painful. It may help to name what kind of connection you’re missing You can take it one moment at a time
"For some reason, just thinking things over for some reason.",neutral,Taking time to think can be useful. What’s been occupying your thoughts?
Why does this keep happening after everything that happened.,anger,Repeated problems can wear down your patience. It’s understandable to feel angry when the same issue keeps returning
I guess i can't stop smiling for some reason.,joy,That smile says a lot. I hope you get to soak up this good feeling There’s no need to rush your response
I’m really mad.,anger,It sounds like you’ve reached your limit. You deserve a moment to step back and breathe before deciding what to do next
I guess what if everything goes wrong more than usual.,fear,That kind of what-if thinking can feel overwhelming. Gently return to what you know right now rather than every possible outcome There’s no need to rush your response
"Honestly, that was completely unexpected after everything that happened.",surprise,Sounds like the situation changed quickly. Take some time to process what happened
"Right now, i’m not sure what I’m feeling at the moment.",neutral,That’s okay. You don’t need to label everything immediately; we can explore it together
"Well, that’s new at the moment.",surprise,Something clearly caught you off guard. It’s okay to simply observe your reaction for a moment
"Honestly, I feel fantastic after everything that happened.",joy,I’m glad you’re having such a positive moment. Let yourself enjoy it without overthinking it
"I guess wait, that actually happened at the moment.",surprise,That sounds like quite a surprise. Give yourself a moment to take it in There’s no need to rush your response
"Right now, i’m scared about tomorrow lately.",fear,"Uncertainty can make tomorrow feel much bigger than it is. For now, focus on what you can handle today"
"Honestly, everything feels a little empty for some reason.",sadness,That emptiness can be difficult to sit with. Be gentle with yourself while you move through it
I guess my mind won’t stop worrying after everything that happened.,fear,"When worries keep looping, it can help to pause and notice what is actually happening in the present moment There’s no need to rush your response"
"Lately, things are finally going my way after everything that happened.",joy,It’s great to hear that things are clicking into place. Take a moment to appreciate the progress You can take it one moment at a time
"For some reason, that is just gross today.",disgust,I hear how strongly you dislike it. Sometimes the best response is simply to remove yourself from the unpleasant situation
"For some reason, well, that’s new after everything that happened.",surprise,Something clearly caught you off guard. It’s okay to simply observe your reaction for a moment
"Right now, i’m nervous about meeting them for some reason.",fear,It’s understandable to feel nervous before an important interaction. You can prepare for what you can control and let the rest unfold
"Honestly, today was pretty normal today.",neutral,"Sometimes a normal day is simply a normal day. What stood out, if anything?"
"Lately, i can’t stand the smell for some reason.",disgust,"Strong unpleasant smells can be overwhelming. If you can, move somewhere with fresher air and give yourself a reset You can take it one moment at a time"
"Right now, i’m shocked by the news today.",surprise,It makes sense to need a moment after surprising news. You don’t have to react immediately
"Lately, i can’t believe it today.",surprise,That sounds like a big surprise. Let yourself absorb the moment before deciding what it means You can take it one moment at a time
"Honestly, that was completely unexpected this morning.",surprise,Sounds like the situation changed quickly. Take some time to process what happened
"For some reason, i’m so angry right now at the moment.",anger,It sounds like something really pushed your limits. You can acknowledge the anger without letting it choose your next move
"For some reason, i’m feeling really happy today.",joy,That happiness sounds lovely. Give yourself permission to enjoy this moment
"Right now, i feel really down today today.",sadness,I’m sorry today feels heavy. You don’t have to force yourself to feel better immediately
"For some reason, this makes me furious for some reason.",anger,I hear how strong the anger is. You can validate that feeling while still choosing a response you’ll feel good about later
"For some reason, seriously? I’m stunned for some reason.",surprise,You sound genuinely surprised. Take a breath and give yourself time to process the new information
"Lately, that was absolutely revolting honestly.",disgust,That sounds deeply unpleasant. You don’t have to stay around something that makes you feel that uncomfortable You can take it one moment at a time
I’m stunned this morning.,surprise,Sounds like the situation changed quickly. Take some time to process what happened You can take it one moment at a time
"For some reason, i’m disappointed and sad after everything that happened.",sadness,That combination can weigh heavily. It’s okay to recognize both the disappointment and the sadness
"For some reason, i don’t really know what to say more than usual.",neutral,"That’s completely fine. You can start with whatever feels easiest, even if it’s just one sentence"
"Right now, that behavior is so disturbing lately.",disgust,It sounds like what you saw really unsettled you. You’re allowed to recognize that it crossed your personal boundaries
"Lately, i’m proud of myself lately.",joy,You have every reason to pause and recognize what you accomplished You can take it one moment at a time
I’m caught off guard honestly.,surprise,It makes sense to need a moment after surprising news. You don’t have to react immediately
"Lately, things are finally going my way tonight.",joy,It’s great to hear that things are clicking into place. Take a moment to appreciate the progress You can take it one moment at a time
"Right now, today just hurts this morning.",sadness,"I hear how painful today feels. For now, being gentle with yourself is enough"
I keep thinking about what I lost honestly.,sadness,It makes sense that a loss can keep returning to your thoughts. You can acknowledge the sadness without judging yourself for it
"Lately, ugh, that was nasty more than usual.",disgust,Sounds like a seriously unpleasant experience. Give yourself a little space from it You can take it one moment at a time
Seriously? I’m stunned lately.,surprise,You sound genuinely surprised. Take a breath and give yourself time to process the new information
"Right now, got some amazing news for some reason.",joy,Wonderful news can brighten everything. What part of it feels best to you?
"Right now, ugh, that was nasty after everything that happened.",disgust,Sounds like a seriously unpleasant experience. Give yourself a little space from it
I guess what if everything goes wrong after everything that happened.,fear,That kind of what-if thinking can feel overwhelming. Gently return to what you know right now rather than every possible outcome There’s no need to rush your response
"For some reason, i can’t believe it today.",surprise,That sounds like a big surprise. Let yourself absorb the moment before deciding what it means
Really worried at the moment.,fear,"It sounds like this situation has your mind on high alert. Try narrowing your attention to the next small, manageable step"
"For some reason, i’m excited about what’s next.",joy,That excitement can be a great source of energy. Let it carry you forward one step at a time
Feeling great more than usual.,joy,That happiness sounds lovely. Give yourself permission to enjoy this moment
I guess this made my whole day.,joy,It sounds like that moment really lifted you. Hold onto what made it meaningful There’s no need to rush your response
"Lately, i have a question for some reason.",neutral,"Sure, go ahead. I’ll do my best to help you work through it You can take it one moment at a time"
"Lately, i’m afraid I’ll mess this up at the moment.",fear,Fear of making mistakes can put a lot of pressure on you. Remember that one imperfect moment does not define the whole experience You can take it one moment at a time
I miss how things used to be.,sadness,"Missing the past can hurt, especially when it carries meaningful memories. It’s okay to acknowledge that feeling"
"Honestly, they completely ignored me after everything that happened.",anger,"Being ignored can feel deeply disrespectful. Your frustration makes sense, and you can decide how you want to address it calmly"
Just checking in today.,neutral,I’m here with you. What would you like to talk about?
"Honestly, i hate seeing things like that lately.",disgust,It makes sense that something so unpleasant would bother you. You can choose some distance from it when possible
"Honestly, everything feels a little empty lately.",sadness,That emptiness can be difficult to sit with. Be gentle with yourself while you move through it
What a good day more than usual.,joy,That smile says a lot. I hope you get to soak up this good feeling
They completely ignored me more than usual.,anger,"Being ignored can feel deeply disrespectful. Your frustration makes sense, and you can decide how you want to address it calmly"
I guess i’m just checking in tonight.,neutral,I’m here with you. What would you like to talk about? There’s no need to rush your response
"Lately, i’m just checking in honestly.",neutral,I’m here with you. What would you like to talk about? You can take it one moment at a time
I guess i just want to cry tonight.,sadness,Sometimes tears are simply a way of letting emotion out. You can give yourself a quiet moment There’s no need to rush your response
"For some reason, i never imagined this would happen more than usual.",surprise,That kind of unexpected turn can leave you searching for words. Give yourself space to take it in
"For some reason, i had such a good day honestly.",joy,I’m happy your day treated you well. Those ordinary good days are worth noticing
"Honestly, just thinking things over tonight.",neutral,Taking time to think can be useful. What’s been occupying your thoughts?
"Lately, i’m deeply uncomfortable with this at the moment.",disgust,"Your discomfort matters. You can pause, create some distance, and decide what boundary feels right You can take it one moment at a time"
"Right now, i’m not sure what I’m feeling after everything that happened.",neutral,That’s okay. You don’t need to label everything immediately; we can explore it together
"For some reason, i’m afraid I’ll mess this up.",fear,Fear of making mistakes can put a lot of pressure on you. Remember that one imperfect moment does not define the whole experience
"Right now, i feel really down today lately.",sadness,I’m sorry today feels heavy. You don’t have to force yourself to feel better immediately
"Right now, i wanted to talk for a bit more than usual.",neutral,Of course. We can take the conversation wherever you’d like
I have a bad feeling at the moment.,fear,That uneasy feeling can be unsettling. Take a slow breath and give yourself a moment to separate the feeling from the facts you know
"For some reason, i miss how things used to be tonight.",sadness,"Missing the past can hurt, especially when it carries meaningful memories. It’s okay to acknowledge that feeling"
I feel really anxious about this more than usual.,fear,"It sounds like this situation has your mind on high alert. Try narrowing your attention to the next small, manageable step"
"Lately, i hate seeing things like that more than usual.",disgust,It makes sense that something so unpleasant would bother you. You can choose some distance from it when possible You can take it one moment at a time
"For some reason, just thinking things over tonight.",neutral,Taking time to think can be useful. What’s been occupying your thoughts?
This came out of nowhere after everything that happened.,surprise,Sudden changes can be startling. A little pause can help you figure out how you feel about it
"Honestly, i’m afraid I’ll mess this up today.",fear,Fear of making mistakes can put a lot of pressure on you. Remember that one imperfect moment does not define the whole experience
Feeling great more than usual.,joy,There’s something refreshing about a day that feels special. Enjoy it at your own pace You can take it one moment at a time
I feel sickened by this tonight.,disgust,That reaction shows how strongly the situation affected you. Stepping back can help you regain some comfort
"Lately, just thinking things over tonight.",neutral,Taking time to think can be useful. What’s been occupying your thoughts? You can take it one moment at a time
Everything feels uncertain at the moment.,fear,Uncertainty can make even ordinary decisions feel harder. Focus on the next clear choice rather than solving everything at once
"Right now, i’m fed up with this at the moment.",anger,It sounds like you’ve reached your limit. You deserve a moment to step back and breathe before deciding what to do next
This is seriously frustrating.,anger,I can understand why that would feel frustrating. A little space before responding may help you regain control
"Honestly, ugh, that was nasty after everything that happened.",disgust,Sounds like a seriously unpleasant experience. Give yourself a little space from it
"For some reason, i’m feeling really happy today at the moment.",joy,That happiness sounds lovely. Give yourself permission to enjoy this moment
"For some reason, i’m just checking in for some reason.",neutral,I’m here with you. What would you like to talk about?
"Lately, whoa, seriously this morning.",surprise,That definitely sounds unexpected. Sometimes a little pause helps the surprise settle You can take it one moment at a time
"Lately, i’m afraid to find out after everything that happened.",fear,Waiting for an answer can be frightening. You can take the moment one piece at a time instead of carrying the whole uncertainty at once You can take it one moment at a time
What if everything goes wrong today.,fear,That kind of what-if thinking can feel overwhelming. Gently return to what you know right now rather than every possible outcome
That’s gross this morning.,disgust,It sounds like that crossed a strong comfort boundary for you. It’s okay to step away from what feels unpleasant
"Honestly, i have a bad feeling for some reason.",fear,That uneasy feeling can be unsettling. Take a slow breath and give yourself a moment to separate the feeling from the facts you know
"Ugh, disgusting after everything that happened.",disgust,"Strong unpleasant smells can be overwhelming. If you can, move somewhere with fresher air and give yourself a reset"
"Right now, ugh, that was nasty honestly.",disgust,Sounds like a seriously unpleasant experience. Give yourself a little space from it
"Lately, what if everything goes wrong more than usual.",fear,That kind of what-if thinking can feel overwhelming. Gently return to what you know right now rather than every possible outcome You can take it one moment at a time
My mind won’t stop worrying lately.,fear,"When worries keep looping, it can help to pause and notice what is actually happening in the present moment"
Everything feels uncertain honestly.,fear,Uncertainty can make even ordinary decisions feel harder. Focus on the next clear choice rather than solving everything at once
"For some reason, i did not see that coming after everything that happened.",surprise,Unexpected moments can take a second to process. What part surprised you most?
"Honestly, today just hurts tonight.",sadness,"I hear how painful today feels. For now, being gentle with yourself is enough"
"Lately, today just hurts honestly.",sadness,"I hear how painful today feels. For now, being gentle with yourself is enough You can take it one moment at a time"
Nothing much is happening today more than usual.,neutral,Sounds like a fairly ordinary day. Is there anything on your mind?
I guess i’m so angry right now for some reason.,anger,It sounds like something really pushed your limits. You can acknowledge the anger without letting it choose your next move There’s no need to rush your response
"For some reason, i have a bad feeling for some reason.",fear,That uneasy feeling can be unsettling. Take a slow breath and give yourself a moment to separate the feeling from the facts you know
"Right now, i don’t really know what to say more than usual.",neutral,"That’s completely fine. You can start with whatever feels easiest, even if it’s just one sentence"
I’m panicking a little this morning.,fear,"That sounds intense. Try grounding yourself in what you can see, hear, and feel right now, one detail at a time"
"Honestly, ugh, that was nasty this morning.",disgust,Sounds like a seriously unpleasant experience. Give yourself a little space from it
"Right now, i’m afraid to find out at the moment.",fear,Waiting for an answer can be frightening. You can take the moment one piece at a time instead of carrying the whole uncertainty at once
That was completely unexpected at the moment.,surprise,Sounds like the situation changed quickly. Take some time to process what happened
"Lately, i don’t really know what to say lately.",neutral,"That’s completely fine. You can start with whatever feels easiest, even if it’s just one sentence You can take it one moment at a time"
"Right now, seriously? I’m stunned this morning.",surprise,You sound genuinely surprised. Take a breath and give yourself time to process the new information
"Honestly, i feel really down today.",sadness,I’m sorry today feels heavy. You don’t have to force yourself to feel better immediately
I’m excited about what’s next at the moment.,joy,That excitement can be a great source of energy. Let it carry you forward one step at a time
"I guess honestly, I feel fantastic.",joy,I’m glad you’re having such a positive moment. Let yourself enjoy it without overthinking it There’s no need to rush your response
"Right now, i keep thinking about what I lost after everything that happened.",sadness,It makes sense that a loss can keep returning to your thoughts. You can acknowledge the sadness without judging yourself for it
"For some reason, that is just gross after everything that happened.",disgust,I hear how strongly you dislike it. Sometimes the best response is simply to remove yourself from the unpleasant situation
"Honestly, this makes me furious today.",anger,I hear how strong the anger is. You can validate that feeling while still choosing a response you’ll feel good about later
"Lately, i feel lonely even around people honestly.",sadness,Feeling alone while surrounded by others can be especially painful. It may help to name what kind of connection you’re missing You can take it one moment at a time
"Right now, i’m afraid I’ll mess this up today.",fear,Fear of making mistakes can put a lot of pressure on you. Remember that one imperfect moment does not define the whole experience
I guess i’m just checking in this morning.,neutral,I’m here with you. What would you like to talk about? There’s no need to rush your response
"For some reason, just thinking things over this morning.",neutral,Taking time to think can be useful. What’s been occupying your thoughts?
I guess that really grosses me out this morning.,disgust,It sounds like that crossed a strong comfort boundary for you. It’s okay to step away from what feels unpleasant There’s no need to rush your response
I’m nervous about meeting them honestly.,fear,It’s understandable to feel nervous before an important interaction. You can prepare for what you can control and let the rest unfold
That was absolutely revolting.,disgust,That sounds deeply unpleasant. You don’t have to stay around something that makes you feel that uncomfortable
"Lately, i feel really anxious about this for some reason.",fear,"It sounds like this situation has your mind on high alert. Try narrowing your attention to the next small, manageable step You can take it one moment at a time"
"Right now, i never imagined this would happen more than usual.",surprise,That kind of unexpected turn can leave you searching for words. Give yourself space to take it in
"Right now, i can’t stand the smell this morning.",disgust,"Strong unpleasant smells can be overwhelming. If you can, move somewhere with fresher air and give yourself a reset"
"Lately, i’m nervous about meeting them after everything that happened.",fear,It’s understandable to feel nervous before an important interaction. You can prepare for what you can control and let the rest unfold You can take it one moment at a time
I’m annoyed beyond words at the moment.,anger,That sounds like a lot of irritation building up. A short break may help you sort out what specifically crossed the line
"Right now, well, that’s new tonight.",surprise,Something clearly caught you off guard. It’s okay to simply observe your reaction for a moment
I’m really mad tonight.,anger,It sounds like you’ve reached your limit. You deserve a moment to step back and breathe before deciding what to do next
"Honestly, i’m shocked by the news.",surprise,It makes sense to need a moment after surprising news. You don’t have to react immediately
I guess i miss how things used to be this morning.,sadness,"Missing the past can hurt, especially when it carries meaningful memories. It’s okay to acknowledge that feeling There’s no need to rush your response"
What if everything goes wrong after everything that happened.,fear,That kind of what-if thinking can feel overwhelming. Gently return to what you know right now rather than every possible outcome
Just checking in more than usual.,neutral,Absolutely. Tell me whatever part of your day you want to share You can take it one moment at a time
I feel sickened by this today.,disgust,That reaction shows how strongly the situation affected you. Stepping back can help you regain some comfort
"Honestly, i have a bad feeling lately.",fear,That uneasy feeling can be unsettling. Take a slow breath and give yourself a moment to separate the feeling from the facts you know
I guess i did not see that coming tonight.,surprise,Unexpected moments can take a second to process. What part surprised you most? There’s no need to rush your response
"Lately, i have a bad feeling at the moment.",fear,That uneasy feeling can be unsettling. Take a slow breath and give yourself a moment to separate the feeling from the facts you know You can take it one moment at a time
I hate seeing things like that.,disgust,It makes sense that something so unpleasant would bother you. You can choose some distance from it when possible
"I guess whoa, seriously honestly.",surprise,That definitely sounds unexpected. Sometimes a little pause helps the surprise settle There’s no need to rush your response
I’m proud of myself tonight.,joy,You have every reason to pause and recognize what you accomplished
"Right now, i don’t really know what to say lately.",neutral,"That’s completely fine. You can start with whatever feels easiest, even if it’s just one sentence"
I guess i wanted to talk for a bit.,neutral,Of course. We can take the conversation wherever you’d like There’s no need to rush your response
"Lately, i miss how things used to be more than usual.",sadness,"Missing the past can hurt, especially when it carries meaningful memories. It’s okay to acknowledge that feeling You can take it one moment at a time"
I have a question lately.,neutral,"Sure, go ahead. I’ll do my best to help you work through it"
"Right now, my mind won’t stop worrying honestly.",fear,"When worries keep looping, it can help to pause and notice what is actually happening in the present moment"
I feel lonely even around people.,sadness,Feeling alone while surrounded by others can be especially painful. It may help to name what kind of connection you’re missing
This feels frightening lately.,fear,That kind of what-if thinking can feel overwhelming. Gently return to what you know right now rather than every possible outcome
"Honestly, i’m panicking a little.",fear,"That sounds intense. Try grounding yourself in what you can see, hear, and feel right now, one detail at a time"
"Lately, whoa, seriously honestly.",surprise,That definitely sounds unexpected. Sometimes a little pause helps the surprise settle You can take it one moment at a time
I guess that behavior is so disturbing today.,disgust,It sounds like what you saw really unsettled you. You’re allowed to recognize that it crossed your personal boundaries There’s no need to rush your response
"Honestly, i’m trying to understand myself better and I’m trying to process it.",neutral,That sounds like a worthwhile goal. We can look at what you’ve been noticing without rushing to conclusions
"Honestly, i did not see that coming tonight.",surprise,Unexpected moments can take a second to process. What part surprised you most?
Can we talk about my day lately.,neutral,Absolutely. Tell me whatever part of your day you want to share
"Honestly, i’m afraid to find out this morning.",fear,Waiting for an answer can be frightening. You can take the moment one piece at a time instead of carrying the whole uncertainty at once
I’m deeply uncomfortable with this.,disgust,"Your discomfort matters. You can pause, create some distance, and decide what boundary feels right"
"Honestly, i’m feeling really happy today lately.",joy,That happiness sounds lovely. Give yourself permission to enjoy this moment
I guess i can’t stand the smell tonight.,disgust,"Strong unpleasant smells can be overwhelming. If you can, move somewhere with fresher air and give yourself a reset There’s no need to rush your response"
"For some reason, today feels special after everything that happened.",joy,There’s something refreshing about a day that feels special. Enjoy it at your own pace
"Right now, that behavior is so disturbing honestly.",disgust,It sounds like what you saw really unsettled you. You’re allowed to recognize that it crossed your personal boundaries
I guess i feel lonely even around people for some reason.,sadness,Feeling alone while surrounded by others can be especially painful. It may help to name what kind of connection you’re missing There’s no need to rush your response
"For some reason, this came out of nowhere today.",surprise,Sudden changes can be startling. A little pause can help you figure out how you feel about it
"For some reason, i’m proud of myself today.",joy,You have every reason to pause and recognize what you accomplished
I’m trying to understand myself better after everything that happened.,neutral,That sounds like a worthwhile goal. We can look at what you’ve been noticing without rushing to conclusions
I guess my mind won’t stop worrying this morning.,fear,"When worries keep looping, it can help to pause and notice what is actually happening in the present moment There’s no need to rush your response"
"For some reason, what if everything goes wrong more than usual.",fear,That kind of what-if thinking can feel overwhelming. Gently return to what you know right now rather than every possible outcome
Really worried honestly.,fear,"It sounds like this situation has your mind on high alert. Try narrowing your attention to the next small, manageable step"
I guess can we talk about my day more than usual.,neutral,Absolutely. Tell me whatever part of your day you want to share There’s no need to rush your response
This came out of nowhere.,surprise,Sudden changes can be startling. A little pause can help you figure out how you feel about it
"For some reason, i have a bad feeling.",fear,That uneasy feeling can be unsettling. Take a slow breath and give yourself a moment to separate the feeling from the facts you know
"Right now, i have a question.",neutral,"Sure, go ahead. I’ll do my best to help you work through it"
"Lately, i keep thinking about what I lost tonight.",sadness,It makes sense that a loss can keep returning to your thoughts. You can acknowledge the sadness without judging yourself for it You can take it one moment at a time
"For some reason, i’m panicking a little this morning.",fear,"That sounds intense. Try grounding yourself in what you can see, hear, and feel right now, one detail at a time"
"Lately, i’m just checking in for some reason.",neutral,I’m here with you. What would you like to talk about? You can take it one moment at a time
They completely ignored me tonight.,anger,"Being ignored can feel deeply disrespectful. Your frustration makes sense, and you can decide how you want to address it calmly"
"Lately, i’m afraid I’ll mess this up for some reason.",fear,Fear of making mistakes can put a lot of pressure on you. Remember that one imperfect moment does not define the whole experience You can take it one moment at a time
"Lately, i have a question at the moment.",neutral,"Sure, go ahead. I’ll do my best to help you work through it You can take it one moment at a time"
"Right now, well, that’s new lately.",surprise,Something clearly caught you off guard. It’s okay to simply observe your reaction for a moment
Nothing much is happening today at the moment.,neutral,Sounds like a fairly ordinary day. Is there anything on your mind?
"For some reason, i feel sickened by this lately.",disgust,That reaction shows how strongly the situation affected you. Stepping back can help you regain some comfort
I’m disgusted by what happened this morning.,disgust,Your reaction sounds strong and understandable given what you encountered. Creating some distance may help
"Lately, i’m nervous about meeting them more than usual.",fear,It’s understandable to feel nervous before an important interaction. You can prepare for what you can control and let the rest unfold You can take it one moment at a time
I’m panicking a little.,fear,"That sounds intense. Try grounding yourself in what you can see, hear, and feel right now, one detail at a time"
"For some reason, this made my whole day tonight.",joy,It sounds like that moment really lifted you. Hold onto what made it meaningful
"Right now, i wanted to talk for a bit at the moment.",neutral,Of course. We can take the conversation wherever you’d like
"For some reason, i feel really anxious about this for some reason.",fear,"It sounds like this situation has your mind on high alert. Try narrowing your attention to the next small, manageable step"
"Honestly, i’m panicking a little after everything that happened.",fear,"That sounds intense. Try grounding yourself in what you can see, hear, and feel right now, one detail at a time"
"Lately, seriously? I’m stunned today.",surprise,You sound genuinely surprised. Take a breath and give yourself time to process the new information You can take it one moment at a time
"Lately, just thinking things over after everything that happened.",neutral,Taking time to think can be useful. What’s been occupying your thoughts? You can take it one moment at a time
"Honestly, i can’t believe they did that tonight.",anger,It sounds like their action really crossed a boundary for you. Taking a breath before reacting could give you more options
"Lately, i can't stop smiling more than usual.",joy,That smile says a lot. I hope you get to soak up this good feeling You can take it one moment at a time
I guess i’m afraid to find out.,fear,Waiting for an answer can be frightening. You can take the moment one piece at a time instead of carrying the whole uncertainty at once There’s no need to rush your response
"Right now, i’m panicking a little lately.",fear,"That sounds intense. Try grounding yourself in what you can see, hear, and feel right now, one detail at a time"
I guess why does this keep happening more than usual.,anger,Repeated problems can wear down your patience. It’s understandable to feel angry when the same issue keeps returning There’s no need to rush your response
"For some reason, this is seriously frustrating more than usual.",anger,I can understand why that would feel frustrating. A little space before responding may help you regain control
"Honestly, i’m disgusted by what happened.",disgust,Your reaction sounds strong and understandable given what you encountered. Creating some distance may help
"For some reason, today was pretty normal.",neutral,"Sometimes a normal day is simply a normal day. What stood out, if anything?"
I guess things are finally going my way today.,joy,It’s great to hear that things are clicking into place. Take a moment to appreciate the progress There’s no need to rush your response
So frustrated at the moment.,anger,I can understand why that would feel frustrating. A little space before responding may help you regain control
"Lately, this came out of nowhere today.",surprise,Sudden changes can be startling. A little pause can help you figure out how you feel about it You can take it one moment at a time
"Honestly, that is just gross today.",disgust,I hear how strongly you dislike it. Sometimes the best response is simply to remove yourself from the unpleasant situation
"Lately, i’m disgusted by what happened.",disgust,Your reaction sounds strong and understandable given what you encountered. Creating some distance may help You can take it one moment at a time
I guess that was completely unexpected more than usual.,surprise,Sounds like the situation changed quickly. Take some time to process what happened There’s no need to rush your response
"Right now, just thinking things over at the moment.",neutral,Taking time to think can be useful. What’s been occupying your thoughts?
"For some reason, i’m disappointed and sad.",sadness,That combination can weigh heavily. It’s okay to recognize both the disappointment and the sadness
"For some reason, what if everything goes wrong at the moment.",fear,That kind of what-if thinking can feel overwhelming. Gently return to what you know right now rather than every possible outcome
"For some reason, this makes me furious.",anger,I hear how strong the anger is. You can validate that feeling while still choosing a response you’ll feel good about later
I guess i’m annoyed beyond words.,anger,That sounds like a lot of irritation building up. A short break may help you sort out what specifically crossed the line There’s no need to rush your response
I guess i’m scared about tomorrow tonight.,fear,"Uncertainty can make tomorrow feel much bigger than it is. For now, focus on what you can handle today There’s no need to rush your response"
"Lately, i feel really anxious about this after everything that happened.",fear,"It sounds like this situation has your mind on high alert. Try narrowing your attention to the next small, manageable step You can take it one moment at a time"
I’m excited about what’s next more than usual.,joy,That excitement can be a great source of energy. Let it carry you forward one step at a time
"For some reason, they completely ignored me honestly.",anger,"Being ignored can feel deeply disrespectful. Your frustration makes sense, and you can decide how you want to address it calmly"
That is just gross today.,disgust,I hear how strongly you dislike it. Sometimes the best response is simply to remove yourself from the unpleasant situation
I guess today feels special for some reason.,joy,There’s something refreshing about a day that feels special. Enjoy it at your own pace There’s no need to rush your response
"I guess well, that’s new for some reason.",surprise,Something clearly caught you off guard. It’s okay to simply observe your reaction for a moment There’s no need to rush your response
"Right now, i have a bad feeling more than usual.",fear,That uneasy feeling can be unsettling. Take a slow breath and give yourself a moment to separate the feeling from the facts you know
"For some reason, i hate seeing things like that lately.",disgust,It makes sense that something so unpleasant would bother you. You can choose some distance from it when possible
I can’t believe they did that more than usual.,anger,It sounds like their action really crossed a boundary for you. Taking a breath before reacting could give you more options
"Right now, that was absolutely revolting this morning.",disgust,That sounds deeply unpleasant. You don’t have to stay around something that makes you feel that uncomfortable
I guess i’m fed up with this for some reason.,anger,It sounds like you’ve reached your limit. You deserve a moment to step back and breathe before deciding what to do next There’s no need to rush your response
I don’t really know what to say more than usual.,neutral,"That’s completely fine. You can start with whatever feels easiest, even if it’s just one sentence"
I guess i’m annoyed beyond words honestly.,anger,That sounds like a lot of irritation building up. A short break may help you sort out what specifically crossed the line There’s no need to rush your response
"Honestly, i just want to cry this morning.",sadness,Sometimes tears are simply a way of letting emotion out. You can give yourself a quiet moment
"Honestly, they completely ignored me tonight.",anger,"Being ignored can feel deeply disrespectful. Your frustration makes sense, and you can decide how you want to address it calmly"
I guess i feel lonely even around people honestly.,sadness,Feeling alone while surrounded by others can be especially painful. It may help to name what kind of connection you’re missing There’s no need to rush your response
So frustrated at the moment.,anger,"Being ignored can feel deeply disrespectful. Your frustration makes sense, and you can decide how you want to address it calmly There’s no need to rush your response"
"Honestly, well, that’s new tonight.",surprise,Something clearly caught you off guard. It’s okay to simply observe your reaction for a moment
"Lately, i’m scared about tomorrow for some reason.",fear,"Uncertainty can make tomorrow feel much bigger than it is. For now, focus on what you can handle today You can take it one moment at a time"
"Right now, that was completely unexpected after everything that happened.",surprise,Sounds like the situation changed quickly. Take some time to process what happened
I wanted to talk for a bit lately.,neutral,Of course. We can take the conversation wherever you’d like
I guess that behavior is so disturbing tonight.,disgust,It sounds like what you saw really unsettled you. You’re allowed to recognize that it crossed your personal boundaries There’s no need to rush your response
What a good day.,joy,That smile says a lot. I hope you get to soak up this good feeling
"For some reason, i’m scared about tomorrow at the moment.",fear,"Uncertainty can make tomorrow feel much bigger than it is. For now, focus on what you can handle today"
"Right now, honestly, I feel fantastic more than usual.",joy,I’m glad you’re having such a positive moment. Let yourself enjoy it without overthinking it
"Right now, i’m deeply uncomfortable with this tonight.",disgust,"Your discomfort matters. You can pause, create some distance, and decide what boundary feels right"
I’m tired of being treated this way.,anger,Being treated unfairly can build a lot of anger. It may help to separate what happened from what you want to happen next
What a good day this morning.,joy,That smile says a lot. I hope you get to soak up this good feeling
I’m genuinely thrilled for some reason.,joy,Wonderful news can brighten everything. What part of it feels best to you?
"Right now, well, that’s new honestly.",surprise,Something clearly caught you off guard. It’s okay to simply observe your reaction for a moment
"For some reason, things are finally going my way!",joy,It’s great to hear that things are clicking into place. Take a moment to appreciate the progress
Everything feels a little empty this morning.,sadness,That emptiness can be difficult to sit with. Be gentle with yourself while you move through it
"For some reason, i’m panicking a little today.",fear,"That sounds intense. Try grounding yourself in what you can see, hear, and feel right now, one detail at a time"
"Honestly, i never imagined this would happen at the moment.",surprise,That kind of unexpected turn can leave you searching for words. Give yourself space to take it in
I guess that behavior is so disturbing for some reason.,disgust,It sounds like what you saw really unsettled you. You’re allowed to recognize that it crossed your personal boundaries There’s no need to rush your response
"Honestly, i’m deeply uncomfortable with this lately.",disgust,"Your discomfort matters. You can pause, create some distance, and decide what boundary feels right"
I guess what if everything goes wrong for some reason.,fear,That kind of what-if thinking can feel overwhelming. Gently return to what you know right now rather than every possible outcome There’s no need to rush your response
That’s gross for some reason.,disgust,It sounds like what you saw really unsettled you. You’re allowed to recognize that it crossed your personal boundaries You can take it one moment at a time
I guess i can’t stand the smell for some reason.,disgust,"Strong unpleasant smells can be overwhelming. If you can, move somewhere with fresher air and give yourself a reset There’s no need to rush your response"
Absolutely unpleasant at the moment.,disgust,Your reaction sounds strong and understandable given what you encountered. Creating some distance may help
"For some reason, i’m trying to understand myself better.",neutral,That sounds like a worthwhile goal. We can look at what you’ve been noticing without rushing to conclusions
"Right now, i’m nervous about meeting them after everything that happened.",fear,It’s understandable to feel nervous before an important interaction. You can prepare for what you can control and let the rest unfold
"Honestly, i never imagined this would happen today.",surprise,That kind of unexpected turn can leave you searching for words. Give yourself space to take it in
"Lately, i can’t stand the smell more than usual.",disgust,"Strong unpleasant smells can be overwhelming. If you can, move somewhere with fresher air and give yourself a reset You can take it one moment at a time"
I guess my mind won’t stop worrying.,fear,"When worries keep looping, it can help to pause and notice what is actually happening in the present moment There’s no need to rush your response"
"Right now, i’m scared about tomorrow after everything that happened.",fear,"Uncertainty can make tomorrow feel much bigger than it is. For now, focus on what you can handle today"
"For some reason, seriously? I’m stunned honestly.",surprise,You sound genuinely surprised. Take a breath and give yourself time to process the new information
"Honestly, i did not see that coming lately.",surprise,Unexpected moments can take a second to process. What part surprised you most?
"Honestly, i don’t really know what to say honestly.",neutral,"That’s completely fine. You can start with whatever feels easiest, even if it’s just one sentence"
"Honestly, i just want to cry for some reason.",sadness,Sometimes tears are simply a way of letting emotion out. You can give yourself a quiet moment
"Right now, can we talk about my day lately.",neutral,Absolutely. Tell me whatever part of your day you want to share
So happy right now this morning.,joy,It’s great to hear that things are clicking into place. Take a moment to appreciate the progress
I guess nothing much is happening today tonight.,neutral,Sounds like a fairly ordinary day. Is there anything on your mind? There’s no need to rush your response
"Honestly, can we talk about my day today.",neutral,Absolutely. Tell me whatever part of your day you want to share
"Lately, this came out of nowhere more than usual.",surprise,Sudden changes can be startling. A little pause can help you figure out how you feel about it You can take it one moment at a time
This feels frightening more than usual.,fear,That kind of what-if thinking can feel overwhelming. Gently return to what you know right now rather than every possible outcome
"Right now, i’m trying to understand myself better tonight.",neutral,That sounds like a worthwhile goal. We can look at what you’ve been noticing without rushing to conclusions
"Right now, i’m afraid I’ll mess this up more than usual.",fear,Fear of making mistakes can put a lot of pressure on you. Remember that one imperfect moment does not define the whole experience
"For some reason, i want to yell at the moment.",anger,That urge can be intense. Giving yourself a pause can create room to express what’s wrong without escalating things
"Lately, i can't stop smiling tonight.",joy,That smile says a lot. I hope you get to soak up this good feeling You can take it one moment at a time
